date_scraped,state,metro,regular_current,mid_grade_current,premium_current,diesel_current,regular_yesterday,mid_grade_yesterday,premium_yesterday,diesel_yesterday,regular_week_ago,mid_grade_week_ago,premium_week_ago,diesel_week_ago,regular_month_ago,mid_grade_month_ago,premium_month_ago,diesel_month_ago,regular_year_ago,mid_grade_year_ago,premium_year_ago,diesel_year_ago
2026-06-12,AL,Birmingham,3.76,4.26,4.66,4.91,3.78,4.28,4.66,4.94,3.87,4.37,4.76,5.03,4.06,4.52,4.91,5.23,2.73,3.22,3.63,3.31
2026-06-12,AL,Huntsville,3.72,4.22,4.54,4.96,3.73,4.22,4.54,4.97,3.84,4.34,4.67,5.08,4.08,4.52,4.87,5.26,2.69,3.15,3.48,3.25
2026-06-12,AL,Mobile,3.6,4.09,4.48,4.76,3.63,4.11,4.5,4.81,3.76,4.25,4.63,4.9,4.02,4.47,4.82,5.15,2.75,3.22,3.58,3.23
2026-06-12,AL,Montgomery,3.73,4.22,4.63,4.78,3.73,4.24,4.64,4.79,3.84,4.31,4.75,4.88,4.06,4.52,4.94,5.16,2.78,3.23,3.64,3.23
2026-06-12,AL,Tuscaloosa,3.67,4.1,4.52,4.89,3.69,4.12,4.52,4.89,3.81,4.28,4.68,4.96,4.03,4.43,4.87,5.2,2.69,3.14,3.54,3.29
2026-06-12,AL,Anniston-Oxford,3.7,4.18,4.53,4.78,3.71,4.15,4.52,4.81,3.82,4.28,4.67,4.84,3.96,4.39,4.82,5.18,2.71,3.16,3.54,3.22
2026-06-12,AL,Auburn,3.67,4.04,4.46,4.72,3.69,4.07,4.48,4.72,3.82,4.21,4.67,4.81,4.04,4.43,4.87,5.06,2.75,3.2,3.54,3.21
2026-06-12,AL,Daphne-Fairhope-Foley,3.57,4.04,4.44,4.78,3.59,4.08,4.47,4.79,3.71,4.19,4.59,4.89,4.04,4.51,4.92,5.15,2.76,3.2,3.6,3.22
2026-06-12,AL,Decatur,3.64,4.09,4.44,4.83,3.68,4.15,4.49,4.82,3.76,4.22,4.58,4.91,4.02,4.41,4.81,5.22,2.65,3.08,3.48,3.2
2026-06-12,AL,Dothan,3.71,4.1,4.51,4.94,3.74,4.12,4.49,4.97,3.84,4.21,4.67,5.04,4.12,4.49,4.87,5.34,2.78,3.13,3.56,3.41
2026-06-12,AL,Florence-Muscle Shoals,3.65,4.08,4.47,4.9,3.66,4.08,4.49,4.9,3.8,4.26,4.65,4.95,4.08,4.57,4.94,5.13,2.71,3.15,3.53,3.2
2026-06-12,AL,Gadsden,3.63,4.14,4.55,4.8,3.65,4.14,4.54,4.84,3.77,4.19,4.64,4.91,3.98,4.44,4.85,5.21,2.61,3.05,3.47,3.12
2026-06-12,AL,Russell County,3.78,4.25,4.74,4.89,3.79,4.22,4.72,4.92,3.93,4.48,4.91,5,4.11,4.58,5.06,5.33,2.79,3.24,3.62,3.34
2026-06-12,AK,Juneau,4.86,4.94,5.04,5.96,4.88,4.89,5.01,5.97,4.91,4.96,5.1,6.01,4.89,4.97,5.12,6,3.71,3.71,3.81,3.93
2026-06-12,AK,Fairbanks,5.01,5.34,5.56,5.52,5.05,5.35,5.57,5.57,5.2,5.47,5.68,5.64,5.29,5.6,5.7,5.85,3.65,3.93,4.05,3.73
2026-06-12,AK,Anchorage,5.11,5.42,5.66,5.72,5.12,5.42,5.65,5.74,5.17,5.46,5.72,5.75,5.23,5.53,5.78,5.92,3.55,3.83,4.03,3.62
2026-06-12,AZ,Flagstaff,4.7,5.03,5.34,5.76,4.73,5.04,5.32,5.77,4.76,5.05,5.44,5.88,4.8,5.08,5.41,5.87,3.18,3.44,3.79,3.35
2026-06-12,AZ,Phoenix-Mesa,4.42,4.83,5.14,5.48,4.44,4.84,5.16,5.49,4.57,4.98,5.3,5.63,4.87,5.27,5.59,5.68,3.42,3.78,4.09,3.42
2026-06-12,AZ,Pima County,4.36,4.74,5.05,5.58,4.38,4.77,5.06,5.59,4.49,4.86,5.16,5.66,4.69,5.06,5.37,5.7,2.96,3.31,3.61,3.28
2026-06-12,AZ,Yuma,4.56,4.84,5.13,5.71,4.56,4.85,5.16,5.76,4.72,4.98,5.29,5.85,4.81,5.09,5.4,5.99,2.89,3.27,3.58,3.38
2026-06-12,AZ,Phoenix Proper,4.41,4.83,5.14,5.48,4.44,4.84,5.16,5.5,4.57,4.99,5.3,5.65,4.87,5.26,5.58,5.66,3.41,3.75,4.06,3.37
2026-06-12,AZ,East Valley,4.42,4.82,5.12,5.44,4.44,4.83,5.14,5.45,4.57,4.98,5.3,5.6,4.89,5.3,5.6,5.63,3.48,3.83,4.15,3.4
2026-06-12,AZ,West Valley,4.39,4.79,5.13,5.48,4.4,4.79,5.11,5.51,4.55,4.98,5.28,5.63,4.85,5.26,5.58,5.71,3.42,3.77,4.08,3.41
2026-06-12,AZ,Scottsdale,4.58,4.96,5.29,5.67,4.6,4.98,5.3,5.67,4.72,5.11,5.43,5.79,4.97,5.34,5.67,5.82,3.55,3.89,4.2,3.64
2026-06-12,AZ,Tucson,4.36,4.75,5.06,5.58,4.39,4.78,5.07,5.59,4.5,4.88,5.18,5.67,4.69,5.05,5.37,5.7,2.96,3.3,3.61,3.28
2026-06-12,AZ,Glendale,4.4,4.8,5.14,5.45,4.42,4.8,5.12,5.49,4.55,4.97,5.3,5.61,4.86,5.28,5.6,5.67,3.44,3.79,4.1,3.4
2026-06-12,AZ,Peoria,4.42,4.84,5.17,5.52,4.42,4.81,5.19,5.54,4.58,5.03,5.34,5.68,4.88,5.28,5.64,5.78,3.43,3.8,4.17,3.47
2026-06-12,AZ,Prescott,4.72,5.06,5.38,5.81,4.74,5.08,5.43,5.84,4.79,5.11,5.47,5.91,4.77,5.04,5.38,5.89,3.17,3.43,3.77,3.52
2026-06-12,AZ,Lake Havasu-Kingman,4.57,4.81,5.16,5.73,4.58,4.92,5.22,5.76,4.72,4.96,5.38,5.88,4.84,5.13,5.44,5.96,3.14,3.38,3.67,3.55
2026-06-12,AZ,Sierra Vista-Douglas,4.54,4.82,5.14,5.51,4.55,4.85,5.15,5.54,4.59,4.89,5.19,5.65,4.66,4.98,5.3,5.74,2.96,3.22,3.52,3.33
2026-06-12,AR,Fayetteville-Springdale-Rogers,3.66,4.11,4.39,4.72,3.67,4.14,4.39,4.73,3.78,4.2,4.48,4.84,4.02,4.4,4.73,5.15,2.82,3.24,3.52,3.13
2026-06-12,AR,Little Rock-North Little Rock,3.7,4.21,4.58,4.71,3.72,4.23,4.62,4.72,3.82,4.35,4.71,4.83,4,4.48,4.85,5.17,2.76,3.2,3.6,3.11
2026-06-12,AR,Pine Bluff,3.74,4.19,4.58,4.68,3.72,4.16,4.62,4.7,3.83,4.33,4.78,4.84,4.02,4.51,4.87,5.18,2.7,3.3,3.6,3.17
2026-06-12,AR,Fort Smith (AR only),3.71,4.17,4.52,4.73,3.71,4.18,4.54,4.76,3.82,4.3,4.68,4.9,3.96,4.34,4.75,5.16,2.77,3.17,3.56,3.1
2026-06-12,AR,Texarkana (AR only),3.71,4.31,4.54,4.7,3.74,4.34,4.56,4.74,3.92,4.41,4.67,4.77,4.15,4.63,4.9,5.1,2.78,3.22,3.61,3.19
2026-06-12,AR,Hot Springs,3.65,4.23,4.68,4.77,3.68,4.22,4.69,4.83,3.8,4.35,4.76,4.91,4,4.54,4.92,5.2,2.75,3.27,3.62,3.2
2026-06-12,AR,Jonesboro,3.59,3.96,4.38,4.74,3.61,3.95,4.42,4.77,3.71,4.12,4.61,4.89,3.94,4.31,4.75,5.21,2.69,3.07,3.57,3.21
2026-06-12,AR,West Memphis,3.7,4.05,4.65,4.87,3.69,4.15,4.68,4.9,3.82,4.25,4.78,5,4.05,4.48,5.06,5.27,2.73,3.12,3.65,3.23
2026-06-12,CA,Bakersfield,5.91,6.18,6.37,7.12,5.92,6.19,6.36,7.15,6,6.22,6.42,7.28,6.06,6.27,6.47,7.4,4.62,4.83,5.06,4.97
2026-06-12,CA,Chico-Paradise,5.74,5.94,6.13,6.94,5.76,5.99,6.18,6.91,5.84,6.02,6.26,7.04,5.9,6.05,6.24,7.27,4.64,4.86,5.02,5.01
2026-06-12,CA,Fresno,5.75,5.99,6.21,7.15,5.78,6.03,6.25,7.17,5.93,6.18,6.38,7.36,6.08,6.3,6.52,7.55,4.71,4.95,5.14,5.18
2026-06-12,CA,Los Angeles-Long Beach,5.81,6.04,6.2,7.17,5.83,6.06,6.23,7.18,5.96,6.2,6.36,7.33,6.23,6.45,6.62,7.49,4.66,4.88,5.04,4.96
2026-06-12,CA,Merced,5.92,6.22,6.48,7.45,5.94,6.26,6.5,7.48,6.02,6.35,6.55,7.58,6.05,6.35,6.57,7.64,4.55,4.84,5.06,5.12
2026-06-12,CA,Modesto,5.75,6.02,6.23,7.1,5.75,6,6.24,7.15,5.87,6.15,6.37,7.35,5.98,6.26,6.5,7.57,4.43,4.7,4.93,5.22
2026-06-12,CA,Oakland,5.86,6.12,6.3,7.14,5.88,6.15,6.33,7.16,6.05,6.31,6.49,7.34,6.21,6.46,6.66,7.62,4.79,5.04,5.22,5.29
2026-06-12,CA,Orange County,5.67,5.91,6.07,6.93,5.7,5.94,6.09,6.94,5.85,6.09,6.24,7.09,6.19,6.42,6.58,7.23,4.57,4.8,4.94,4.79
2026-06-12,CA,Redding,5.67,5.86,6.03,6.91,5.69,5.87,6.06,6.96,5.83,6.09,6.18,7.17,5.92,6.08,6.24,7.33,4.49,4.69,4.83,4.98
2026-06-12,CA,Riverside,5.64,5.88,6.06,6.98,5.67,5.91,6.08,7,5.81,6.06,6.22,7.14,6.08,6.32,6.49,7.3,4.47,4.73,4.89,4.81
2026-06-12,CA,Sacramento,5.8,6.08,6.28,7.12,5.82,6.1,6.3,7.16,5.97,6.23,6.43,7.31,6.11,6.34,6.56,7.49,4.66,4.92,5.13,5.23
2026-06-12,CA,Salinas,5.92,6.14,6.3,7.14,5.94,6.11,6.32,7.16,6.11,6.3,6.51,7.4,6.28,6.46,6.67,7.68,4.93,5.09,5.33,5.49
2026-06-12,CA,San Diego,5.8,6.04,6.21,6.98,5.83,6.05,6.24,7.02,5.95,6.18,6.36,7.11,6.19,6.42,6.61,7.3,4.66,4.87,5.05,4.82
2026-06-12,CA,San Francisco,5.93,6.14,6.35,7.1,5.94,6.15,6.38,7.11,6.11,6.36,6.53,7.35,6.33,6.54,6.74,7.75,4.89,5.12,5.27,5.44
2026-06-12,CA,San Jose,5.8,6.04,6.22,7.06,5.82,6.07,6.24,7.1,5.98,6.22,6.41,7.29,6.14,6.38,6.56,7.56,4.75,4.97,5.13,5.26
2026-06-12,CA,San Luis Obispo-Atascadero-Paso Robles,5.98,6.22,6.38,7.25,6.01,6.23,6.4,7.28,6.14,6.35,6.5,7.44,6.29,6.44,6.69,7.65,4.91,5.13,5.31,5.35
2026-06-12,CA,Santa Barbara-Santa Maria-Lompoc,5.8,6.04,6.23,7.15,5.84,6.04,6.23,7.17,5.92,6.13,6.3,7.27,6.1,6.29,6.49,7.36,4.6,4.76,4.94,4.88
2026-06-12,CA,Santa Cruz-Watsonville,5.99,6.22,6.42,7.18,6,6.23,6.44,7.2,6.13,6.43,6.62,7.35,6.26,6.55,6.77,7.54,4.92,5.19,5.36,5.33
2026-06-12,CA,Santa Rosa,5.91,6.14,6.34,7.05,5.93,6.16,6.34,7.09,6.12,6.36,6.53,7.35,6.28,6.52,6.71,7.67,4.92,5.13,5.34,5.4
2026-06-12,CA,Stockton-Lodi,5.65,5.94,6.13,6.99,5.69,5.97,6.16,7.01,5.85,6.11,6.32,7.17,6,6.3,6.49,7.47,4.56,4.83,5,5.18
2026-06-12,CA,Vallejo-Fairfield,5.78,6.05,6.22,7.04,5.79,6.04,6.23,7.1,5.94,6.22,6.4,7.28,6.1,6.36,6.57,7.52,4.72,5,5.18,5.26
2026-06-12,CA,Ventura,5.71,5.96,6.11,7.1,5.73,5.99,6.14,7.09,5.88,6.12,6.29,7.22,6.12,6.36,6.53,7.38,4.69,4.9,5.07,5.03
2026-06-12,CA,Visalia-Tulare-Porterville,5.74,6.01,6.24,7.11,5.76,6.04,6.22,7.09,5.88,6.2,6.4,7.23,6.05,6.29,6.5,7.5,4.68,4.94,5.16,5.1
2026-06-12,CA,Yolo,5.79,6.06,6.3,6.98,5.81,6.14,6.34,7.04,5.94,6.24,6.45,7.24,6.02,6.32,6.49,7.36,4.63,4.83,4.99,5.11
2026-06-12,CA,Yuba City,5.6,5.84,6.07,6.93,5.61,5.92,6.15,6.99,5.75,6.02,6.21,7.09,5.85,6.03,6.29,7.28,4.48,4.78,4.95,5.02
2026-06-12,CA,El Centro,5.58,5.76,5.96,6.97,5.58,5.78,5.96,7,5.72,5.97,6.11,7.13,5.82,5.99,6.22,7.23,4.32,4.49,4.68,4.8
2026-06-12,CA,Hanford-Corcoran,5.64,5.96,6.14,6.99,5.68,5.99,6.19,7.07,5.86,6.1,6.27,7.17,5.98,6.25,6.48,7.32,4.48,4.76,4.88,5.04
2026-06-12,CA,Madera-Chowchilla,5.91,6.21,6.42,7.16,5.93,6.16,6.42,7.19,6.04,6.36,6.58,7.38,6.14,6.4,6.63,7.58,4.75,4.96,5.27,5.14
2026-06-12,CA,Napa,5.86,6.12,6.29,6.93,5.9,6.12,6.3,7,6.16,6.33,6.54,7.15,6.39,6.6,6.76,7.45,5.03,5.18,5.38,5.34
2026-06-12,CA,San Bernardino,5.67,5.88,6.06,6.94,5.69,5.91,6.1,6.97,5.84,6.08,6.25,7.11,6.13,6.34,6.53,7.33,4.5,4.72,4.88,4.85
2026-06-12,CA,San Rafael,5.84,6.1,6.28,6.88,5.85,6.1,6.3,6.92,6.08,6.33,6.5,7.15,6.31,6.58,6.75,7.68,4.78,5.01,5.19,5.44
2026-06-12,CO,Boulder-Longmont,4.14,4.58,4.94,5.1,4.17,4.61,4.97,5.11,4.27,4.71,5.07,5.17,4.47,4.96,5.26,5.5,3.11,3.56,3.9,3.44
2026-06-12,CO,Colorado Springs,4.04,4.46,4.77,4.77,4.12,4.54,4.86,4.83,4.17,4.6,4.94,4.98,4.32,4.73,5.06,5.38,3.07,3.47,3.81,3.27
2026-06-12,CO,Denver,4.07,4.52,4.84,4.8,4.11,4.55,4.88,4.84,4.17,4.62,4.94,5.01,4.37,4.82,5.14,5.43,3.1,3.52,3.83,3.31
2026-06-12,CO,Fort Collins-Loveland,4.17,4.56,4.87,4.88,4.21,4.58,4.91,4.92,4.38,4.78,5.1,5.09,4.36,4.76,5.09,5.36,3.09,3.47,3.8,3.26
2026-06-12,CO,Pueblo,4.06,4.42,4.78,4.79,4.14,4.54,4.86,4.86,4.22,4.55,4.89,5.03,4.34,4.73,5.1,5.41,2.97,3.37,3.74,3.2
2026-06-12,CO,Grand Junction (CO only),4.34,4.65,5,5.29,4.36,4.69,5.07,5.31,4.49,4.79,5.17,5.45,4.53,4.84,5.2,5.67,3.17,3.49,3.83,3.45
2026-06-12,CO,Durango,4.69,4.98,5.26,5.43,4.69,4.99,5.26,5.45,4.69,5,5.28,5.56,4.42,4.68,4.92,5.65,3.21,3.48,3.8,3.42
2026-06-12,CO,Glenwood Springs,4.81,5.41,5.59,5.71,4.81,5.43,5.66,5.78,4.83,5.41,5.58,5.78,4.72,5.32,5.33,5.72,3.5,4.06,4.1,3.7
2026-06-12,CO,Greeley,4.01,4.39,4.72,4.66,4.06,4.42,4.73,4.69,4.05,4.46,4.76,4.83,4.31,4.72,5.03,5.37,3,3.4,3.71,3.2
2026-06-12,CO,Vail,4.62,4.99,5.31,5.76,4.64,4.97,5.3,5.76,4.69,5.02,5.3,5.79,4.74,5.08,5.18,5.72,3.54,3.88,4.11,3.62
2026-06-12,CT,Bridgeport,4.39,5,5.41,5.68,4.42,5.03,5.43,5.69,4.53,5.14,5.54,5.76,4.67,5.24,5.66,5.87,3.15,3.79,4.13,3.79
2026-06-12,CT,Hartford,4.22,4.84,5.24,5.53,4.24,4.85,5.28,5.54,4.38,4.96,5.37,5.63,4.6,5.09,5.51,5.83,3.06,3.7,4.03,3.72
2026-06-12,CT,New Haven-Meriden,4.26,4.81,5.18,5.54,4.28,4.84,5.21,5.55,4.4,4.95,5.29,5.63,4.59,5.06,5.42,5.81,3.05,3.65,3.97,3.71
2026-06-12,CT,New London-Norwich (CT only),4.17,4.77,5.17,5.48,4.21,4.79,5.19,5.5,4.38,4.93,5.31,5.64,4.59,5.04,5.47,5.81,3.07,3.59,3.94,3.6
2026-06-12,CT,Windham,4.29,4.72,5.15,5.54,4.32,4.78,5.17,5.52,4.42,4.96,5.3,5.68,4.63,5.06,5.47,5.85,3.11,3.61,3.96,3.66
2026-06-12,CT,Lower Fairfield County,4.38,4.98,5.35,5.64,4.4,5,5.36,5.66,4.52,5.13,5.49,5.72,4.68,5.25,5.65,5.86,3.12,3.78,4.1,3.78
2026-06-12,DE,Dover,3.88,4.43,4.75,4.99,3.89,4.43,4.75,5.04,3.99,4.57,4.87,5.11,4.37,4.92,5.19,5.56,2.97,3.46,3.79,3.54
2026-06-12,DE,Wilmington-Newark (DE only),3.84,4.53,4.8,4.97,3.87,4.56,4.84,5,3.97,4.68,4.94,5.1,4.31,4.94,5.18,5.5,2.96,3.58,3.82,3.45
2026-06-12,DE,Milford-Seaford,3.89,4.35,4.71,4.99,3.9,4.36,4.72,5.01,4.01,4.49,4.84,5.09,4.37,4.8,5.12,5.55,2.97,3.4,3.75,3.49
2026-06-12,DC,Washington (DC only),4.39,4.98,5.41,5.69,4.4,5.01,5.41,5.71,4.5,5.12,5.49,5.85,4.63,5.21,5.62,5.96,3.18,3.76,4.18,3.73
2026-06-12,DC,Washington (Entire Metro Average),3.98,4.56,4.91,5.15,4,4.57,4.91,5.17,4.13,4.7,5.04,5.27,4.41,4.94,5.3,5.7,3.12,3.66,4,3.64
2026-06-12,FL,Daytona Beach,3.91,4.38,4.74,4.95,3.94,4.42,4.78,4.98,3.89,4.34,4.72,4.97,4.39,4.84,5.21,5.25,2.97,3.37,3.71,3.35
2026-06-12,FL,Fort Lauderdale,3.96,4.45,4.78,5.03,3.99,4.48,4.8,5.04,4.01,4.5,4.8,5.04,4.4,4.86,5.17,5.38,3,3.5,3.77,3.34
2026-06-12,FL,Fort Myers-Cape Coral,3.88,4.37,4.69,4.9,3.92,4.42,4.71,4.95,3.85,4.33,4.62,4.88,4.34,4.81,5.11,5.3,3,3.46,3.75,3.32
2026-06-12,FL,Gainesville,3.95,4.43,4.85,5.09,3.99,4.49,4.88,5.09,4.01,4.52,4.86,5.1,4.46,4.94,5.32,5.39,3.04,3.48,3.89,3.45
2026-06-12,FL,Jacksonville,3.89,4.38,4.74,4.98,3.94,4.41,4.77,5,3.85,4.33,4.7,5.01,4.35,4.79,5.16,5.25,2.94,3.38,3.75,3.32
2026-06-12,FL,Miami,3.96,4.41,4.67,5,3.98,4.42,4.69,5.02,4.02,4.45,4.7,5.05,4.35,4.76,5.02,5.35,2.95,3.41,3.65,3.31
2026-06-12,FL,Orlando,3.87,4.32,4.65,4.92,3.93,4.38,4.7,4.96,3.77,4.19,4.52,4.92,4.35,4.77,5.08,5.13,2.97,3.39,3.7,3.32
2026-06-12,FL,Pensacola,3.54,4.07,4.44,4.75,3.55,4.05,4.44,4.76,3.67,4.16,4.56,4.8,4.08,4.55,4.94,5.17,2.86,3.31,3.7,3.27
2026-06-12,FL,Tallahassee,3.9,4.4,4.77,4.96,3.92,4.42,4.79,4.98,4.06,4.55,4.93,5.13,4.35,4.81,5.16,5.33,2.9,3.33,3.74,3.44
2026-06-12,FL,Tampa-St. Petersburg-Clearwater,3.88,4.36,4.7,4.93,3.94,4.42,4.75,4.97,3.8,4.28,4.61,4.93,4.38,4.85,5.18,5.21,3.02,3.47,3.8,3.35
2026-06-12,FL,West Palm Beach-Boca Raton,4.11,4.59,4.96,5.09,4.12,4.61,4.97,5.11,4.1,4.57,4.9,5.16,4.52,4.97,5.32,5.43,3.16,3.63,3.94,3.45
2026-06-12,FL,Bradenton-Sarasota-Venice,3.88,4.35,4.7,4.92,3.92,4.42,4.73,4.95,3.79,4.26,4.6,4.94,4.32,4.8,5.12,5.21,2.95,3.41,3.71,3.34
2026-06-12,FL,Crestview-Fort Walton Beach,3.66,4.12,4.55,4.81,3.68,4.15,4.56,4.82,3.82,4.27,4.73,4.9,4.13,4.56,4.96,5.24,2.76,3.18,3.57,3.23
2026-06-12,FL,Homosassa Springs,3.93,4.37,4.72,4.97,3.98,4.4,4.78,4.98,3.87,4.32,4.69,4.98,4.37,4.78,5.14,5.31,3,3.42,3.77,3.37
2026-06-12,FL,Lakeland-Winter Haven,3.89,4.33,4.68,4.93,3.93,4.38,4.74,4.97,3.86,4.31,4.67,4.94,4.4,4.81,5.18,5.27,3.01,3.41,3.75,3.37
2026-06-12,FL,Melbourne-Titusville,3.86,4.33,4.7,4.97,3.9,4.37,4.74,5.01,3.81,4.27,4.62,5.04,4.32,4.77,5.12,5.3,2.88,3.34,3.68,3.35
2026-06-12,FL,Naples,3.98,4.44,4.78,5.07,4,4.48,4.8,5.08,4.01,4.46,4.79,5.1,4.44,4.92,5.25,5.43,3.09,3.54,3.84,3.4
2026-06-12,FL,Ocala,3.9,4.35,4.7,5.02,3.96,4.4,4.75,5.05,3.83,4.22,4.61,4.95,4.33,4.76,5.13,5.29,3.05,3.45,3.78,3.36
2026-06-12,FL,Panama City,3.68,4.12,4.56,4.86,3.69,4.15,4.53,4.88,3.8,4.25,4.64,4.92,4.12,4.56,4.98,5.24,2.76,3.23,3.62,3.29
2026-06-12,FL,Port St. Lucie,3.91,4.36,4.76,4.98,3.93,4.42,4.78,5.02,3.9,4.38,4.7,5.08,4.36,4.77,5.14,5.37,2.98,3.42,3.77,3.37
2026-06-12,FL,Punta Gorda,3.88,4.42,4.76,4.92,3.91,4.46,4.77,4.94,3.84,4.32,4.71,4.97,4.31,4.8,5.12,5.27,2.93,3.43,3.69,3.32
2026-06-12,FL,Sebastian-Vero Beach,3.93,4.45,4.76,5.02,3.96,4.49,4.78,5.04,3.95,4.47,4.81,5.13,4.42,4.9,5.25,5.38,2.99,3.49,3.84,3.4
2026-06-12,FL,Sebring,3.92,4.33,4.72,4.9,3.95,4.37,4.77,4.95,3.9,4.34,4.65,4.99,4.34,4.74,5.07,5.27,3.04,3.5,3.77,3.36
2026-06-12,FL,The Villages,3.86,4.35,4.66,4.95,3.93,4.41,4.76,5.01,3.77,4.2,4.65,4.86,4.25,4.72,5.05,5.17,3.02,3.43,3.83,3.32
2026-06-12,GA,Atlanta,3.79,4.28,4.72,4.93,3.8,4.29,4.71,4.94,3.86,4.34,4.77,4.97,4.08,4.53,4.97,5.13,2.88,3.34,3.75,3.47
2026-06-12,GA,Macon,3.87,4.34,4.79,5.07,3.89,4.36,4.77,5.07,3.95,4.43,4.84,5.11,4.04,4.46,4.89,5.24,2.9,3.33,3.74,3.42
2026-06-12,GA,Savannah,3.89,4.32,4.74,5.03,3.91,4.32,4.77,5.03,3.98,4.43,4.81,5.12,4,4.37,4.82,5.1,2.97,3.41,3.8,3.43
2026-06-12,GA,Augusta-Aiken (GA only),3.74,4.21,4.62,4.88,3.77,4.22,4.66,4.88,3.89,4.37,4.78,4.97,3.84,4.31,4.73,5.1,2.81,3.29,3.71,3.32
2026-06-12,GA,Columbus (GA only),3.78,4.23,4.67,5,3.8,4.26,4.67,5.01,3.86,4.35,4.79,4.99,3.86,4.28,4.69,5.06,2.84,3.22,3.66,3.4
2026-06-12,GA,Albany,3.59,4.03,4.49,4.8,3.6,3.99,4.49,4.77,3.73,4.18,4.59,4.98,3.81,4.34,4.65,5.1,2.85,3.26,3.64,3.33
2026-06-12,GA,Athens,3.78,4.19,4.55,4.9,3.79,4.21,4.59,4.89,3.87,4.27,4.67,4.92,4.07,4.48,4.9,5.1,2.88,3.31,3.71,3.44
2026-06-12,GA,Valdosta,3.75,4.17,4.56,4.9,3.77,4.17,4.55,4.93,3.92,4.37,4.75,5.02,3.92,4.33,4.69,5.01,2.93,3.37,3.67,3.39
2026-06-12,GA,Brunswick,3.65,4.08,4.38,4.89,3.66,4.07,4.4,4.88,3.72,4.18,4.54,4.93,3.84,4.28,4.64,4.98,2.79,3.22,3.58,3.46
2026-06-12,GA,Catoosa-Dade-Walker,3.59,4.02,4.45,4.77,3.62,4.05,4.48,4.8,3.73,4.23,4.66,4.88,3.89,4.34,4.7,4.94,2.81,3.31,3.68,3.13
2026-06-12,GA,Dalton,3.67,4.08,4.53,4.82,3.69,4.17,4.52,4.8,3.8,4.24,4.69,4.86,3.95,4.41,4.81,5.09,2.8,3.3,3.67,3.22
2026-06-12,GA,Gainesville,3.69,4.16,4.56,4.83,3.7,4.15,4.57,4.85,3.77,4.18,4.65,4.86,4.07,4.5,4.92,5.08,2.85,3.3,3.72,3.37
2026-06-12,GA,Hinesville-Fort Stewart,3.8,4.08,4.42,5,3.83,4.27,4.56,5.06,3.98,4.41,4.77,5.1,3.81,4.14,4.58,4.96,2.83,3.16,3.57,3.4
2026-06-12,GA,Rome,3.7,4.16,4.6,4.87,3.72,4.16,4.6,4.89,3.82,4.27,4.78,4.96,3.93,4.39,4.81,5.09,2.81,3.33,3.73,3.32
2026-06-12,GA,Warner Robins,3.7,4.08,4.52,4.89,3.71,4.11,4.52,4.91,3.82,4.27,4.69,4.96,3.96,4.39,4.76,5.11,2.78,3.19,3.55,3.26
2026-06-12,HI,Hilo,5.64,6.01,6.2,7.17,5.64,6.01,6.18,7.09,5.67,6,6.22,7.04,5.67,5.9,6.21,6.98,4.64,4.88,5.12,5.23
2026-06-12,HI,Wailuku,5.62,5.65,5.8,7.32,5.66,5.57,5.88,7.45,5.66,5.76,6.05,7.48,5.6,5.93,5.97,7.42,4.41,4.72,4.72,5.31
2026-06-12,HI,Honolulu,5.54,5.83,6.09,6.94,5.54,5.83,6.1,6.96,5.57,5.85,6.11,6.96,5.61,5.91,6.16,6.97,4.38,4.66,4.9,5.2
2026-06-12,HI,Kahului,5.62,5.65,5.8,7.32,5.66,5.57,5.88,7.45,5.66,5.76,6.05,7.48,5.6,5.93,5.97,7.42,4.41,4.72,4.72,5.31
2026-06-12,HI,Lihue (Kauai),5.91,6.22,6.4,7.3,5.91,6.22,6.42,7.32,5.95,6.26,6.35,7.44,5.94,6.21,6.36,7.35,5.04,5.31,5.48,5.51
2026-06-12,ID,Coeur D'Alene,4.3,4.61,4.87,5.2,4.31,4.63,4.88,5.22,4.44,4.72,5.03,5.28,4.61,4.9,5.18,5.53,3.3,3.57,3.85,3.68
2026-06-12,ID,Boise City,4.38,4.62,4.9,5.2,4.4,4.64,4.91,5.26,4.48,4.73,5,5.33,4.59,4.8,5.07,5.51,3.21,3.44,3.67,3.46
2026-06-12,ID,Pocatello,4.54,4.87,5.13,5.24,4.54,4.85,5.14,5.28,4.61,4.94,5.21,5.47,4.56,4.9,5.12,5.56,3.3,3.64,3.86,3.4
2026-06-12,ID,Franklin,4.38,4.64,4.88,5.19,4.39,4.64,4.88,5.2,4.49,4.79,4.99,5.49,4.49,4.82,5.1,5.53,3.26,3.52,3.74,3.4
2026-06-12,ID,Idaho Falls,4.36,4.65,4.94,5.15,4.38,4.67,4.96,5.2,4.46,4.73,5,5.36,4.54,4.81,5.1,5.52,3.29,3.6,3.87,3.41
2026-06-12,ID,Lewiston,4.38,4.74,5.13,5.39,4.4,4.78,5.12,5.41,4.46,4.75,5.09,5.48,4.54,4.82,5.02,5.59,3.33,3.6,3.92,3.78
2026-06-12,ID,Twin Falls,4.57,4.86,5.18,5.29,4.6,4.87,5.2,5.3,4.66,4.98,5.24,5.5,4.59,4.9,5.19,5.56,3.33,3.61,3.9,3.52
2026-06-12,IL,Bloomington-Normal,4.32,4.89,5.28,5.39,4.34,4.91,5.31,5.46,4.51,5.05,5.45,5.62,4.84,5.42,5.8,6.09,3.15,3.71,4.11,3.38
2026-06-12,IL,Champaign-Urbana,4.31,4.94,5.26,5.18,4.37,4.97,5.28,5.23,4.54,5.11,5.44,5.54,4.91,5.5,5.83,6.05,3.2,3.77,4.09,3.37
2026-06-12,IL,Chicago Metro,4.46,5.07,5.61,5.69,4.48,5.1,5.63,5.71,4.7,5.3,5.83,5.87,5.07,5.62,6.15,6.17,3.65,4.21,4.71,3.61
2026-06-12,IL,Decatur,4.14,4.76,5.16,5.35,4.19,4.79,5.24,5.43,4.38,4.85,5.36,5.66,4.91,5.41,5.85,6.09,3.13,3.68,4.07,3.38
2026-06-12,IL,Peoria-Pekin,4.5,5.12,5.47,5.69,4.54,5.12,5.5,5.7,4.66,5.24,5.62,5.81,4.95,5.46,5.86,6.03,3.29,3.82,4.25,3.5
2026-06-12,IL,Rockford,4.31,4.92,5.38,5.45,4.33,4.95,5.42,5.47,4.53,5.13,5.6,5.64,4.91,5.44,5.92,5.98,3.23,3.78,4.27,3.43
2026-06-12,IL,Springfield,4.23,4.86,5.31,5.25,4.27,4.91,5.35,5.32,4.51,5.13,5.56,5.51,4.89,5.48,5.91,6.02,3.14,3.75,4.21,3.34
2026-06-12,IL,Davenport-Moline-Rock Island (IL only),4.58,5.08,5.56,5.55,4.58,5.07,5.54,5.57,4.66,5.12,5.59,5.66,4.84,5.29,5.72,5.85,3.3,3.76,4.23,3.57
2026-06-12,IL,East Saint Louis,4.55,5.06,5.44,5.61,4.56,5.07,5.45,5.62,4.66,5.19,5.56,5.74,4.9,5.41,5.76,6.02,3.31,3.8,4.15,3.56
2026-06-12,IL,Quincy,4.39,4.78,5.12,5.44,4.41,4.76,5.17,5.44,4.49,4.85,5.32,5.54,4.77,5.14,5.48,5.69,3.22,3.68,4.03,3.34
2026-06-12,IL,Danville,4.32,4.79,5.15,5.32,4.34,4.8,5.17,5.37,4.5,4.96,5.35,5.61,4.89,5.39,5.73,6.12,3.19,3.75,4.19,3.43
2026-06-12,IL,City of Chicago,4.92,5.6,6.13,6.19,4.93,5.64,6.14,6.21,5.08,5.72,6.23,6.28,5.37,5.95,6.48,6.37,3.82,4.4,4.91,4
2026-06-12,IL,Alexander County,4.8,0,0,6.2,4.8,0,0,0,4.9,0,0,0,4.9,0,0,6.2,3.5,0,0,0
2026-06-12,IL,Carbondale-Marion,4.57,5.04,5.47,5.47,4.57,5.09,5.52,5.49,4.68,5.16,5.58,5.62,4.95,5.42,5.84,6.02,3.25,3.74,4.14,3.61
2026-06-12,IL,Elgin,4.33,4.99,5.49,5.56,4.36,5.03,5.52,5.59,4.6,5.23,5.74,5.75,4.93,5.49,6,6.07,3.51,4.08,4.53,3.48
2026-06-12,IL,Kankakee-Bradley,4.32,4.9,5.31,5.58,4.35,4.93,5.32,5.62,4.57,5.14,5.56,5.77,4.92,5.51,5.93,6.15,3.21,3.79,4.19,3.4
2026-06-12,IL,Lake County,4.27,4.9,5.47,5.68,4.31,4.96,5.51,5.7,4.54,5.16,5.7,5.84,4.91,5.48,6.01,5.98,3.57,4.09,4.61,3.39
2026-06-12,IN,Bloomington,3.45,4.05,4.52,5.67,3.5,4.05,4.52,5.68,3.64,4.17,4.66,5.8,4.55,5.1,5.55,6.06,3.26,3.67,4.17,3.6
2026-06-12,IN,Fort Wayne,3.24,3.8,4.36,5.55,3.26,3.81,4.39,5.56,3.42,3.97,4.55,5.72,4.3,4.86,5.39,6.06,3.05,3.54,4.1,3.51
2026-06-12,IN,Gary,3.41,3.94,4.44,5.54,3.4,3.94,4.45,5.6,3.4,3.93,4.43,5.7,4.26,4.79,5.29,6,3.31,3.83,4.33,3.57
2026-06-12,IN,Indianapolis,3.26,3.9,4.42,5.62,3.3,3.94,4.46,5.65,3.46,4.1,4.62,5.8,4.33,4.94,5.44,6.02,3.15,3.7,4.22,3.5
2026-06-12,IN,South Bend,3.39,3.95,4.55,5.65,3.38,3.96,4.51,5.68,3.46,4.08,4.64,5.76,4.32,4.92,5.47,6.15,3.25,3.67,4.22,3.54
2026-06-12,IN,Terre Haute,3.34,3.82,4.3,5.38,3.36,3.81,4.32,5.39,3.49,3.97,4.39,5.53,4.26,4.71,5.17,5.94,3.13,3.6,4.04,3.58
2026-06-12,IN,Clarksville,3.42,3.92,4.41,5.36,3.46,3.95,4.44,5.4,3.6,4.07,4.56,5.52,4.04,4.5,4.97,5.82,2.99,3.48,3.94,3.56
2026-06-12,IN,Columbus,3.15,3.68,4.23,5.61,3.18,3.67,4.23,5.64,3.43,3.99,4.52,5.75,4.29,4.85,5.3,5.94,3.17,3.67,4.12,3.34
2026-06-12,IN,Dearborn-Franklin-Ohio-Union,3.7,4.19,4.71,5.77,3.71,4.2,4.74,5.76,3.79,4.4,4.87,5.8,4.47,5.02,5.5,6.03,3.06,3.54,4.08,3.56
2026-06-12,IN,Elkhart,3.36,3.97,4.51,5.48,3.37,3.99,4.53,5.52,3.51,4.13,4.65,5.68,4.34,4.93,5.41,6.06,3.21,3.67,4.19,3.47
2026-06-12,IN,Evansville,3.56,4.11,4.52,5.46,3.59,4.15,4.55,5.49,3.75,4.32,4.74,5.61,4.31,4.8,5.22,5.74,2.9,3.39,3.79,3.62
2026-06-12,IN,Kokomo,3.34,3.91,4.45,5.63,3.24,3.84,4.32,5.66,3.36,4.05,4.55,5.78,4.25,4.92,5.39,6,3.19,3.73,4.08,3.42
2026-06-12,IN,Lafayette,3.48,4.03,4.55,5.68,3.47,4.03,4.55,5.69,3.48,4.09,4.57,5.78,4.26,4.82,5.36,6.06,3.31,3.8,4.29,3.48
2026-06-12,IN,Michigan City-La Porte,3.49,4.04,4.54,5.47,3.47,3.99,4.52,5.54,3.43,4.03,4.51,5.6,4.28,4.83,5.35,5.96,3.39,3.84,4.33,3.49
2026-06-12,IN,Muncie,3.31,3.87,4.38,5.48,3.31,3.86,4.38,5.5,3.48,4.05,4.55,5.59,4.28,4.78,5.31,6.06,3.09,3.6,4.14,3.42
2026-06-12,IA,Cedar Rapids,3.71,3.96,4.59,4.93,3.71,4,4.57,4.95,3.83,4.09,4.71,5,4.18,4.45,5.09,5.35,2.99,3.31,3.84,3.32
2026-06-12,IA,Des Moines,3.6,4.01,4.38,4.53,3.61,4.04,4.4,4.56,3.79,4.18,4.54,4.7,4.22,4.61,5.01,5.44,2.89,3.16,3.63,3.25
2026-06-12,IA,Waterloo-Cedar Falls,3.69,3.97,4.67,4.99,3.62,4.02,4.55,5,3.76,4.1,4.67,5.05,4.19,4.58,5.09,5.38,2.97,3.32,3.84,3.36
2026-06-12,IA,Davenport-Moline-Rock Island (IA only),3.74,4.15,4.7,5.05,3.74,4.19,4.75,5.06,3.83,4.27,4.84,5.15,4.13,4.5,5.11,5.39,2.83,3.2,3.77,3.39
2026-06-12,IA,Sioux City (IA only),3.7,4.02,4.55,4.86,3.72,4.02,4.51,4.88,3.67,4.05,4.55,4.98,4.18,4.46,5,5.36,2.95,3.25,3.73,3.32
2026-06-12,IA,Ames,3.58,0,4.26,4.45,3.61,3.9,4.28,4.5,3.73,4.2,4.42,4.6,4.29,4.9,4.97,5.34,3.06,3.28,3.68,3.11
2026-06-12,IA,Council Bluffs,3.78,4.14,4.65,4.88,3.78,4.17,4.62,4.87,3.89,4.19,4.76,4.99,4.2,4.48,5.02,5.39,2.78,3.16,3.66,3.34
2026-06-12,IA,Dubuque,3.91,4.04,4.9,4.99,3.92,4.12,4.95,4.98,4.08,4.36,5.19,5.13,4.2,4.59,5.25,5.4,3.02,3.24,3.89,3.29
2026-06-12,IA,Iowa City,3.77,4.26,4.67,4.89,3.81,4.31,4.7,4.9,3.88,4.29,4.8,4.95,4.18,4.61,5.05,5.23,2.97,3.43,3.72,3.32
2026-06-12,KS,Lawrence,3.78,4.2,4.65,4.81,3.8,4.21,4.64,4.82,3.86,4.28,4.68,4.92,4.21,4.55,5.03,5.19,2.95,3.3,3.76,3.28
2026-06-12,KS,Topeka,3.78,4.15,4.52,4.78,3.79,4.17,4.55,4.8,3.87,4.27,4.64,4.9,4.06,4.47,4.82,5.18,2.87,3.24,3.57,3.21
2026-06-12,KS,Wichita,3.77,4.04,4.27,4.84,3.79,4.05,4.26,4.84,3.85,4.13,4.36,4.9,3.99,4.25,4.48,5.11,2.91,3.18,3.39,3.24
2026-06-12,KS,Kansas City (KS only),3.75,4.15,4.5,4.77,3.77,4.17,4.52,4.78,3.84,4.24,4.59,4.91,4.23,4.59,4.95,5.18,2.92,3.25,3.6,3.25
2026-06-12,KS,Manhattan,3.77,4.05,4.48,4.64,3.78,4.13,4.51,4.67,3.9,4.2,4.66,4.73,4.17,4.47,4.88,5.16,2.9,3.25,3.69,3.17
2026-06-12,KY,Lexington,3.55,4.13,4.56,4.85,3.57,4.16,4.57,4.87,3.72,4.33,4.77,4.94,4.26,4.85,5.23,5.28,2.93,3.45,3.86,3.18
2026-06-12,KY,Owensboro,3.61,4.16,4.72,4.97,3.64,4.28,4.73,4.97,3.81,4.48,4.93,5.13,4.2,4.7,5.15,5.41,2.65,3.26,3.71,3.26
2026-06-12,KY,Huntington-Ashland (KY only),4.03,4.58,5.04,5.17,4.01,4.57,5.05,5.16,4.12,4.66,5.11,5.28,4.34,4.89,5.37,5.39,2.83,3.35,3.84,3.39
2026-06-12,KY,Louisville (KY only),3.52,4.11,4.53,4.74,3.55,4.14,4.57,4.78,3.75,4.36,4.78,4.92,4.26,4.87,5.27,5.24,3.01,3.57,4.01,3.12
2026-06-12,KY,Covington,3.87,4.43,4.88,5.08,3.91,4.48,4.96,5.09,4.01,4.58,5.05,5.16,4.62,5.15,5.63,5.52,2.85,3.39,3.81,3.12
2026-06-12,KY,Bowling Green,3.54,4.07,4.45,4.56,3.59,4.14,4.52,4.58,3.8,4.32,4.74,4.75,4.08,4.59,4.98,5,2.73,3.15,3.6,3.09
2026-06-12,KY,Elizabethtown-Fort Knox,3.6,4.23,4.71,4.78,3.62,4.27,4.75,4.8,3.82,4.45,4.93,4.91,4.14,4.65,5.14,5.27,2.72,3.27,3.75,3.14
2026-06-12,KY,Henderson,3.51,4.12,4.54,4.79,3.54,4.14,4.59,4.84,3.73,4.26,4.74,4.97,4.16,4.66,5.06,5.21,2.54,3.07,3.39,3.1
2026-06-12,KY,Hopkinsville,3.59,4.05,4.48,4.74,3.62,4.03,4.43,4.73,3.77,4.24,4.66,4.92,4.2,4.62,5.02,5.33,2.75,3.17,3.53,3.27
2026-06-12,LA,Baton Rouge,3.58,4.03,4.44,4.68,3.61,4.08,4.46,4.69,3.7,4.15,4.53,4.76,3.99,4.44,4.82,5.07,2.73,3.18,3.57,3.18
2026-06-12,LA,Lafayette,3.67,4.08,4.52,4.68,3.67,4.09,4.52,4.7,3.76,4.18,4.57,4.78,3.98,4.42,4.8,5.09,2.74,3.14,3.54,3.11
2026-06-12,LA,Lake Charles,3.83,4.33,4.74,4.84,3.84,4.35,4.75,4.84,3.9,4.4,4.8,4.9,4.02,4.46,4.8,5.07,2.71,3.15,3.55,3.06
2026-06-12,LA,New Orleans,3.67,4.21,4.6,4.76,3.68,4.25,4.62,4.77,3.77,4.33,4.7,4.88,3.99,4.5,4.86,5.13,2.74,3.28,3.62,3.21
2026-06-12,LA,Shreveport-Bossier City,3.59,4,4.4,4.71,3.61,4.04,4.41,4.73,3.7,4.15,4.52,4.81,3.99,4.39,4.78,5.09,2.71,3.15,3.5,3.1
2026-06-12,LA,Alexandria,3.71,4.19,4.6,4.78,3.72,4.18,4.61,4.82,3.8,4.25,4.64,4.89,4.05,4.5,4.9,5.2,2.71,3.2,3.56,3.22
2026-06-12,LA,Hammond,3.62,4.03,4.39,4.65,3.65,4.09,4.46,4.66,3.75,4.15,4.56,4.78,3.99,4.43,4.8,5.13,2.76,3.18,3.57,3.15
2026-06-12,LA,Houma-Thibodaux,3.82,4.25,4.56,4.78,3.84,4.23,4.63,4.79,3.89,4.28,4.68,4.86,3.99,4.36,4.77,5.06,2.74,3.13,3.5,3.11
2026-06-12,LA,Monroe,3.48,3.88,4.32,4.67,3.48,3.91,4.33,4.68,3.57,3.98,4.35,4.72,3.92,4.32,4.69,5.01,2.66,3.11,3.51,3.1
2026-06-12,ME,Bangor,4.21,4.8,5.29,5.62,4.22,4.85,5.32,5.64,4.3,4.92,5.4,5.68,4.54,5.06,5.54,5.74,2.97,3.48,3.96,3.81
2026-06-12,ME,Lewiston-Auburn,4.15,4.73,5.26,5.66,4.18,4.78,5.32,5.67,4.32,4.9,5.42,5.67,4.55,5.08,5.57,5.81,3,3.62,4.03,3.94
2026-06-12,ME,Portland,4.18,4.78,5.24,5.63,4.19,4.81,5.25,5.64,4.28,4.84,5.31,5.69,4.51,5.05,5.51,5.84,3.01,3.55,4.01,3.81
2026-06-12,MD,Salisbury,3.78,4.27,4.62,4.95,3.82,4.3,4.66,5.01,4.03,4.5,4.81,5.15,4.46,4.92,5.28,5.58,3,3.46,3.78,3.52
2026-06-12,MD,Baltimore,3.82,4.35,4.68,5,3.84,4.4,4.71,5.04,4.03,4.61,4.91,5.18,4.44,4.99,5.31,5.59,3.01,3.54,3.86,3.52
2026-06-12,MD,Hagerstown,3.6,4.08,4.48,4.83,3.6,4.06,4.52,4.82,3.69,4.18,4.58,4.94,4.29,4.69,5.14,5.45,3,3.44,3.84,3.66
2026-06-12,MD,Washington (MD only),4.06,4.7,5.02,5.21,4.08,4.72,5,5.21,4.21,4.81,5.14,5.34,4.52,5.1,5.42,5.72,3.13,3.73,4.03,3.66
2026-06-12,MD,Cumberland (MD Only),4.08,4.48,4.92,5.04,4.13,4.48,4.92,4.99,4.24,4.64,5.04,5.29,4.47,4.87,5.3,5.56,3.3,3.7,4.12,3.57
2026-06-12,MD,Bowie-St. Charles,3.94,4.7,4.98,5.11,3.96,4.72,4.98,5.12,4.08,4.85,5.1,5.23,4.46,5.09,5.39,5.63,3.06,3.82,4.08,3.57
2026-06-12,MD,Annapolis,3.84,4.48,4.79,5.02,3.86,4.52,4.79,5.06,4.05,4.73,4.99,5.2,4.46,5.09,5.38,5.62,3,3.64,3.91,3.51
2026-06-12,MD,Frederick,3.82,4.3,4.64,4.92,3.85,4.34,4.65,4.93,4,4.48,4.84,5.1,4.4,4.87,5.18,5.62,3.03,3.52,3.83,3.53
2026-06-12,MA,Barnstable-Yarmouth,4.22,4.84,5.21,5.61,4.25,4.86,5.24,5.63,4.36,4.95,5.34,5.71,4.45,5.03,5.45,5.84,3.01,3.59,4,3.81
2026-06-12,MA,Pittsfield,4.3,4.94,5.3,5.62,4.32,4.94,5.33,5.65,4.37,5.02,5.34,5.69,4.44,5.07,5.39,5.83,2.99,3.68,4,3.78
2026-06-12,MA,Springfield,4.05,4.62,5.03,5.42,4.06,4.62,5.05,5.42,4.18,4.72,5.15,5.52,4.36,4.85,5.2,5.71,2.94,3.5,3.85,3.61
2026-06-12,MA,Boston (MA only),4.22,4.87,5.26,5.45,4.24,4.9,5.28,5.48,4.34,4.96,5.36,5.57,4.48,5.02,5.44,5.81,2.98,3.6,3.96,3.77
2026-06-12,MA,Cambridge-Newton-Framingham,4.27,4.88,5.28,5.58,4.29,4.9,5.3,5.59,4.38,4.97,5.35,5.67,4.49,5.04,5.43,5.85,3.01,3.61,3.97,3.81
2026-06-12,MA,Seekonk,4.03,4.63,5.01,5.27,4.04,4.68,5.02,5.28,4.17,4.79,5.17,5.42,4.38,4.92,5.32,5.65,2.89,3.49,3.83,3.66
2026-06-12,MA,Worcester,4.31,4.9,5.3,5.6,4.32,4.93,5.31,5.61,4.38,4.97,5.34,5.68,4.48,5.04,5.4,5.87,2.98,3.62,3.95,3.75
2026-06-12,MI,Traverse City,4.14,4.66,5.3,5.68,4.18,4.8,5.36,5.68,4.27,4.89,5.43,5.88,4.68,5.26,5.8,5.9,2.97,3.49,3.99,3.5
2026-06-12,MI,Ann Arbor,4.28,4.94,5.49,5.73,4.3,4.94,5.5,5.74,4.28,4.87,5.45,5.83,4.77,5.36,5.91,6.05,3.19,3.77,4.3,3.47
2026-06-12,MI,Benton Harbor,4.24,4.89,5.46,5.64,4.29,4.91,5.51,5.67,4.23,4.86,5.44,5.8,4.74,5.37,5.92,6.08,3.04,3.6,4.14,3.48
2026-06-12,MI,Metro Detroit,4.25,4.91,5.52,5.77,4.25,4.92,5.54,5.78,4.25,4.95,5.54,5.84,4.77,5.37,5.96,6.05,3.15,3.76,4.33,3.57
2026-06-12,MI,Flint,4.18,4.83,5.41,5.56,4.22,4.85,5.45,5.59,3.98,4.61,5.2,5.68,4.55,5.14,5.72,5.95,3.02,3.57,4.11,3.34
2026-06-12,MI,Grand Rapids-Muskegon-Holland,4.14,4.76,5.34,5.46,4.2,4.83,5.41,5.48,4.18,4.81,5.4,5.65,4.69,5.26,5.82,5.93,3.1,3.66,4.19,3.33
2026-06-12,MI,Jackson,4.24,4.92,5.46,5.7,4.32,4.95,5.51,5.74,4.21,4.89,5.46,5.87,4.69,5.31,5.77,6.06,3.03,3.63,4.14,3.39
2026-06-12,MI,Lansing-East Lansing,4.24,4.87,5.43,5.61,4.3,4.91,5.49,5.65,4.01,4.65,5.22,5.78,4.63,5.24,5.81,6.08,3.05,3.58,4.14,3.46
2026-06-12,MI,Saginaw-Bay City-Midland,4.22,4.82,5.4,5.59,4.28,4.87,5.45,5.62,4.16,4.81,5.37,5.77,4.66,5.28,5.84,5.98,3.06,3.58,4.15,3.27
2026-06-12,MI,Marquette,3.98,4.87,5.3,5.4,3.99,4.88,5.32,5.43,4.08,4.85,5.32,5.53,4.49,5.07,5.52,5.94,2.98,3.47,4.1,3.46
2026-06-12,MN,Rochester,4.04,4.36,5.13,5.09,4.04,4.37,5.11,5.09,4.15,4.49,5.24,5.12,4.22,4.59,5.31,5.45,3.05,3.39,4,3.34
2026-06-12,MN,St. Cloud,3.7,4.11,4.71,4.64,3.72,4.16,4.75,4.65,3.85,4.28,4.82,4.73,4.06,4.46,5.09,5.37,2.8,3.2,3.67,3.24
2026-06-12,MN,Duluth-Superior (MN only),4.04,4.55,4.95,5.26,4.06,4.57,4.98,5.28,4.18,4.67,5.09,5.37,4.15,4.58,5.06,5.46,2.77,3.23,3.57,3.49
2026-06-12,MN,Minneapolis-St. Paul (MN only),3.91,4.39,4.86,5.07,3.93,4.41,4.88,5.08,4.06,4.52,5,5.16,4.18,4.63,5.11,5.39,2.93,3.34,3.75,3.46
2026-06-12,MN,Houston County,3.86,4.2,4.97,5.12,3.91,4.2,4.97,5.05,3.91,0,5.03,5.04,4.21,4.65,5.4,5.47,2.96,0,3.9,3.22
2026-06-12,MN,Mankato,3.75,4.18,4.72,4.9,3.78,4.19,4.75,4.92,3.93,4.34,4.87,5.08,4.19,4.54,5.14,5.58,2.86,3.23,3.66,3.37
2026-06-12,MN,Moorhead,3.78,4.07,4.59,4.81,3.8,4.12,4.56,4.78,3.88,4.25,4.67,4.85,4.06,4.32,4.81,5.29,2.87,3.16,3.63,3.39
2026-06-12,MN,Polk County,3.86,4.05,4.68,4.93,3.87,4.04,4.69,4.97,3.94,4.1,4.46,5.01,4.16,4.33,4.97,5.28,2.87,2.99,3.61,3.3
2026-06-12,MS,Biloxi-Gulfport-Pascagoula,3.48,3.91,4.26,4.61,3.49,3.91,4.3,4.63,3.58,4.03,4.39,4.71,3.93,4.3,4.72,4.99,2.61,3.02,3.39,3.08
2026-06-12,MS,Jackson,3.72,4.18,4.55,4.75,3.74,4.19,4.57,4.77,3.82,4.3,4.67,4.83,3.99,4.42,4.81,5.04,2.63,3.06,3.42,3.08
2026-06-12,MS,Hattiesburg,3.56,4.04,4.39,4.6,3.57,4.07,4.37,4.62,3.72,4.18,4.52,4.73,3.9,4.29,4.64,4.96,2.66,3.1,3.53,3.07
2026-06-12,MS,South Haven - Olive Branch,3.7,4.35,4.68,4.86,3.72,4.35,4.66,4.9,3.81,4.4,4.78,4.96,4.08,4.63,5,5.18,2.62,3.14,3.56,3.12
2026-06-12,MO,Columbia,3.92,4.28,4.57,4.93,3.92,4.25,4.56,4.94,4.02,4.34,4.65,4.99,4.18,4.46,4.79,5.19,2.9,3.18,3.51,3.19
2026-06-12,MO,St. Joseph,3.68,4.11,4.39,4.62,3.69,4.08,4.38,4.64,3.74,4.22,4.48,4.68,4.08,4.48,4.76,5.1,2.75,3.12,3.41,3.21
2026-06-12,MO,Springfield,3.55,3.91,4.27,4.62,3.59,3.95,4.3,4.64,3.76,4.09,4.46,4.74,4,4.36,4.67,5,2.76,3.09,3.4,3.07
2026-06-12,MO,Kansas City (MO only),3.73,4.12,4.45,4.76,3.74,4.12,4.47,4.77,3.83,4.2,4.54,4.87,4.21,4.59,4.91,5.17,2.89,3.23,3.53,3.26
2026-06-12,MO,St. Louis (MO only),3.86,4.26,4.59,4.99,3.87,4.28,4.61,5.02,3.95,4.36,4.7,5.17,4.28,4.67,5,5.62,2.86,3.23,3.54,3.14
2026-06-12,MO,Cape Girardeau,3.84,4.21,4.52,4.99,3.84,4.26,4.5,5,3.98,4.36,4.79,5.14,4.12,4.47,4.79,5.24,2.82,3.22,3.61,3.18
2026-06-12,MO,Jefferson City,3.98,4.35,4.69,4.88,3.99,4.36,4.67,4.9,4.07,4.45,4.79,4.96,4.16,4.46,4.81,5.13,2.9,3.24,3.56,3.21
2026-06-12,MO,Joplin,3.54,3.92,4.24,4.53,3.55,3.94,4.25,4.54,3.65,4.03,4.34,4.62,3.92,4.31,4.58,5,2.75,3.15,3.44,3.11
2026-06-12,MT,Billings,4.21,4.58,4.97,5.08,4.2,4.61,4.93,5.12,4.33,4.73,5.06,5.3,4.51,4.86,5.21,5.44,3.16,3.5,3.84,3.39
2026-06-12,MT,Great Falls,4.27,4.59,4.92,5.09,4.29,4.6,4.93,5.15,4.41,4.69,5.02,5.33,4.41,4.72,5.06,5.52,3.16,3.47,3.81,3.43
2026-06-12,MT,Missoula,4.32,4.63,4.96,4.84,4.35,4.71,4.97,4.86,4.43,4.76,5.09,4.92,4.51,4.82,5.14,5.47,3.27,3.57,3.85,3.52
2026-06-12,NE,Lincoln,4,4.23,4.83,4.84,4.03,4.24,4.86,4.87,4.13,4.36,4.94,4.93,4.11,4.34,4.88,5.17,2.95,3.2,3.77,3.24
2026-06-12,NE,Omaha (NE only),3.76,4.06,4.61,4.66,3.79,4.09,4.63,4.7,3.87,4.18,4.72,4.82,4.04,4.34,4.87,5.18,2.88,3.14,3.7,3.16
2026-06-12,NE,Grand Island,4.04,4.11,4.68,4.89,4.06,4.08,4.68,4.91,4.11,4.18,4.72,4.97,4.1,4.23,4.66,5.24,2.95,3.08,3.51,3.15
2026-06-12,NE,North Platte,4.05,4.13,4.65,4.7,4.08,4.24,4.67,4.72,4.11,4.35,4.78,4.85,4.1,4.24,4.49,5.16,3.16,3.16,3.72,3.24
2026-06-12,NE,Norfolk,3.85,4.12,4.71,4.96,3.84,4.15,4.74,4.97,3.92,4.2,4.78,4.98,4.03,4.26,4.83,5.13,2.81,3.15,3.67,3.2
2026-06-12,NE,Columbus,3.71,4.02,4.18,4.82,3.76,3.97,4.19,4.82,3.69,4.42,3.95,5.02,4.25,4.28,4.52,5.32,2.97,2.86,3.22,3.47
2026-06-12,NE,Kearney,4.08,4.4,4.8,4.93,4.04,4.44,4.71,4.94,4.11,4.48,4.8,4.94,4.08,4.5,4.79,5.17,2.94,3.32,3.68,3.14
2026-06-12,NV,Reno,5.16,5.38,5.58,6.09,5.19,5.39,5.6,6.1,5.33,5.51,5.74,6.21,5.42,5.64,5.83,6.41,4.2,4.4,4.6,4.07
2026-06-12,NV,Las Vegas (NV only),4.95,5.34,5.62,5.82,4.97,5.35,5.65,5.85,5.08,5.48,5.77,6,5.28,5.64,5.95,6.19,3.73,4.07,4.34,3.69
2026-06-12,NH,Manchester,4.19,4.78,5.2,5.51,4.22,4.82,5.25,5.55,4.31,4.88,5.33,5.62,4.47,4.97,5.41,5.75,2.89,3.57,3.96,3.74
2026-06-12,NH,Portsmouth-Rochester (NH only),4.21,4.78,5.24,5.48,4.22,4.81,5.27,5.49,4.32,4.88,5.35,5.57,4.47,4.98,5.43,5.75,2.88,3.44,3.85,3.71
2026-06-12,NJ,Atlantic City,4.13,4.69,4.91,5.22,4.15,4.69,4.91,5.23,4.26,4.78,5.03,5.35,4.53,4.98,5.19,5.64,3.01,3.51,3.71,3.49
2026-06-12,NJ,Bergen-Passaic,4.16,4.78,5.08,5.3,4.18,4.8,5.07,5.32,4.29,4.88,5.17,5.41,4.51,5.01,5.31,5.66,3,3.61,3.86,3.52
2026-06-12,NJ,Middlesex-Somerset-Hunterdon,4.13,4.71,5.01,5.18,4.16,4.74,5.03,5.2,4.29,4.86,5.14,5.31,4.52,5.03,5.31,5.58,3.03,3.57,3.86,3.46
2026-06-12,NJ,Monmouth-Ocean,4.18,4.77,5.01,5.27,4.21,4.8,5.03,5.27,4.32,4.89,5.13,5.37,4.55,5.07,5.32,5.64,3.08,3.63,3.82,3.51
2026-06-12,NJ,Newark,4.22,4.86,5.14,5.38,4.24,4.86,5.17,5.41,4.37,4.98,5.28,5.49,4.54,5.13,5.44,5.7,3.05,3.72,3.96,3.55
2026-06-12,NJ,Trenton,4.1,4.7,4.99,5.18,4.12,4.74,5.02,5.19,4.26,4.83,5.09,5.27,4.49,4.98,5.21,5.57,3,3.59,3.88,3.49
2026-06-12,NJ,Philadelphia (NJ Only),4.08,4.65,4.9,5.16,4.1,4.68,4.94,5.19,4.22,4.77,5.01,5.29,4.5,4.96,5.22,5.61,3,3.5,3.69,3.47
2026-06-12,NJ,Cape May,4.42,4.88,5.09,5.72,4.44,4.87,5.14,5.74,4.57,5.02,5.32,5.81,4.64,5.08,5.28,5.87,3.12,3.64,3.83,3.65
2026-06-12,NJ,Parsippany-Troy Hills,4.18,4.76,5.02,5.27,4.2,4.74,5.04,5.27,4.33,4.87,5.16,5.38,4.53,5.07,5.31,5.65,3.02,3.58,3.82,3.5
2026-06-12,NJ,Vineland,4.14,4.66,4.86,5.23,4.15,4.65,4.86,5.25,4.26,4.73,4.95,5.35,4.52,4.94,5.13,5.6,3.02,3.47,3.7,3.5
2026-06-12,NJ,Warren County,4.03,4.58,4.97,5.19,4.08,4.66,4.96,5.21,4.22,4.76,5.08,5.33,4.47,4.97,5.26,5.53,3.01,3.59,3.9,3.49
2026-06-12,NM,Albuquerque,3.89,4.36,4.68,5.1,3.91,4.38,4.69,5.11,4.13,4.61,4.9,5.32,4.12,4.62,4.92,5.36,2.92,3.37,3.67,3.24
2026-06-12,NM,Las Cruces,3.68,4.16,4.48,4.69,3.71,4.22,4.49,4.71,4.08,4.61,4.92,4.88,4.15,4.69,4.97,5.28,2.84,3.31,3.6,3.3
2026-06-12,NM,Santa Fe,4.01,4.46,4.79,5.44,4.01,4.46,4.78,5.45,4.17,4.62,4.95,5.56,4.04,4.47,4.8,5.42,2.88,3.32,3.66,3.32
2026-06-12,NM,Farmington,4.23,4.61,4.89,5.42,4.24,4.63,4.92,5.45,4.36,4.75,5.05,5.59,4.49,4.86,5.16,5.82,3.11,3.45,3.73,3.38
2026-06-12,NY,Albany-Schenectady-Troy,4.42,4.93,5.37,5.71,4.43,4.96,5.38,5.71,4.5,5.03,5.48,5.8,4.54,5.04,5.49,5.91,3.05,3.6,4.03,3.7
2026-06-12,NY,Binghamton,4.4,4.88,5.31,5.71,4.42,4.89,5.31,5.72,4.5,4.98,5.4,5.8,4.58,5.04,5.48,5.87,3.03,3.53,3.9,3.82
2026-06-12,NY,Buffalo-Niagara Falls,4.47,4.94,5.32,5.84,4.48,4.96,5.35,5.85,4.53,5.01,5.38,5.88,4.57,5.02,5.42,5.9,3.08,3.54,3.92,3.88
2026-06-12,NY,Nassau-Suffolk,4.19,4.73,5.07,5.68,4.22,4.74,5.1,5.69,4.34,4.84,5.21,5.79,4.53,4.99,5.37,5.92,3.02,3.53,3.88,3.84
2026-06-12,NY,New York,4.31,4.83,5.2,5.86,4.34,4.86,5.23,5.88,4.48,4.98,5.35,5.96,4.67,5.14,5.51,6.1,3.12,3.64,4,4.09
2026-06-12,NY,Rochester,4.46,4.96,5.34,5.81,4.47,4.96,5.35,5.82,4.52,5.02,5.4,5.85,4.58,5.05,5.44,5.93,3.1,3.58,3.95,3.95
2026-06-12,NY,Syracuse,4.46,4.96,5.36,5.78,4.47,4.97,5.38,5.79,4.53,5.02,5.43,5.84,4.56,5.06,5.47,5.89,3.03,3.52,3.91,3.79
2026-06-12,NY,Utica-Rome,4.44,4.94,5.38,5.71,4.45,4.93,5.4,5.72,4.5,5.01,5.47,5.8,4.55,5.08,5.5,5.87,3.2,3.66,4.15,3.8
2026-06-12,NY,Dutchess-Putnam County,4.47,5.01,5.41,5.77,4.48,5.04,5.45,5.78,4.53,5.08,5.46,5.82,4.59,5.13,5.52,5.92,3.13,3.74,4.06,3.72
2026-06-12,NY,Elmira,4.24,4.68,5.08,5.48,4.26,4.67,5.1,5.48,4.38,4.81,5.22,5.66,4.51,4.92,5.29,5.83,2.99,3.41,3.75,3.57
2026-06-12,NY,Glens Falls,4.46,4.98,5.39,5.69,4.46,4.96,5.36,5.72,4.54,5.01,5.52,5.81,4.59,5.02,5.48,5.9,3.16,3.65,4.13,3.8
2026-06-12,NY,Ithaca,4.53,5,5.47,5.83,4.54,5,5.48,5.83,4.57,5.03,5.49,5.86,4.58,5.03,5.49,5.94,3.03,3.51,3.93,3.81
2026-06-12,NY,Kingston,4.37,4.87,5.3,5.64,4.38,4.9,5.3,5.64,4.44,4.92,5.37,5.72,4.52,4.97,5.41,5.84,3.04,3.54,3.97,3.64
2026-06-12,NY,Watertown-Fort Drum,4.42,4.9,5.27,5.73,4.42,4.92,5.31,5.73,4.49,4.97,5.39,5.8,4.59,5.11,5.46,5.91,3.13,3.62,4.02,3.87
2026-06-12,NY,White Plains,4.52,5.15,5.52,5.86,4.53,5.16,5.53,5.88,4.6,5.24,5.58,5.96,4.67,5.28,5.64,6.05,3.21,3.85,4.21,3.98
2026-06-12,NY,Batavia,4.38,4.89,5.27,5.73,4.38,4.86,5.28,5.75,4.44,4.96,5.32,5.81,4.53,4.99,5.43,5.9,3.14,3.67,4.06,3.89
2026-06-12,NC,Asheville,3.91,4.4,4.78,5.04,3.92,4.42,4.82,5.06,4.04,4.52,4.91,5.14,4.19,4.59,5.02,5.41,2.81,3.28,3.65,3.41
2026-06-12,NC,Fayetteville,3.62,4.06,4.48,4.9,3.66,4.11,4.52,4.88,3.61,4.01,4.47,4.99,4.02,4.43,4.85,5.36,2.78,3.22,3.68,3.27
2026-06-12,NC,Greensboro,3.75,4.21,4.61,4.89,3.77,4.24,4.64,4.91,3.82,4.27,4.66,5.01,4.14,4.56,4.97,5.42,2.82,3.3,3.68,3.38
2026-06-12,NC,Raleigh,3.75,4.21,4.6,4.91,3.77,4.25,4.62,4.92,3.79,4.25,4.64,5.03,4.15,4.57,4.95,5.44,2.87,3.32,3.69,3.5
2026-06-12,NC,Wilmington,3.63,4.16,4.54,4.93,3.66,4.18,4.6,4.95,3.75,4.27,4.68,5.03,4.05,4.53,4.94,5.58,2.82,3.34,3.74,3.28
2026-06-12,NC,Charlotte-Gastonia-Rock Hill (NC only),3.72,4.22,4.6,4.96,3.75,4.25,4.62,4.99,3.88,4.37,4.76,5.11,4.19,4.67,5.05,5.47,2.9,3.36,3.73,3.35
2026-06-12,NC,Burlington,3.77,4.21,4.6,4.93,3.78,4.24,4.6,4.95,3.79,4.22,4.58,5.04,4.15,4.57,4.92,5.5,2.82,3.29,3.69,3.27
2026-06-12,NC,Durham-Chapel Hill,3.82,4.24,4.66,5.03,3.84,4.26,4.67,5.05,3.94,4.38,4.77,5.18,4.23,4.66,5.06,5.71,2.9,3.35,3.73,3.41
2026-06-12,NC,Goldsboro,3.61,4.12,4.5,4.76,3.64,4.16,4.54,4.78,3.62,4.1,4.5,4.9,4.03,4.46,4.83,5.37,2.78,3.26,3.68,3.25
2026-06-12,NC,Hickory-Lenoir-Morganton,3.64,4.08,4.52,4.8,3.66,4.11,4.54,4.82,3.74,4.15,4.6,4.89,4.08,4.46,4.86,5.28,2.73,3.16,3.56,3.24
2026-06-12,NC,Jacksonville,3.7,4.17,4.58,4.96,3.74,4.21,4.63,4.98,3.79,4.28,4.67,5.06,4.08,4.55,4.96,5.34,2.84,3.32,3.73,3.28
2026-06-12,NC,New Bern,3.75,4.28,4.64,4.96,3.78,4.28,4.68,5,3.92,4.4,4.79,5.1,4.14,4.54,4.98,5.36,2.8,3.24,3.63,3.31
2026-06-12,NC,Norfolk-Virginia Beach-Newport News,3.91,4.49,4.77,5.2,3.93,4.54,4.77,5.22,4.04,4.47,4.86,5.27,4.25,4.73,5.03,5.54,2.89,3.27,3.68,3.19
2026-06-12,NC,Rocky Mount,3.68,4.19,4.54,4.81,3.71,4.22,4.56,4.82,3.71,4.18,4.52,4.91,4.04,4.45,4.82,5.28,2.77,3.26,3.65,3.3
2026-06-12,NC,Winston-Salem,3.69,4.18,4.58,4.76,3.71,4.2,4.58,4.76,3.73,4.2,4.59,4.84,4.13,4.57,4.96,5.35,2.79,3.28,3.64,3.31
2026-06-12,ND,Bismarck,3.92,4.24,4.8,4.82,3.92,4.25,4.8,4.85,3.94,4.29,4.81,4.88,4.22,4.51,4.97,5.23,2.85,3.17,3.63,3.2
2026-06-12,ND,Grand Forks (ND only),3.85,4.1,4.6,4.78,3.85,4.1,4.52,4.79,3.9,4.19,4.64,4.84,4.01,4.36,4.76,5.22,2.82,3.18,3.48,3.42
2026-06-12,ND,Fargo-Moorhead (ND only),3.69,4.11,4.48,4.62,3.7,4.11,4.5,4.62,3.77,4.19,4.54,4.71,4.02,4.4,4.77,5.22,2.84,3.21,3.57,3.35
2026-06-12,ND,Minot,3.89,4.2,4.73,4.87,3.89,4.3,4.79,4.88,3.94,4.29,4.81,4.96,4.2,4.48,5.09,5.26,2.98,3.28,3.6,3.3
2026-06-12,OH,Akron,4.24,4.76,5.28,5.38,4.28,4.82,5.35,5.4,4.04,4.59,5.13,5.56,4.68,5.22,5.74,5.94,3.04,3.59,4.06,3.37
2026-06-12,OH,Canton-Massillon,4.25,4.76,5.25,5.46,4.31,4.84,5.34,5.48,4.09,4.61,5.12,5.61,4.67,5.19,5.7,5.96,2.97,3.51,3.98,3.38
2026-06-12,OH,Cleveland-Lorain-Elyria,4.29,4.91,5.45,5.62,4.31,4.92,5.46,5.64,4.31,4.9,5.44,5.76,4.76,5.32,5.82,6.02,2.97,3.57,4.08,3.51
2026-06-12,OH,Columbus,4.27,4.8,5.31,5.58,4.31,4.84,5.36,5.62,4.24,4.76,5.29,5.78,4.73,5.25,5.76,5.98,3,3.55,4.02,3.48
2026-06-12,OH,Dayton,3.88,4.44,4.96,5.32,3.92,4.46,4.98,5.36,3.9,4.45,4.96,5.49,4.64,5.17,5.69,5.9,2.8,3.36,3.86,3.32
2026-06-12,OH,Toledo,3.97,4.51,5.02,5.44,4,4.57,5.08,5.47,4.11,4.66,5.17,5.66,4.61,5.15,5.63,5.92,2.9,3.43,3.91,3.36
2026-06-12,OH,Youngstown-Warren,4.14,4.75,5.27,5.48,4.19,4.79,5.33,5.48,4.11,4.75,5.27,5.61,4.63,5.19,5.72,5.95,2.94,3.52,3.98,3.46
2026-06-12,OH,Cincinnati (OH only),3.85,4.36,4.88,5.45,3.89,4.4,4.92,5.47,3.9,4.4,4.92,5.58,4.57,5.07,5.59,5.86,2.9,3.44,3.96,3.4
2026-06-12,OH,Belmont County,3.95,4.65,5.09,5.43,4.01,4.77,5.18,5.48,4.2,4.91,5.39,5.66,4.69,5.25,5.66,6.02,2.91,3.42,3.91,3.47
2026-06-12,OH,Lawerence County,4.23,4.8,5.23,5.57,4.26,4.9,5.29,5.56,3.96,4.51,4.98,5.62,4.43,4.9,5.38,5.97,2.99,3.5,4.03,3.5
2026-06-12,OH,Lima,3.8,4.39,4.97,5.14,3.86,4.45,5.01,5.16,3.79,4.45,5.04,5.35,4.58,5.14,5.71,5.9,2.87,3.45,3.97,3.28
2026-06-12,OH,Mansfield,4.26,4.84,5.38,5.67,4.32,4.89,5.41,5.67,4.33,4.9,5.39,5.75,4.68,5.21,5.71,6.01,2.93,3.45,3.95,3.41
2026-06-12,OH,Springfield,3.85,4.38,4.84,5.1,3.89,4.42,4.91,5.12,4,4.56,5.03,5.32,4.58,5.15,5.66,5.81,2.83,3.35,3.84,3.26
2026-06-12,OH,Steubenville-Weirton (OH only),4.21,4.79,5.33,5.37,4.25,4.79,5.36,5.43,4.36,4.92,5.45,5.52,4.64,5.09,5.59,5.82,2.97,3.47,3.97,3.47
2026-06-12,OK,Oklahoma City,3.52,3.97,4.24,4.49,3.53,3.98,4.24,4.51,3.62,4.06,4.33,4.64,3.95,4.39,4.67,4.97,2.67,3.1,3.37,2.92
2026-06-12,OK,Tulsa,3.6,3.93,4.23,4.54,3.62,3.97,4.27,4.56,3.76,4.1,4.4,4.65,3.94,4.29,4.59,4.96,2.86,3.2,3.48,3.21
2026-06-12,OK,Lawton,3.46,3.81,4.17,4.59,3.5,3.77,4.18,4.63,3.6,3.9,4.29,4.74,3.89,4.22,4.55,5.01,2.68,3.04,3.36,2.96
2026-06-12,OK,Le Flore-Sequoyah,3.72,4.14,4.5,4.66,3.71,4.23,4.56,4.68,3.81,4.27,4.62,4.75,3.93,4.3,4.72,5.03,2.74,3.18,3.53,3.14
2026-06-12,OR,Eugene-Springfield,4.98,5.19,5.51,5.87,5,5.21,5.5,5.91,5.11,5.34,5.65,5.99,5.32,5.51,5.84,6.27,3.91,4.09,4.3,4.1
2026-06-12,OR,Medford-Ashland,4.96,5.14,5.49,5.81,4.94,5.11,5.45,5.84,5.05,5.29,5.6,5.91,5.41,5.6,5.9,6.19,4.03,4.26,4.59,4.32
2026-06-12,OR,Salem,4.97,5.26,5.55,6.06,5,5.26,5.52,6.06,5.11,5.36,5.67,6.13,5.25,5.44,5.71,6.33,3.89,4.1,4.37,4.17
2026-06-12,OR,Portland-Vancouver (OR only),5.17,5.45,5.71,6.02,5.19,5.46,5.71,6.03,5.27,5.56,5.81,6.09,5.42,5.64,5.92,6.26,4.08,4.34,4.56,4.2
2026-06-12,OR,Albany,4.89,5.08,5.46,5.61,4.92,5.12,5.48,5.62,5.05,5.26,5.64,5.78,5.26,5.45,5.81,6.18,3.91,4.12,4.4,4.1
2026-06-12,OR,Bend,4.85,5.02,5.37,5.74,4.86,5.02,5.35,5.77,4.98,5.19,5.47,5.81,5.33,5.52,5.79,6.15,3.89,4.09,4.34,4.17
2026-06-12,OR,Corvallis,4.86,5.18,5.26,5.74,4.88,5.19,5.38,5.77,5.02,5.25,5.5,5.91,5.22,5.34,5.54,6.22,3.89,4.05,4.22,4
2026-06-12,OR,Grants Pass,4.89,4.98,5.28,5.84,4.9,4.98,5.37,5.84,4.99,5.11,5.43,5.94,5.4,5.56,5.87,6.19,3.96,3.92,4.31,4.35
2026-06-12,OR,Pendleton,4.89,5.26,5.49,5.58,4.91,5.29,5.52,5.63,5,5.37,5.58,5.74,5.13,5.45,5.65,5.94,3.76,4,4.3,3.88
2026-06-12,PA,Allentown-Bethlehem-Easton,3.98,4.42,4.79,5.44,3.99,4.44,4.82,5.46,4.14,4.59,4.94,5.58,4.52,4.94,5.29,5.83,3.13,3.6,3.96,3.86
2026-06-12,PA,Erie,4.25,4.71,5.11,5.89,4.27,4.73,5.14,5.91,4.47,4.91,5.31,5.94,4.8,5.22,5.64,6.09,3.26,3.67,4.06,4.03
2026-06-12,PA,Harrisburg,4.09,4.55,4.95,5.65,4.11,4.56,4.98,5.67,4.24,4.68,5.08,5.7,4.52,4.94,5.33,5.94,3.16,3.61,4,3.9
2026-06-12,PA,Lancaster,4.04,4.49,4.92,5.59,4.06,4.52,4.94,5.62,4.22,4.66,5.09,5.72,4.54,4.95,5.36,5.93,3.15,3.58,3.97,3.92
2026-06-12,PA,Pittsburgh,4.55,5,5.42,5.74,4.56,5,5.43,5.76,4.65,5.09,5.53,5.84,4.91,5.33,5.76,6.09,3.38,3.83,4.26,4.02
2026-06-12,PA,Reading,4.07,4.48,4.84,5.37,4.1,4.51,4.9,5.42,4.29,4.7,5.1,5.58,4.61,5.03,5.41,5.83,3.17,3.6,3.93,3.78
2026-06-12,PA,Scranton--Wilkes-Barre--Hazleton,4.25,4.69,5.13,5.77,4.28,4.7,5.13,5.8,4.4,4.84,5.25,5.85,4.6,5,5.41,6,3.18,3.61,4.02,3.92
2026-06-12,PA,York,4.14,4.53,4.94,5.74,4.15,4.56,4.96,5.75,4.23,4.66,5.04,5.81,4.47,4.88,5.26,5.99,3.22,3.64,4.02,3.99
2026-06-12,PA,Philadelphia (PA only),4.2,4.76,5.07,5.52,4.21,4.77,5.08,5.54,4.35,4.88,5.2,5.65,4.63,5.1,5.41,5.87,3.16,3.66,3.93,3.86
2026-06-12,PA,Altoona,4.34,4.75,5.17,5.91,4.35,4.76,5.14,5.9,4.39,4.81,5.22,5.93,4.68,5.12,5.53,6.06,3.45,3.87,4.27,3.89
2026-06-12,PA,Bloomsburg-Berwick,3.89,4.3,4.71,5.6,3.93,4.32,4.74,5.61,4.11,4.47,4.92,5.71,4.49,4.88,5.28,5.88,3.19,3.59,3.98,3.86
2026-06-12,PA,Chambersburg-Waynesboro,3.94,4.31,4.71,5.6,3.96,4.35,4.72,5.63,4.11,4.52,4.91,5.69,4.31,4.69,5.04,5.88,3.18,3.63,3.95,3.87
2026-06-12,PA,East Stroudsburg,4.08,4.56,4.91,5.53,4.11,4.63,4.95,5.56,4.26,4.74,5.18,5.67,4.57,4.99,5.35,5.89,3.13,3.65,3.99,3.81
2026-06-12,PA,Gettysburg,4.19,4.58,4.96,5.64,4.22,4.64,5.02,5.6,4.32,4.74,5.17,5.74,4.54,4.9,5.34,6.03,3.13,3.58,3.99,3.99
2026-06-12,PA,Johnstown,4.29,4.7,5.12,5.78,4.31,4.74,5.16,5.79,4.41,4.83,5.24,5.82,4.67,5.09,5.5,6.08,3.47,3.88,4.28,3.88
2026-06-12,PA,Lebanon,4.15,4.69,5.06,5.8,4.18,4.65,5.05,5.77,4.32,4.79,5.22,5.88,4.5,4.95,5.33,6.08,3.17,3.62,4.02,4.03
2026-06-12,PA,Mercer County,4.34,4.81,5.25,5.72,4.35,4.78,5.24,5.72,4.49,4.94,5.44,5.9,4.84,5.17,5.68,6.04,3.42,3.83,4.33,3.96
2026-06-12,PA,State College,4.39,4.88,5.18,5.85,4.4,4.83,5.2,5.87,4.47,4.87,5.26,5.9,4.67,5.07,5.51,5.98,3.4,3.83,4.2,3.95
2026-06-12,PA,Williamsport,3.8,4.22,4.6,5.29,3.8,4.19,4.59,5.33,3.96,4.45,4.78,5.44,4.44,4.88,5.25,5.9,3.03,3.47,3.86,3.66
2026-06-12,RI,Providence-Fall River-Warwick (RI only),4.1,4.8,5.23,5.26,4.11,4.84,5.24,5.29,4.23,4.94,5.35,5.35,4.48,5.12,5.56,5.61,2.97,3.7,4.06,3.75
2026-06-12,SC,Charleston-North Charleston,3.8,4.29,4.66,4.9,3.8,4.3,4.66,4.91,3.74,4.2,4.6,4.94,4.08,4.52,4.91,5.24,2.78,3.24,3.6,3.26
2026-06-12,SC,Columbia,3.73,4.2,4.61,4.85,3.73,4.21,4.61,4.86,3.79,4.24,4.65,4.97,4.16,4.61,5.01,5.39,2.82,3.27,3.66,3.26
2026-06-12,SC,Greenville,3.65,4.13,4.51,4.82,3.67,4.13,4.51,4.77,3.72,4.16,4.53,4.82,4.15,4.56,4.95,5.33,2.78,3.2,3.53,3.1
2026-06-12,SC,Myrtle Beach,3.6,4.08,4.52,4.83,3.65,4.14,4.56,4.81,3.69,4.17,4.59,4.93,3.99,4.42,4.82,5.2,2.72,3.19,3.58,3.16
2026-06-12,SC,Aiken-Edgfield County,3.76,4.25,4.68,4.88,3.77,4.27,4.69,4.87,3.81,4.3,4.74,4.95,4.04,4.49,4.89,5.36,2.75,3.25,3.59,3.23
2026-06-12,SC,Florence,3.69,4.16,4.61,4.86,3.7,4.14,4.63,4.85,3.82,4.32,4.75,4.95,4.12,4.55,4.98,5.28,2.69,3.16,3.6,3.28
2026-06-12,SC,Hilton Head-Bluffton,3.79,4.28,4.68,5.11,3.81,4.28,4.7,5.13,3.92,4.41,4.83,5.21,4.2,4.63,5.05,5.44,2.85,3.36,3.78,3.37
2026-06-12,SC,Rock Hill,3.67,4.15,4.56,4.94,3.68,4.16,4.58,4.96,3.79,4.3,4.63,5.04,4.11,4.56,4.93,5.38,2.8,3.24,3.58,3.27
2026-06-12,SC,Spartanburg,3.65,4.14,4.52,4.78,3.64,4.16,4.55,4.76,3.67,4.16,4.53,4.82,4.1,4.53,4.92,5.28,2.8,3.29,3.63,3.13
2026-06-12,SC,Sumter,3.73,4.16,4.66,4.9,3.72,4.12,4.62,4.9,3.87,4.18,4.61,4.98,4.17,4.51,4.93,5.38,2.75,3.24,3.6,3.3
2026-06-12,SD,Rapid City,4.19,4.37,4.8,5,4.22,4.39,4.84,5.03,4.29,4.5,4.96,5.11,4.42,4.6,5.03,5.32,3.21,3.35,3.8,3.39
2026-06-12,SD,Sioux Falls,3.81,4.23,4.71,4.41,3.82,4.25,4.72,4.43,3.95,4.32,4.84,4.52,4.1,4.48,4.99,5.08,2.67,3.11,3.52,3.07
2026-06-12,SD,North Sioux City,3.87,3.98,4.59,4.48,3.88,4.08,4.7,4.47,3.96,3.9,4.66,4.56,4.08,4.35,5.01,5.14,2.87,2.99,3.64,3.1
2026-06-12,TN,Knoxville,3.66,4.09,4.55,4.89,3.68,4.12,4.56,4.9,3.83,4.25,4.69,5,4.17,4.57,5.02,5.19,2.67,3.09,3.51,3.22
2026-06-12,TN,Nashville,3.68,4.16,4.58,4.92,3.7,4.19,4.61,4.94,3.83,4.33,4.73,5.02,4.18,4.65,5.05,5.24,2.71,3.18,3.58,3.28
2026-06-12,TN,Chattanooga (TN only),3.38,3.85,4.22,4.55,3.4,3.86,4.22,4.58,3.55,3.99,4.34,4.69,4.08,4.52,4.86,4.96,2.61,3.02,3.4,2.97
2026-06-12,TN,Clarksville-Hopkinsville (TN only),3.42,3.89,4.24,4.82,3.47,3.92,4.28,4.84,3.64,4.1,4.48,4.95,4.08,4.54,4.92,5.19,2.64,3.06,3.45,3.21
2026-06-12,TN,Johnson City,3.66,4.18,4.55,4.92,3.69,4.21,4.59,4.92,3.82,4.35,4.73,5.03,4.06,4.49,4.86,5.17,2.74,3.18,3.56,3.34
2026-06-12,TN,Memphis (TN only),3.79,4.39,4.81,5.01,3.79,4.43,4.83,5.02,3.91,4.51,4.96,5.12,4.13,4.71,5.1,5.29,2.72,3.26,3.66,3.34
2026-06-12,TN,Cleveland,3.5,3.94,4.35,4.69,3.53,3.94,4.38,4.72,3.74,4.17,4.58,4.81,4.14,4.56,4.91,5.15,2.64,3.03,3.44,3.14
2026-06-12,TN,Jackson,3.67,4.19,4.62,5.02,3.69,4.2,4.55,5.05,3.81,4.28,4.72,5.09,4.19,4.62,5.06,5.27,2.73,3.26,3.66,3.37
2026-06-12,TN,Kingsport-Bristol,3.66,4.13,4.55,4.88,3.68,4.13,4.53,4.88,3.81,4.27,4.68,4.97,4.09,4.48,4.89,5.12,2.68,3.1,3.49,3.24
2026-06-12,TN,Morristown,3.61,4.04,4.5,4.85,3.64,4.08,4.52,4.85,3.78,4.17,4.63,4.94,4.12,4.52,4.91,5.11,2.62,3.01,3.47,3.25
2026-06-12,TX,Amarillo,3.54,3.9,4.3,4.61,3.54,3.9,4.31,4.62,3.66,4.03,4.46,4.75,3.88,4.25,4.61,5.01,2.61,2.94,3.27,2.99
2026-06-12,TX,Austin-San Marcos,3.45,3.93,4.28,4.58,3.47,3.96,4.32,4.6,3.62,4.1,4.45,4.71,4.02,4.48,4.83,5.11,2.86,3.33,3.7,3.06
2026-06-12,TX,Beaumont-Port Arthur,3.68,4.16,4.57,4.74,3.69,4.16,4.57,4.76,3.79,4.24,4.68,4.85,3.96,4.38,4.75,5.04,2.67,3.12,3.51,3.03
2026-06-12,TX,Corpus Christi,3.65,4.23,4.63,4.64,3.67,4.27,4.67,4.68,3.54,4.1,4.51,4.54,3.95,4.53,4.94,4.86,2.57,2.98,3.32,2.82
2026-06-12,TX,Dallas,3.38,3.82,4.15,4.59,3.41,3.85,4.18,4.61,3.61,4.05,4.39,4.76,4.02,4.42,4.77,5.07,2.85,3.27,3.6,2.97
2026-06-12,TX,El Paso,3.83,4.34,4.66,4.86,3.86,4.39,4.7,4.88,4.13,4.65,4.98,4.97,4.15,4.71,5.03,5.22,2.9,3.38,3.7,3.25
2026-06-12,TX,Fort Worth-Arlington,3.39,3.81,4.18,4.57,3.42,3.85,4.21,4.6,3.6,4.03,4.39,4.73,4.06,4.46,4.81,5.06,2.84,3.25,3.58,2.97
2026-06-12,TX,Galveston-Texas City,3.68,4.19,4.59,4.81,3.68,4.26,4.56,4.83,3.77,4.31,4.7,4.88,4,4.51,4.89,5,2.71,3.19,3.6,3.03
2026-06-12,TX,Houston,3.66,4.27,4.66,4.76,3.68,4.28,4.69,4.77,3.78,4.37,4.78,4.84,3.99,4.53,4.94,4.99,2.68,3.25,3.66,3.01
2026-06-12,TX,San Antonio,3.39,3.87,4.23,4.49,3.41,3.91,4.26,4.51,3.58,4.06,4.42,4.64,3.98,4.44,4.82,5.09,2.88,3.33,3.67,3.01
2026-06-12,TX,Texarkana (TX only),3.71,4.16,4.55,4.69,3.71,4.18,4.6,4.73,3.8,4.29,4.69,4.84,4.05,4.5,4.82,5.16,2.72,3.15,3.54,3.04
2026-06-12,TX,Abilene,3.48,3.85,4.23,4.53,3.53,3.9,4.25,4.55,3.72,4.09,4.44,4.68,4.03,4.38,4.76,4.98,2.69,3.05,3.38,3
2026-06-12,TX,Brownsville-Harlingen,3.62,4.19,4.59,4.66,3.66,4.24,4.63,4.69,3.45,4.01,4.41,4.57,3.94,4.51,4.91,4.89,2.56,2.99,3.34,2.89
2026-06-12,TX,College Station-Bryan,3.76,4.24,4.6,4.85,3.76,4.24,4.59,4.87,3.85,4.32,4.72,4.94,4.06,4.53,4.89,5.13,2.68,3.15,3.49,3.13
2026-06-12,TX,Killeen-Temple-Fort Hood,3.49,3.95,4.27,4.58,3.52,3.93,4.28,4.6,3.69,4.13,4.4,4.72,4.06,4.44,4.75,5.11,2.73,3.14,3.43,3
2026-06-12,TX,Laredo,3.42,3.93,4.33,4.5,3.49,3.95,4.38,4.56,3.54,4.03,4.44,4.61,3.87,4.36,4.76,4.9,2.51,2.94,3.31,2.88
2026-06-12,TX,Longview,3.62,4.11,4.46,4.69,3.64,4.12,4.46,4.71,3.73,4.2,4.57,4.79,4.04,4.5,4.83,5.08,2.68,3.12,3.45,3.03
2026-06-12,TX,Lubbock,3.52,3.99,4.29,4.68,3.54,4.01,4.32,4.69,3.66,4.11,4.44,4.78,3.88,4.3,4.61,4.98,2.55,2.93,3.23,2.9
2026-06-12,TX,McAllen-Edinburg-Mission,3.6,4.18,4.59,4.63,3.65,4.24,4.65,4.66,3.42,3.99,4.4,4.47,3.95,4.53,4.93,4.85,2.52,2.97,3.33,2.84
2026-06-12,TX,Midland,3.63,4.21,4.46,4.72,3.66,4.22,4.48,4.74,3.55,4.12,4.39,4.69,4.03,4.61,4.88,5.11,2.73,3.28,3.53,2.98
2026-06-12,TX,Odessa,3.64,4.16,4.5,4.69,3.65,4.17,4.5,4.72,3.56,4.11,4.43,4.75,4.06,4.6,4.93,5.09,2.71,3.25,3.52,3.01
2026-06-12,TX,San Angelo,3.72,4.25,4.54,4.77,3.78,4.24,4.53,4.79,3.64,4.14,4.44,4.72,3.99,4.55,4.81,5.15,2.61,3.06,3.34,2.97
2026-06-12,TX,Sherman-Denison,3.34,3.66,4.05,4.49,3.35,3.7,4.06,4.51,3.58,3.97,4.35,4.67,3.86,4.18,4.52,5.01,2.73,3.08,3.39,2.92
2026-06-12,TX,Tyler,3.54,4.01,4.34,4.63,3.56,4.01,4.35,4.65,3.7,4.08,4.43,4.76,3.98,4.41,4.68,5.03,2.62,3.02,3.35,2.97
2026-06-12,TX,Victoria,3.66,4.07,4.43,4.64,3.66,4.07,4.42,4.63,3.62,4,4.36,4.62,4.02,4.38,4.76,4.95,2.63,3,3.37,2.97
2026-06-12,TX,Waco,3.52,3.95,4.33,4.61,3.56,3.96,4.36,4.62,3.71,4.16,4.53,4.76,4.07,4.48,4.83,5.1,2.6,2.95,3.32,2.96
2026-06-12,TX,Wichita Falls,3.64,4.09,4.47,4.6,3.65,4.13,4.52,4.64,3.72,4.17,4.54,4.72,3.95,4.38,4.83,5.13,2.63,3,3.34,3.02
2026-06-12,UT,Provo-Orem,4.24,4.53,4.78,5.1,4.27,4.56,4.81,5.14,4.4,4.7,4.94,5.35,4.54,4.81,5.06,5.54,3.25,3.51,3.75,3.39
2026-06-12,UT,Salt Lake City,4.2,4.51,4.77,5.14,4.24,4.55,4.8,5.17,4.36,4.68,4.92,5.38,4.56,4.84,5.08,5.55,3.27,3.55,3.78,3.43
2026-06-12,UT,Logan,4.36,4.64,4.86,5.15,4.37,4.65,4.86,5.16,4.47,4.72,4.95,5.4,4.54,4.8,5.01,5.53,3.2,3.47,3.68,3.39
2026-06-12,UT,Ogden,4.3,4.6,4.85,5.11,4.33,4.64,4.88,5.16,4.45,4.75,4.99,5.36,4.55,4.84,5.09,5.53,3.25,3.53,3.76,3.38
2026-06-12,UT,St. George,4.56,4.84,5.11,5.38,4.57,4.86,5.14,5.39,4.67,4.95,5.2,5.52,4.62,4.9,5.14,5.58,3.39,3.63,3.84,3.42
2026-06-12,VT,Burlington,4.34,4.88,5.35,5.55,4.35,4.89,5.38,5.55,4.42,4.97,5.42,5.61,4.57,5.09,5.57,5.83,3.13,3.68,4.1,3.78
2026-06-12,VA,Charlottesville,3.82,4.25,4.71,5.17,3.85,4.33,4.76,5.2,4.04,4.56,4.97,5.42,4.3,4.73,5.15,5.66,3.06,3.52,3.89,3.49
2026-06-12,VA,Norfolk-Virginia Beach-Newport News,3.97,4.45,4.84,5.19,3.99,4.46,4.86,5.22,4.2,4.65,5.05,5.39,4.35,4.78,5.17,5.63,3.03,3.45,3.82,3.41
2026-06-12,VA,Richmond-Petersburg,3.8,4.32,4.68,5.01,3.83,4.35,4.69,5.03,4.02,4.52,4.9,5.17,4.29,4.74,5.11,5.55,3.07,3.55,3.89,3.45
2026-06-12,VA,Roanoke,3.84,4.3,4.72,5.07,3.87,4.32,4.74,5.1,3.98,4.47,4.87,5.24,4.19,4.65,5,5.56,2.93,3.44,3.8,3.49
2026-06-12,VA,Blacksburg-Christiansburg-Radford,3.85,4.34,4.73,5.05,3.87,4.33,4.72,5.04,4.02,4.49,4.9,5.17,4.23,4.61,5.05,5.49,2.96,3.41,3.8,3.36
2026-06-12,VA,Bristol-Scott-Washington,3.83,4.34,4.67,5.06,3.83,4.29,4.65,5.02,3.96,4.46,4.82,5.17,4.19,4.69,4.94,5.4,2.85,3.3,3.68,3.43
2026-06-12,VA,Harrisonburg,3.72,4.12,4.5,4.98,3.75,4.15,4.55,5.03,3.91,4.31,4.73,5.13,4.21,4.63,5.01,5.46,3,3.44,3.77,3.44
2026-06-12,VA,Lynchburg,3.75,4.27,4.66,5.1,3.77,4.32,4.7,5.16,3.95,4.46,4.82,5.26,4.18,4.57,4.93,5.5,2.89,3.34,3.74,3.48
2026-06-12,VA,Staunton-Waynesboro,3.65,4.05,4.42,5.04,3.69,4.05,4.45,5.06,3.81,4.22,4.66,5.12,4.18,4.61,4.97,5.48,2.99,3.5,3.84,3.5
2026-06-12,VA,"Washington, DC, (VA Only)",3.92,4.49,4.85,5.12,3.94,4.49,4.85,5.13,4.08,4.64,4.99,5.22,4.35,4.86,5.23,5.71,3.11,3.63,3.98,3.63
2026-06-12,VA,Winchester,3.51,3.97,4.33,4.82,3.52,3.96,4.36,4.85,3.64,4.06,4.44,4.9,4.19,4.59,4.98,5.38,3.07,3.47,3.83,3.4
2026-06-12,VA,Fredericksburg,3.53,3.97,4.33,4.99,3.57,3.97,4.33,4.98,3.76,4.19,4.54,5.05,4.24,4.67,5.03,5.48,3.13,3.57,3.9,3.46
2026-06-12,WA,Bellingham,5.44,5.54,5.9,6.19,5.48,5.74,5.9,6.22,5.56,5.85,6.15,6.31,5.7,5.97,6.21,6.52,4.3,4.61,4.9,4.6
2026-06-12,WA,Bremerton,5.72,6,6.24,6.55,5.73,6.01,6.23,6.55,5.81,6.07,6.3,6.61,5.87,6.13,6.36,6.86,4.49,4.7,4.93,4.74
2026-06-12,WA,Olympia,5.52,5.76,6.05,6.7,5.54,5.76,6.06,6.73,5.66,5.95,6.18,6.76,5.8,6.02,6.26,6.97,4.38,4.62,4.86,4.76
2026-06-12,WA,Richland-Kennewick-Pasco,5.19,5.47,5.74,6.18,5.2,5.49,5.77,6.21,5.29,5.55,5.83,6.36,5.44,5.71,5.96,6.67,4.09,4.34,4.6,4.5
2026-06-12,WA,Seattle-Bellevue-Everett,5.81,6.06,6.31,6.78,5.83,6.08,6.33,6.8,5.89,6.14,6.38,6.85,5.96,6.19,6.42,7,4.58,4.83,5.04,4.82
2026-06-12,WA,Spokane,5.08,5.36,5.61,6.17,5.11,5.4,5.64,6.19,5.24,5.53,5.77,6.3,5.38,5.66,5.9,6.53,3.9,4.15,4.42,4.47
2026-06-12,WA,Tacoma,5.66,5.93,6.15,6.68,5.69,5.94,6.17,6.69,5.76,6,6.26,6.79,5.86,6.1,6.34,6.93,4.43,4.67,4.92,4.8
2026-06-12,WA,Yakima,5.32,5.62,5.89,6.3,5.33,5.65,5.89,6.33,5.42,5.68,5.98,6.42,5.52,5.79,6.03,6.58,4.05,4.33,4.53,4.46
2026-06-12,WA,Vancouver,5.46,5.74,5.97,6.3,5.49,5.74,6,6.35,5.58,5.87,6.08,6.47,5.76,5.99,6.23,6.7,4.28,4.48,4.74,4.54
2026-06-12,WA,Clarkson,4.82,5.35,5.56,5.98,4.82,5.35,5.56,5.98,4.92,5.45,5.63,6.24,5.2,0,5.42,6.15,3.81,0,4.08,3.7
2026-06-12,WA,Longview,5.5,5.76,6.03,6.44,5.51,5.77,6.03,6.47,5.6,5.85,6.1,6.54,5.79,5.99,6.26,6.66,4.39,4.67,4.85,4.68
2026-06-12,WA,Mount Vernon-Anacortes,5.39,5.57,5.91,6.31,5.42,5.65,5.91,6.33,5.5,5.72,5.95,6.35,5.67,5.99,5.99,6.68,4.23,4.43,4.68,4.57
2026-06-12,WA,Walla Walla,5.39,5.61,5.97,6.42,5.4,5.63,5.98,6.6,5.5,5.78,6.13,6.7,5.56,5.79,6.38,6.81,4.34,4.46,4.72,4.6
2026-06-12,WA,Wenatchee,5.18,5.36,5.62,6.24,5.2,5.39,5.68,6.28,5.32,5.53,5.78,6.41,5.65,5.87,6.04,6.83,4.18,4.33,4.54,4.63
2026-06-12,WV,Charleston,4.16,4.6,5.08,5.26,4.17,4.61,5.09,5.25,4.29,4.73,5.2,5.35,4.39,4.85,5.34,5.7,2.99,3.43,3.89,3.31
2026-06-12,WV,Parkersburg-Marietta (WV only),4.06,4.53,4.99,4.96,4.11,4.56,5.02,5,4.25,4.65,5.08,5.18,4.39,4.83,5.29,5.64,2.94,3.44,3.88,3.3
2026-06-12,WV,Steubenville-Weirton (WV only),4.16,4.82,5.25,5.31,4.2,4.8,5.25,5.35,4.3,4.8,5.32,5.43,4.47,4.95,5.38,5.68,3.02,3.45,3.92,3.48
2026-06-12,WV,Wheeling (WV only),3.84,4.31,4.75,5.36,3.87,4.34,4.78,5.4,4.05,4.55,4.95,5.55,4.4,4.8,5.23,5.74,3.01,3.45,3.89,3.39
2026-06-12,WV,Beckley,4.36,4.81,5.25,5.41,4.38,4.85,5.27,5.42,4.46,4.93,5.38,5.47,4.46,4.91,5.35,5.8,3.01,3.49,3.9,3.56
2026-06-12,WV,Hampshire County,4.1,4.5,4.79,5.29,4.19,4.65,4.89,5.34,4.3,4.76,5.08,5.46,4.46,4.85,5.3,5.52,3.13,3.6,3.95,3.51
2026-06-12,WV,Huntington,4.06,4.47,4.93,4.93,4.08,4.46,4.93,4.9,4.26,4.68,5.1,5.12,4.37,4.8,5.26,5.66,2.95,3.47,3.89,3.46
2026-06-12,WV,Jefferson County,3.49,3.94,4.33,4.73,3.51,3.99,4.35,4.73,3.6,4.06,4.46,4.91,4.24,4.66,5.08,5.54,3.11,3.56,3.96,3.61
2026-06-12,WV,Mineral County,3.85,4.19,4.53,5.16,3.85,4.13,4.39,5.18,3.99,4.11,4.66,5.36,4.42,4.64,5.08,5.44,3.06,3.45,3.79,3.7
2026-06-12,WV,Morgantown,3.88,4.27,4.71,4.92,3.9,4.31,4.72,4.96,4.01,4.38,4.89,5.05,4.49,4.95,5.4,5.62,3.12,3.55,4,3.5
2026-06-12,WV,"Washington, DC (WV Only)",3.51,3.91,4.32,4.82,3.53,3.97,4.37,4.82,3.6,4.03,4.42,4.91,4.19,4.61,5.01,5.23,3.12,3.52,3.92,3.62
2026-06-12,WI,Eau Claire,3.9,4.38,4.96,5.03,3.91,4.37,4.96,5.06,3.99,4.39,5.08,5.21,4.1,4.54,5.15,5.42,2.88,3.19,3.79,3.3
2026-06-12,WI,Green Bay,3.94,4.55,5.14,5.18,3.96,4.58,5.18,5.22,4.1,4.7,5.29,5.46,4.39,4.94,5.53,5.92,2.91,3.4,3.92,3.26
2026-06-12,WI,Janesville-Beloit,3.91,4.46,5.02,5.06,3.94,4.51,5.08,5.09,4.04,4.53,5.19,5.3,4.42,4.98,5.5,5.91,2.84,3.34,3.84,3.22
2026-06-12,WI,Madison,3.92,4.51,5.1,5.16,3.93,4.54,5.12,5.22,4.01,4.62,5.19,5.35,4.45,4.97,5.6,5.97,2.92,3.5,3.96,3.23
2026-06-12,WI,Milwaukee-Waukesha,3.88,4.46,4.97,5.27,3.89,4.47,4.99,5.3,4,4.58,5.11,5.46,4.48,4.96,5.48,5.94,2.99,3.52,3.99,3.25
2026-06-12,WI,La Crosse (WI only),3.85,4.7,5.05,4.98,3.82,4.6,5.03,4.98,3.85,4.15,5.03,4.99,4.22,0,5.43,5.5,2.98,3.12,3.98,3.22
2026-06-12,WI,Appleton,3.94,4.51,5.12,5.15,3.95,4.57,5.17,5.27,4.05,4.68,5.24,5.43,4.29,4.8,5.42,5.86,2.89,3.42,3.91,3.19
2026-06-12,WI,Fond du Lac,3.69,4.33,4.92,5.02,3.7,4.31,4.95,5.05,3.8,4.41,4.99,5.26,4.35,4.94,5.52,5.91,2.89,3.41,3.96,3.2
2026-06-12,WI,Kenosha County,3.9,4.51,5.06,5.6,3.93,4.49,5.08,5.65,4.01,4.66,5.17,5.73,4.49,5.01,5.6,6.04,2.99,3.54,4,3.42
2026-06-12,WI,Oshkosh,3.91,4.51,5.08,5.06,3.91,4.51,5.08,5.19,4.08,4.65,5.26,5.34,4.37,4.9,5.51,5.86,2.9,3.38,3.9,3.26
2026-06-12,WI,Pierce -St. Croix County,3.96,4.37,5,5.15,3.95,4.39,5.02,5.18,4.1,4.58,5.11,5.25,4.14,4.49,5.1,5.57,3.03,3.47,3.98,3.43
2026-06-12,WI,Racine,3.85,4.46,4.94,5.31,3.86,4.45,4.97,5.35,3.94,4.51,5.03,5.53,4.46,4.94,5.46,6.09,3.02,3.53,4.05,3.29
2026-06-12,WI,Sheboygan,3.82,4.46,5.03,5.27,3.82,4.48,5.06,5.31,3.96,4.61,5.19,5.47,4.38,4.98,5.54,5.93,2.9,3.49,3.92,3.24
2026-06-12,WI,Superior,4.01,4.69,5.13,5.21,4.03,4.59,5.13,5.2,4.11,4.6,5.25,5.46,4.18,4.6,5.27,5.67,2.8,3.21,3.83,3.5
2026-06-12,WI,Wausau,3.82,4.52,5.03,5.18,3.84,4.51,5.02,5.26,3.96,4.68,5.2,5.42,4.38,4.92,5.54,5.77,2.86,3.49,3.9,3.26
2026-06-12,WY,Casper,4.08,4.4,4.71,5.01,4.1,4.41,4.78,5.02,4.23,4.54,4.85,5.24,4.37,4.69,5.02,5.4,2.8,3.13,3.45,3.22
2026-06-12,WY,Cheyenne,4.07,4.41,4.68,5.07,4.1,4.45,4.71,5.12,4.27,4.63,4.9,5.2,4.23,4.57,4.83,5.33,2.95,3.25,3.5,3.31
2026-06-13,AL,Birmingham,3.74,4.23,4.65,4.88,3.76,4.26,4.66,4.91,3.85,4.34,4.75,5,4.05,4.53,4.92,5.24,2.75,3.25,3.65,3.33
2026-06-13,AL,Huntsville,3.7,4.19,4.54,4.94,3.72,4.22,4.54,4.96,3.82,4.31,4.65,5.06,4.07,4.52,4.87,5.25,2.7,3.15,3.49,3.26
2026-06-13,AL,Mobile,3.58,4.08,4.44,4.72,3.6,4.09,4.48,4.76,3.72,4.19,4.59,4.87,4.02,4.45,4.83,5.16,2.77,3.22,3.6,3.24
2026-06-13,AL,Montgomery,3.72,4.2,4.63,4.78,3.73,4.22,4.63,4.78,3.82,4.29,4.72,4.87,4.07,4.53,4.95,5.17,2.79,3.25,3.64,3.26
2026-06-13,AL,Tuscaloosa,3.65,4.1,4.51,4.86,3.67,4.1,4.52,4.89,3.77,4.22,4.64,4.98,4.03,4.47,4.88,5.2,2.69,3.14,3.55,3.3
2026-06-13,AL,Anniston-Oxford,3.64,4.1,4.53,4.74,3.7,4.18,4.53,4.78,3.79,4.26,4.66,4.84,3.96,4.4,4.8,5.16,2.73,3.14,3.52,3.23
2026-06-13,AL,Auburn,3.65,4.04,4.49,4.69,3.67,4.04,4.46,4.72,3.78,4.17,4.6,4.79,4.05,4.45,4.94,5.11,2.76,3.19,3.58,3.24
2026-06-13,AL,Daphne-Fairhope-Foley,3.55,4.02,4.42,4.76,3.57,4.04,4.44,4.78,3.69,4.16,4.58,4.87,4.04,4.51,4.91,5.15,2.8,3.22,3.62,3.23
2026-06-13,AL,Decatur,3.63,4.1,4.44,4.82,3.64,4.09,4.44,4.83,3.75,4.17,4.57,4.89,4.01,4.49,4.82,5.22,2.66,3.13,3.52,3.18
2026-06-13,AL,Dothan,3.7,4.01,4.51,4.9,3.71,4.1,4.51,4.94,3.8,4.19,4.63,5.02,4.12,4.5,4.89,5.32,2.77,3.15,3.59,3.41
2026-06-13,AL,Florence-Muscle Shoals,3.62,4.05,4.43,4.88,3.65,4.08,4.47,4.9,3.77,4.22,4.6,4.93,4.08,4.54,4.9,5.14,2.73,3.17,3.56,3.19
2026-06-13,AL,Gadsden,3.6,4.14,4.5,4.82,3.63,4.14,4.55,4.8,3.75,4.22,4.65,4.89,3.97,4.42,4.86,5.19,2.64,3.06,3.49,3.14
2026-06-13,AL,Russell County,3.72,4.25,4.75,4.88,3.78,4.25,4.74,4.89,3.89,4.46,4.88,5,4.13,4.55,5.03,5.32,2.79,3.24,3.64,3.34
2026-06-13,AK,Juneau,4.77,4.81,4.98,6.03,4.86,4.94,5.04,5.96,4.9,4.97,5.09,6.01,4.78,4.94,5.08,5.98,3.66,3.73,3.88,4.04
2026-06-13,AK,Fairbanks,4.97,5.26,5.54,5.5,5.01,5.34,5.56,5.52,5.21,5.44,5.67,5.61,5.27,5.56,5.7,5.84,3.66,3.93,4.11,3.76
2026-06-13,AK,Anchorage,5.09,5.39,5.64,5.7,5.11,5.42,5.66,5.72,5.15,5.45,5.69,5.73,5.24,5.54,5.78,5.92,3.55,3.8,4.05,3.62
2026-06-13,AZ,Flagstaff,4.68,4.98,5.29,5.73,4.7,5.03,5.34,5.76,4.75,5.09,5.44,5.85,4.86,5.11,5.44,5.89,3.16,3.46,3.83,3.36
2026-06-13,AZ,Phoenix-Mesa,4.39,4.81,5.12,5.43,4.42,4.83,5.14,5.48,4.53,4.94,5.26,5.6,4.88,5.29,5.61,5.74,3.41,3.77,4.09,3.42
2026-06-13,AZ,Pima County,4.34,4.72,5.03,5.54,4.36,4.74,5.05,5.58,4.47,4.85,5.15,5.65,4.73,5.1,5.41,5.77,2.96,3.3,3.6,3.29
2026-06-13,AZ,Yuma,4.56,4.83,5.13,5.7,4.56,4.84,5.13,5.71,4.65,4.92,5.24,5.82,4.83,5.12,5.43,5.99,2.88,3.27,3.58,3.36
2026-06-13,AZ,Phoenix Proper,4.39,4.81,5.12,5.44,4.41,4.83,5.14,5.48,4.54,4.95,5.26,5.62,4.89,5.3,5.61,5.72,3.4,3.74,4.06,3.37
2026-06-13,AZ,East Valley,4.39,4.8,5.11,5.4,4.42,4.82,5.12,5.44,4.53,4.93,5.26,5.57,4.91,5.3,5.63,5.7,3.47,3.82,4.15,3.4
2026-06-13,AZ,West Valley,4.37,4.78,5.11,5.46,4.39,4.79,5.13,5.48,4.5,4.94,5.25,5.6,4.85,5.28,5.6,5.75,3.4,3.75,4.06,3.4
2026-06-13,AZ,Scottsdale,4.54,4.92,5.23,5.63,4.58,4.96,5.29,5.67,4.68,5.07,5.39,5.76,4.98,5.35,5.68,5.86,3.54,3.88,4.2,3.65
2026-06-13,AZ,Tucson,4.35,4.73,5.04,5.54,4.36,4.75,5.06,5.58,4.48,4.86,5.16,5.65,4.72,5.09,5.41,5.76,2.95,3.29,3.6,3.28
2026-06-13,AZ,Glendale,4.38,4.78,5.11,5.43,4.4,4.8,5.14,5.45,4.5,4.95,5.26,5.58,4.86,5.3,5.59,5.71,3.43,3.78,4.07,3.38
2026-06-13,AZ,Peoria,4.39,4.84,5.16,5.5,4.42,4.84,5.17,5.52,4.53,4.96,5.3,5.64,4.88,5.32,5.65,5.83,3.41,3.79,4.15,3.48
2026-06-13,AZ,Prescott,4.68,5.01,5.36,5.8,4.72,5.06,5.38,5.81,4.8,5.14,5.45,5.89,4.8,5.1,5.42,5.89,3.17,3.42,3.78,3.51
2026-06-13,AZ,Lake Havasu-Kingman,4.51,4.77,5.17,5.68,4.57,4.81,5.16,5.73,4.66,4.96,5.33,5.84,4.84,5.12,5.45,5.97,3.13,3.37,3.67,3.56
2026-06-13,AZ,Sierra Vista-Douglas,4.51,4.8,5.13,5.52,4.54,4.82,5.14,5.51,4.58,4.87,5.19,5.62,4.7,5.02,5.33,5.76,2.97,3.19,3.51,3.34
2026-06-13,AR,Fayetteville-Springdale-Rogers,3.65,4.06,4.35,4.71,3.66,4.11,4.39,4.72,3.76,4.17,4.44,4.84,4.04,4.42,4.74,5.16,2.85,3.27,3.55,3.14
2026-06-13,AR,Little Rock-North Little Rock,3.67,4.2,4.55,4.67,3.7,4.21,4.58,4.71,3.8,4.31,4.69,4.82,4.01,4.49,4.86,5.16,2.76,3.23,3.61,3.12
2026-06-13,AR,Pine Bluff,3.71,4.22,4.64,4.68,3.74,4.19,4.58,4.68,3.8,4.33,4.71,4.82,4.03,4.46,4.89,5.21,2.7,3.29,3.7,3.22
2026-06-13,AR,Fort Smith (AR only),3.7,4.15,4.52,4.72,3.71,4.17,4.52,4.73,3.82,4.29,4.66,4.88,4,4.37,4.78,5.16,2.79,3.22,3.56,3.12
2026-06-13,AR,Texarkana (AR only),3.73,4.3,4.52,4.69,3.71,4.31,4.54,4.7,3.85,4.39,4.6,4.86,4.15,4.69,4.94,5.08,2.79,3.23,3.6,3.22
2026-06-13,AR,Hot Springs,3.62,4.24,4.62,4.76,3.65,4.23,4.68,4.77,3.78,4.35,4.75,4.88,4.01,4.54,4.92,5.21,2.76,3.27,3.6,3.18
2026-06-13,AR,Jonesboro,3.55,3.9,4.35,4.73,3.59,3.96,4.38,4.74,3.67,4.19,4.62,4.89,4.01,4.42,4.86,5.21,2.67,3.07,3.57,3.22
2026-06-13,AR,West Memphis,3.68,4.11,4.64,4.85,3.7,4.05,4.65,4.87,3.79,4.25,4.75,4.97,4.06,4.44,4.98,5.28,2.71,3.15,3.6,3.23
2026-06-13,CA,Bakersfield,5.9,6.15,6.34,7.12,5.91,6.18,6.37,7.12,5.98,6.18,6.41,7.24,6.05,6.27,6.48,7.39,4.61,4.84,5.05,4.97
2026-06-13,CA,Chico-Paradise,5.71,5.9,6.12,6.92,5.74,5.94,6.13,6.94,5.81,6.01,6.24,6.99,5.91,6.18,6.33,7.31,4.62,4.88,5.01,5.02
2026-06-13,CA,Fresno,5.71,5.98,6.17,7.1,5.75,5.99,6.21,7.15,5.89,6.16,6.36,7.3,6.07,6.31,6.5,7.52,4.7,4.94,5.16,5.19
2026-06-13,CA,Los Angeles-Long Beach,5.77,6.01,6.18,7.13,5.81,6.04,6.2,7.17,5.93,6.16,6.33,7.29,6.23,6.46,6.62,7.49,4.65,4.88,5.04,4.96
2026-06-13,CA,Merced,5.9,6.22,6.46,7.44,5.92,6.22,6.48,7.45,5.99,6.31,6.53,7.54,6.05,6.38,6.58,7.66,4.55,4.84,5.05,5.1
2026-06-13,CA,Modesto,5.72,6.02,6.22,7.08,5.75,6.02,6.23,7.1,5.85,6.11,6.33,7.31,5.99,6.26,6.49,7.54,4.41,4.67,4.9,5.21
2026-06-13,CA,Oakland,5.83,6.08,6.26,7.1,5.86,6.12,6.3,7.14,6.01,6.27,6.45,7.3,6.21,6.46,6.66,7.61,4.78,5.04,5.2,5.28
2026-06-13,CA,Orange County,5.64,5.88,6.04,6.9,5.67,5.91,6.07,6.93,5.81,6.04,6.2,7.05,6.19,6.42,6.58,7.25,4.56,4.79,4.93,4.79
2026-06-13,CA,Redding,5.64,5.9,6.04,6.88,5.67,5.86,6.03,6.91,5.81,6.02,6.17,7.11,5.93,6.08,6.28,7.32,4.5,4.7,4.83,4.97
2026-06-13,CA,Riverside,5.61,5.86,6.03,6.95,5.64,5.88,6.06,6.98,5.78,6.02,6.2,7.11,6.07,6.31,6.48,7.32,4.46,4.72,4.89,4.82
2026-06-13,CA,Sacramento,5.77,6.04,6.25,7.09,5.8,6.08,6.28,7.12,5.94,6.2,6.4,7.28,6.09,6.34,6.56,7.5,4.64,4.9,5.11,5.22
2026-06-13,CA,Salinas,5.91,6.11,6.29,7.13,5.92,6.14,6.3,7.14,6.07,6.26,6.46,7.38,6.29,6.46,6.67,7.68,4.93,5.08,5.33,5.47
2026-06-13,CA,San Diego,5.78,6.02,6.2,6.94,5.8,6.04,6.21,6.98,5.92,6.15,6.33,7.1,6.18,6.42,6.6,7.32,4.66,4.88,5.06,4.82
2026-06-13,CA,San Francisco,5.88,6.12,6.29,7.03,5.93,6.14,6.35,7.1,6.08,6.33,6.49,7.32,6.32,6.55,6.74,7.74,4.86,5.09,5.28,5.43
2026-06-13,CA,San Jose,5.77,6.01,6.18,7.01,5.8,6.04,6.22,7.06,5.95,6.18,6.37,7.26,6.14,6.37,6.55,7.55,4.73,4.96,5.13,5.24
2026-06-13,CA,San Luis Obispo-Atascadero-Paso Robles,5.96,6.18,6.33,7.24,5.98,6.22,6.38,7.25,6.11,6.35,6.49,7.43,6.29,6.46,6.68,7.66,4.92,5.1,5.31,5.36
2026-06-13,CA,Santa Barbara-Santa Maria-Lompoc,5.8,6.02,6.17,7.09,5.8,6.04,6.23,7.15,5.9,6.11,6.28,7.25,6.1,6.29,6.48,7.41,4.58,4.77,4.93,4.9
2026-06-13,CA,Santa Cruz-Watsonville,5.96,6.19,6.42,7.16,5.99,6.22,6.42,7.18,6.11,6.39,6.56,7.35,6.24,6.56,6.75,7.53,4.94,5.18,5.38,5.37
2026-06-13,CA,Santa Rosa,5.89,6.12,6.31,7.04,5.91,6.14,6.34,7.05,6.06,6.3,6.46,7.32,6.28,6.51,6.69,7.68,4.92,5.13,5.32,5.37
2026-06-13,CA,Stockton-Lodi,5.62,5.88,6.1,6.94,5.65,5.94,6.13,6.99,5.81,6.09,6.28,7.14,5.99,6.28,6.49,7.46,4.56,4.81,5,5.15
2026-06-13,CA,Vallejo-Fairfield,5.76,6.02,6.19,6.98,5.78,6.05,6.22,7.04,5.89,6.17,6.35,7.25,6.1,6.36,6.57,7.51,4.72,4.99,5.18,5.24
2026-06-13,CA,Ventura,5.68,5.93,6.1,7.08,5.71,5.96,6.11,7.1,5.84,6.1,6.28,7.2,6.12,6.36,6.53,7.37,4.68,4.9,5.06,5.02
2026-06-13,CA,Visalia-Tulare-Porterville,5.72,6.01,6.23,7.08,5.74,6.01,6.24,7.11,5.86,6.13,6.35,7.24,6.03,6.34,6.57,7.5,4.67,4.97,5.16,5.11
2026-06-13,CA,Yolo,5.76,6.02,6.25,6.98,5.79,6.06,6.3,6.98,5.9,6.19,6.4,7.22,6,6.27,6.46,7.39,4.6,4.76,5.04,5.1
2026-06-13,CA,Yuba City,5.55,5.81,6.01,6.89,5.6,5.84,6.07,6.93,5.74,6.03,6.27,7.07,5.83,6.01,6.28,7.26,4.44,4.83,4.95,5.02
2026-06-13,CA,El Centro,5.56,5.74,5.95,6.94,5.58,5.76,5.96,6.97,5.69,5.93,6.1,7.12,5.83,6.02,6.22,7.28,4.31,4.5,4.65,4.77
2026-06-13,CA,Hanford-Corcoran,5.63,5.89,6.05,6.96,5.64,5.96,6.14,6.99,5.84,6.13,6.28,7.17,5.98,6.22,6.46,7.33,4.47,4.73,4.92,5.02
2026-06-13,CA,Madera-Chowchilla,5.92,6.24,6.4,7.1,5.91,6.21,6.42,7.16,6.04,6.33,6.59,7.35,6.13,6.38,6.67,7.59,4.72,4.97,5.2,5.13
2026-06-13,CA,Napa,5.85,6.13,6.27,6.88,5.86,6.12,6.29,6.93,6.06,6.3,6.51,7.14,6.39,6.56,6.71,7.4,5.03,5.22,5.38,5.32
2026-06-13,CA,San Bernardino,5.64,5.84,6.02,6.92,5.67,5.88,6.06,6.94,5.82,6.02,6.21,7.08,6.12,6.35,6.52,7.34,4.5,4.7,4.87,4.85
2026-06-13,CA,San Rafael,5.81,6.09,6.25,6.86,5.84,6.1,6.28,6.88,6,6.29,6.44,7.15,6.3,6.53,6.72,7.65,4.77,4.97,5.18,5.4
2026-06-13,CO,Boulder-Longmont,4.11,4.56,4.88,5.08,4.14,4.58,4.94,5.1,4.21,4.67,5.01,5.14,4.54,4.99,5.36,5.55,3.09,3.53,3.85,3.43
2026-06-13,CO,Colorado Springs,3.99,4.41,4.73,4.72,4.04,4.46,4.77,4.77,4.08,4.5,4.82,4.9,4.57,4.99,5.34,5.61,3.06,3.45,3.77,3.24
2026-06-13,CO,Denver,4.03,4.48,4.8,4.78,4.07,4.52,4.84,4.8,4.08,4.53,4.85,4.94,4.56,5.03,5.35,5.6,3.06,3.49,3.8,3.29
2026-06-13,CO,Fort Collins-Loveland,4.14,4.56,4.83,4.87,4.17,4.56,4.87,4.88,4.3,4.7,5.02,5.01,4.56,5.03,5.31,5.6,3.05,3.44,3.74,3.26
2026-06-13,CO,Pueblo,4.01,4.41,4.81,4.75,4.06,4.42,4.78,4.79,4.18,4.52,4.84,5,4.42,4.82,5.21,5.45,2.99,3.4,3.74,3.23
2026-06-13,CO,Grand Junction (CO only),4.28,4.62,4.95,5.23,4.34,4.65,5,5.29,4.46,4.77,5.13,5.43,4.58,4.9,5.23,5.68,3.16,3.49,3.82,3.46
2026-06-13,CO,Durango,4.68,4.98,5.26,5.42,4.69,4.98,5.26,5.43,4.69,4.98,5.27,5.49,4.5,4.78,5.11,5.69,3.21,3.46,3.81,3.42
2026-06-13,CO,Glenwood Springs,4.78,5.39,5.58,5.72,4.81,5.41,5.59,5.71,4.83,5.44,5.6,5.78,4.81,5.21,5.47,5.78,3.5,4.02,4.14,3.74
2026-06-13,CO,Greeley,3.97,4.37,4.68,4.62,4.01,4.39,4.72,4.66,4,4.41,4.71,4.78,4.53,4.94,5.26,5.54,2.99,3.4,3.7,3.18
2026-06-13,CO,Vail,4.62,4.98,5.3,5.76,4.62,4.99,5.31,5.76,4.65,4.99,5.28,5.76,4.76,5.08,5.29,5.72,3.55,3.88,4.12,3.59
2026-06-13,CT,Bridgeport,4.36,4.98,5.38,5.65,4.39,5,5.41,5.68,4.52,5.13,5.52,5.75,4.67,5.25,5.66,5.87,3.15,3.79,4.14,3.78
2026-06-13,CT,Hartford,4.19,4.8,5.22,5.52,4.22,4.84,5.24,5.53,4.35,4.95,5.36,5.62,4.6,5.1,5.53,5.83,3.07,3.69,4.03,3.74
2026-06-13,CT,New Haven-Meriden,4.23,4.78,5.17,5.52,4.26,4.81,5.18,5.54,4.38,4.93,5.27,5.62,4.59,5.05,5.42,5.81,3.05,3.67,3.99,3.71
2026-06-13,CT,New London-Norwich (CT only),4.14,4.72,5.13,5.45,4.17,4.77,5.17,5.48,4.35,4.89,5.28,5.62,4.6,5.06,5.48,5.8,3.06,3.6,3.96,3.6
2026-06-13,CT,Windham,4.26,4.73,5.2,5.52,4.29,4.72,5.15,5.54,4.4,4.92,5.31,5.66,4.64,5.07,5.46,5.84,3.12,3.59,3.97,3.64
2026-06-13,CT,Lower Fairfield County,4.35,4.98,5.32,5.63,4.38,4.98,5.35,5.64,4.52,5.11,5.49,5.73,4.68,5.24,5.62,5.85,3.12,3.77,4.11,3.76
2026-06-13,DE,Dover,3.83,4.38,4.71,4.98,3.88,4.43,4.75,4.99,3.98,4.54,4.81,5.11,4.36,4.88,5.2,5.57,2.98,3.46,3.79,3.54
2026-06-13,DE,Wilmington-Newark (DE only),3.81,4.5,4.78,4.95,3.84,4.53,4.8,4.97,3.94,4.65,4.92,5.09,4.3,4.94,5.18,5.51,2.96,3.57,3.81,3.45
2026-06-13,DE,Milford-Seaford,3.84,4.32,4.69,4.99,3.89,4.35,4.71,4.99,3.98,4.45,4.8,5.09,4.36,4.79,5.13,5.55,2.97,3.4,3.75,3.49
2026-06-13,DC,Washington (DC only),4.37,4.96,5.4,5.67,4.39,4.98,5.41,5.69,4.49,5.1,5.47,5.86,4.66,5.28,5.62,5.97,3.18,3.74,4.15,3.72
2026-06-13,DC,Washington (Entire Metro Average),3.96,4.52,4.88,5.12,3.98,4.56,4.91,5.15,4.11,4.68,5.01,5.26,4.4,4.93,5.28,5.71,3.12,3.66,4.01,3.64
2026-06-13,FL,Daytona Beach,3.87,4.34,4.69,4.92,3.91,4.38,4.74,4.95,3.83,4.28,4.65,4.93,4.36,4.81,5.17,5.22,2.94,3.34,3.68,3.34
2026-06-13,FL,Fort Lauderdale,3.93,4.42,4.78,5.01,3.96,4.45,4.78,5.03,3.96,4.46,4.76,5.02,4.36,4.84,5.12,5.36,2.97,3.46,3.73,3.31
2026-06-13,FL,Fort Myers-Cape Coral,3.83,4.32,4.62,4.85,3.88,4.37,4.69,4.9,3.78,4.25,4.56,4.83,4.28,4.75,5.06,5.29,2.97,3.43,3.73,3.3
2026-06-13,FL,Gainesville,3.91,4.41,4.77,5.07,3.95,4.43,4.85,5.09,3.98,4.48,4.84,5.08,4.43,4.89,5.28,5.38,3.04,3.51,3.87,3.44
2026-06-13,FL,Jacksonville,3.85,4.32,4.69,4.94,3.89,4.38,4.74,4.98,3.8,4.28,4.64,4.98,4.3,4.75,5.12,5.24,2.91,3.34,3.72,3.31
2026-06-13,FL,Miami,3.94,4.39,4.65,4.98,3.96,4.41,4.67,5,3.98,4.43,4.66,5.03,4.33,4.73,4.99,5.35,2.94,3.4,3.63,3.3
2026-06-13,FL,Orlando,3.81,4.26,4.59,4.87,3.87,4.32,4.65,4.92,3.68,4.1,4.44,4.86,4.29,4.71,5.04,5.1,2.94,3.36,3.67,3.31
2026-06-13,FL,Pensacola,3.52,4,4.41,4.74,3.54,4.07,4.44,4.75,3.63,4.13,4.53,4.8,4.07,4.52,4.91,5.15,2.89,3.32,3.72,3.3
2026-06-13,FL,Tallahassee,3.88,4.39,4.76,4.94,3.9,4.4,4.77,4.96,4.01,4.52,4.89,5.09,4.34,4.8,5.17,5.31,2.9,3.33,3.73,3.44
2026-06-13,FL,Tampa-St. Petersburg-Clearwater,3.83,4.31,4.64,4.89,3.88,4.36,4.7,4.93,3.73,4.21,4.55,4.88,4.32,4.79,5.13,5.19,2.99,3.45,3.78,3.35
2026-06-13,FL,West Palm Beach-Boca Raton,4.08,4.56,4.91,5.06,4.11,4.59,4.96,5.09,4.05,4.53,4.9,5.13,4.48,4.95,5.28,5.41,3.15,3.61,3.95,3.45
2026-06-13,FL,Bradenton-Sarasota-Venice,3.83,4.3,4.65,4.89,3.88,4.35,4.7,4.92,3.72,4.18,4.54,4.91,4.27,4.75,5.07,5.19,2.92,3.38,3.68,3.34
2026-06-13,FL,Crestview-Fort Walton Beach,3.64,4.15,4.57,4.8,3.66,4.12,4.55,4.81,3.77,4.27,4.71,4.89,4.1,4.54,4.95,5.23,2.8,3.21,3.6,3.27
2026-06-13,FL,Homosassa Springs,3.89,4.3,4.63,4.95,3.93,4.37,4.72,4.97,3.83,4.29,4.66,4.96,4.35,4.75,5.13,5.26,2.98,3.37,3.71,3.37
2026-06-13,FL,Lakeland-Winter Haven,3.85,4.28,4.63,4.89,3.89,4.33,4.68,4.93,3.8,4.21,4.6,4.9,4.35,4.78,5.15,5.26,2.99,3.41,3.73,3.37
2026-06-13,FL,Melbourne-Titusville,3.79,4.27,4.63,4.93,3.86,4.33,4.7,4.97,3.76,4.21,4.58,5.03,4.27,4.73,5.09,5.29,2.85,3.31,3.66,3.34
2026-06-13,FL,Naples,3.96,4.4,4.75,5.06,3.98,4.44,4.78,5.07,3.97,4.42,4.76,5.11,4.4,4.87,5.18,5.43,3.06,3.5,3.81,3.4
2026-06-13,FL,Ocala,3.86,4.28,4.66,4.96,3.9,4.35,4.7,5.02,3.78,4.14,4.55,4.92,4.27,4.68,5.04,5.26,3.03,3.44,3.77,3.36
2026-06-13,FL,Panama City,3.67,4.14,4.55,4.85,3.68,4.12,4.56,4.86,3.78,4.22,4.63,4.92,4.11,4.54,4.98,5.23,2.79,3.25,3.62,3.29
2026-06-13,FL,Port St. Lucie,3.85,4.31,4.69,4.93,3.91,4.36,4.76,4.98,3.84,4.32,4.67,5.06,4.32,4.72,5.09,5.36,2.96,3.42,3.75,3.35
2026-06-13,FL,Punta Gorda,3.83,4.34,4.68,4.9,3.88,4.42,4.76,4.92,3.71,4.22,4.59,4.94,4.25,4.77,5.1,5.25,2.89,3.39,3.62,3.32
2026-06-13,FL,Sebastian-Vero Beach,3.88,4.38,4.71,4.99,3.93,4.45,4.76,5.02,3.9,4.45,4.81,5.08,4.38,4.86,5.23,5.35,2.97,3.46,3.78,3.4
2026-06-13,FL,Sebring,3.88,4.34,4.68,4.86,3.92,4.33,4.72,4.9,3.86,4.29,4.6,4.95,4.3,4.72,5.07,5.24,3.02,3.42,3.76,3.34
2026-06-13,FL,The Villages,3.78,4.28,4.66,4.94,3.86,4.35,4.66,4.95,3.66,4.12,4.46,4.82,4.2,4.71,5.06,5.18,3,3.39,3.77,3.32
2026-06-13,GA,Atlanta,3.78,4.27,4.71,4.92,3.79,4.28,4.72,4.93,3.85,4.33,4.77,4.97,4.06,4.53,4.96,5.12,2.87,3.34,3.75,3.47
2026-06-13,GA,Macon,3.87,4.32,4.77,5.06,3.87,4.34,4.79,5.07,3.93,4.38,4.8,5.1,4.04,4.51,4.91,5.25,2.9,3.31,3.71,3.44
2026-06-13,GA,Savannah,3.88,4.31,4.74,5.03,3.89,4.32,4.74,5.03,3.98,4.43,4.82,5.14,4.02,4.43,4.84,5.12,2.97,3.4,3.8,3.42
2026-06-13,GA,Augusta-Aiken (GA only),3.72,4.19,4.58,4.86,3.74,4.21,4.62,4.88,3.87,4.34,4.76,4.98,3.85,4.3,4.7,5.11,2.81,3.26,3.66,3.32
2026-06-13,GA,Columbus (GA only),3.78,4.23,4.65,4.97,3.78,4.23,4.67,5,3.86,4.32,4.78,5.01,3.84,4.26,4.69,5.06,2.84,3.21,3.66,3.41
2026-06-13,GA,Albany,3.58,4.01,4.45,4.81,3.59,4.03,4.49,4.8,3.71,4.13,4.54,5.02,3.8,4.3,4.58,5.08,2.86,3.28,3.66,3.31
2026-06-13,GA,Athens,3.76,4.2,4.54,4.91,3.78,4.19,4.55,4.9,3.84,4.26,4.69,4.93,4.04,4.45,4.87,5.08,2.89,3.33,3.7,3.43
2026-06-13,GA,Valdosta,3.73,4.17,4.54,4.89,3.75,4.17,4.56,4.9,3.93,4.39,4.76,5.05,3.93,4.34,4.71,5.01,2.93,3.38,3.68,3.36
2026-06-13,GA,Brunswick,3.65,4.04,4.4,4.89,3.65,4.08,4.38,4.89,3.7,4.14,4.48,4.96,3.83,4.29,4.61,4.98,2.79,3.19,3.55,3.46
2026-06-13,GA,Catoosa-Dade-Walker,3.59,4,4.39,4.76,3.59,4.02,4.45,4.77,3.7,4.15,4.55,4.84,3.87,4.32,4.7,4.97,2.79,3.3,3.69,3.15
2026-06-13,GA,Dalton,3.65,4.06,4.51,4.84,3.67,4.08,4.53,4.82,3.76,4.22,4.65,4.88,3.95,4.44,4.84,5.06,2.81,3.32,3.65,3.24
2026-06-13,GA,Gainesville,3.68,4.13,4.55,4.83,3.69,4.16,4.56,4.83,3.77,4.17,4.61,4.86,4.04,4.51,4.91,5.07,2.87,3.31,3.74,3.38
2026-06-13,GA,Hinesville-Fort Stewart,3.78,4.14,4.52,4.98,3.8,4.08,4.42,5,3.98,4.47,4.71,5.07,3.88,4.32,4.64,5.01,2.84,3.2,3.58,3.39
2026-06-13,GA,Rome,3.68,4.12,4.59,4.84,3.7,4.16,4.6,4.87,3.78,4.23,4.68,4.92,3.93,4.39,4.79,5.08,2.82,3.36,3.77,3.3
2026-06-13,GA,Warner Robins,3.72,4.13,4.51,4.85,3.7,4.08,4.52,4.89,3.8,4.2,4.6,4.95,3.95,4.38,4.76,5.1,2.76,3.13,3.49,3.23
2026-06-13,HI,Hilo,5.64,6.01,6.23,7.12,5.64,6.01,6.2,7.17,5.66,6,6.22,7.03,5.66,5.92,6.2,6.94,4.65,4.87,5.12,5.26
2026-06-13,HI,Wailuku,5.63,5.79,5.73,7.33,5.62,5.65,5.8,7.32,5.67,5.71,5.89,7.45,5.68,5.95,5.94,7.61,4.52,4.7,4.73,5.34
2026-06-13,HI,Honolulu,5.55,5.83,6.09,6.94,5.54,5.83,6.09,6.94,5.56,5.85,6.1,6.95,5.61,5.89,6.14,6.97,4.38,4.66,4.91,5.22
2026-06-13,HI,Kahului,5.63,5.79,5.73,7.33,5.62,5.65,5.8,7.32,5.67,5.71,5.89,7.45,5.68,5.95,5.94,7.61,4.52,4.7,4.73,5.34
2026-06-13,HI,Lihue (Kauai),5.9,6.2,6.42,7.34,5.91,6.22,6.4,7.3,5.95,6.27,6.47,7.4,5.94,6.22,6.4,7.36,5.04,5.34,5.57,5.51
2026-06-13,ID,Coeur D'Alene,4.3,4.59,4.89,5.19,4.3,4.61,4.87,5.2,4.42,4.7,5,5.28,4.61,4.94,5.2,5.54,3.3,3.57,3.84,3.69
2026-06-13,ID,Boise City,4.36,4.6,4.86,5.14,4.38,4.62,4.9,5.2,4.45,4.7,4.93,5.31,4.61,4.82,5.08,5.55,3.2,3.43,3.67,3.46
2026-06-13,ID,Pocatello,4.53,4.87,5.11,5.21,4.54,4.87,5.13,5.24,4.61,4.94,5.18,5.46,4.59,4.9,5.17,5.57,3.3,3.63,3.86,3.4
2026-06-13,ID,Franklin,4.37,4.65,4.84,5.18,4.38,4.64,4.88,5.19,4.48,4.79,4.98,5.47,4.56,4.87,5.1,5.56,3.25,3.53,3.79,3.42
2026-06-13,ID,Idaho Falls,4.34,4.64,4.92,5.12,4.36,4.65,4.94,5.15,4.42,4.74,5.04,5.32,4.57,4.88,5.12,5.52,3.28,3.59,3.85,3.4
2026-06-13,ID,Lewiston,4.38,4.73,5.11,5.38,4.38,4.74,5.13,5.39,4.46,4.79,5.16,5.48,4.54,4.8,5.09,5.59,3.33,3.6,3.88,3.79
2026-06-13,ID,Twin Falls,4.56,4.86,5.18,5.28,4.57,4.86,5.18,5.29,4.66,4.98,5.24,5.49,4.6,4.9,5.21,5.57,3.34,3.6,3.9,3.52
2026-06-13,IL,Bloomington-Normal,4.3,4.84,5.28,5.36,4.32,4.89,5.28,5.39,4.49,5.05,5.42,5.58,4.84,5.4,5.8,6.12,3.15,3.7,4.09,3.38
2026-06-13,IL,Champaign-Urbana,4.3,4.88,5.24,5.16,4.31,4.94,5.26,5.18,4.51,5.1,5.43,5.51,4.91,5.5,5.83,6.1,3.19,3.76,4.1,3.36
2026-06-13,IL,Chicago Metro,4.43,5.05,5.59,5.66,4.46,5.07,5.61,5.69,4.66,5.25,5.78,5.84,5.19,5.75,6.27,6.26,3.66,4.22,4.73,3.61
2026-06-13,IL,Decatur,4.08,4.75,5.18,5.35,4.14,4.76,5.16,5.35,4.33,4.8,5.26,5.59,4.86,5.36,5.81,6.14,3.13,3.65,4.1,3.38
2026-06-13,IL,Peoria-Pekin,4.47,5.06,5.43,5.67,4.5,5.12,5.47,5.69,4.64,5.22,5.6,5.81,4.94,5.49,5.87,6.09,3.29,3.82,4.26,3.49
2026-06-13,IL,Rockford,4.3,4.89,5.36,5.39,4.31,4.92,5.38,5.45,4.48,5.09,5.53,5.57,4.92,5.45,5.95,5.99,3.24,3.8,4.29,3.43
2026-06-13,IL,Springfield,4.19,4.82,5.28,5.19,4.23,4.86,5.31,5.25,4.45,5.07,5.49,5.44,4.88,5.49,5.93,6.07,3.13,3.72,4.18,3.33
2026-06-13,IL,Davenport-Moline-Rock Island (IL only),4.58,5.1,5.51,5.53,4.58,5.08,5.56,5.55,4.66,5.15,5.57,5.66,4.83,5.29,5.72,5.88,3.3,3.8,4.24,3.57
2026-06-13,IL,East Saint Louis,4.53,5.05,5.43,5.6,4.55,5.06,5.44,5.61,4.64,5.15,5.53,5.68,4.9,5.41,5.76,6.01,3.31,3.8,4.14,3.55
2026-06-13,IL,Quincy,4.36,4.82,5.07,5.43,4.39,4.78,5.12,5.44,4.48,4.93,5.36,5.56,4.75,5.11,5.53,5.69,3.19,3.62,4.06,3.34
2026-06-13,IL,Danville,4.29,4.76,5.17,5.28,4.32,4.79,5.15,5.32,4.45,4.91,5.3,5.55,4.88,5.42,5.67,6.13,3.2,3.79,4.19,3.42
2026-06-13,IL,City of Chicago,4.9,5.59,6.13,6.18,4.92,5.6,6.13,6.19,5.05,5.7,6.23,6.24,5.41,5.98,6.53,6.41,3.82,4.4,4.91,4
2026-06-13,IL,Alexander County,4.8,0,0,6.2,4.8,0,0,6.2,4.9,0,0,6.2,4.9,0,0,0,3.5,0,0,0
2026-06-13,IL,Carbondale-Marion,4.54,5.02,5.45,5.44,4.57,5.04,5.47,5.47,4.64,5.1,5.56,5.6,4.95,5.44,5.84,6.06,3.24,3.72,4.14,3.64
2026-06-13,IL,Elgin,4.29,4.95,5.45,5.52,4.33,4.99,5.49,5.56,4.55,5.2,5.72,5.72,5.03,5.61,6.09,6.16,3.52,4.1,4.57,3.49
2026-06-13,IL,Kankakee-Bradley,4.29,4.89,5.29,5.57,4.32,4.9,5.31,5.58,4.54,5.12,5.53,5.75,4.93,5.52,5.94,6.19,3.2,3.78,4.17,3.4
2026-06-13,IL,Lake County,4.22,4.88,5.4,5.65,4.27,4.9,5.47,5.68,4.5,5.1,5.67,5.82,5.05,5.62,6.15,6.07,3.61,4.15,4.66,3.4
2026-06-13,IN,Bloomington,3.44,4,4.5,5.63,3.45,4.05,4.52,5.67,3.6,4.13,4.63,5.77,4.55,5.09,5.56,6.22,3.27,3.73,4.24,3.58
2026-06-13,IN,Fort Wayne,3.23,3.79,4.36,5.53,3.24,3.8,4.36,5.55,3.4,3.95,4.53,5.69,4.26,4.82,5.37,6.12,3.22,3.68,4.21,3.51
2026-06-13,IN,Gary,3.4,3.94,4.44,5.55,3.41,3.94,4.44,5.54,3.36,3.9,4.41,5.69,4.22,4.75,5.23,6.14,3.31,3.83,4.32,3.57
2026-06-13,IN,Indianapolis,3.24,3.9,4.42,5.6,3.26,3.9,4.42,5.62,3.42,4.06,4.58,5.78,4.29,4.92,5.42,6.17,3.19,3.72,4.25,3.5
2026-06-13,IN,South Bend,3.4,3.98,4.56,5.63,3.39,3.95,4.55,5.65,3.43,4.04,4.59,5.72,4.27,4.88,5.45,6.25,3.3,3.77,4.29,3.54
2026-06-13,IN,Terre Haute,3.32,3.8,4.27,5.35,3.34,3.82,4.3,5.38,3.46,3.92,4.43,5.5,4.21,4.67,5.17,6.07,3.18,3.63,4.11,3.59
2026-06-13,IN,Clarksville,3.4,3.92,4.39,5.32,3.42,3.92,4.41,5.36,3.57,4.04,4.54,5.49,3.98,4.5,4.94,5.91,2.98,3.47,3.94,3.56
2026-06-13,IN,Columbus,3.15,3.72,4.26,5.61,3.15,3.68,4.23,5.61,3.39,3.95,4.44,5.7,4.28,4.85,5.28,6.1,3.2,3.72,4.15,3.33
2026-06-13,IN,Dearborn-Franklin-Ohio-Union,3.69,4.19,4.62,5.71,3.7,4.19,4.71,5.77,3.77,4.4,4.87,5.76,4.45,5,5.5,6.08,3.05,3.55,4.06,3.52
2026-06-13,IN,Elkhart,3.36,3.95,4.5,5.46,3.36,3.97,4.51,5.48,3.46,4.08,4.61,5.65,4.31,4.9,5.41,6.22,3.26,3.71,4.24,3.46
2026-06-13,IN,Evansville,3.54,4.06,4.48,5.44,3.56,4.11,4.52,5.46,3.73,4.28,4.76,5.57,4.29,4.78,5.2,5.81,2.89,3.35,3.79,3.61
2026-06-13,IN,Kokomo,3.34,3.93,4.46,5.6,3.34,3.91,4.45,5.63,3.32,3.96,4.46,5.74,4.2,4.89,5.37,6.09,3.22,3.77,4.14,3.43
2026-06-13,IN,Lafayette,3.47,4.05,4.57,5.67,3.48,4.03,4.55,5.68,3.44,4.04,4.56,5.74,4.23,4.79,5.29,6.21,3.32,3.82,4.3,3.49
2026-06-13,IN,Michigan City-La Porte,3.47,4.04,4.54,5.46,3.49,4.04,4.54,5.47,3.41,4,4.51,5.58,4.26,4.8,5.33,6.18,3.41,3.92,4.39,3.5
2026-06-13,IN,Muncie,3.29,3.85,4.33,5.45,3.31,3.87,4.38,5.48,3.44,4.04,4.54,5.53,4.22,4.77,5.25,6.15,3.14,3.65,4.18,3.42
2026-06-13,IA,Cedar Rapids,3.68,4,4.57,4.89,3.71,3.96,4.59,4.93,3.81,4.15,4.68,4.97,4.17,4.44,5.03,5.34,2.98,3.32,3.82,3.33
2026-06-13,IA,Des Moines,3.59,3.84,4.35,4.52,3.6,4.01,4.38,4.53,3.77,4.15,4.52,4.7,4.21,4.54,4.99,5.41,2.89,3.16,3.63,3.29
2026-06-13,IA,Waterloo-Cedar Falls,3.69,4.05,4.63,4.98,3.69,3.97,4.67,4.99,3.73,4.02,4.63,5.03,4.16,4.5,5.07,5.38,2.94,3.24,3.84,3.35
2026-06-13,IA,Davenport-Moline-Rock Island (IA only),3.7,4.12,4.69,5.04,3.74,4.15,4.7,5.05,3.81,4.25,4.82,5.13,4.12,4.48,5.11,5.41,2.81,3.16,3.75,3.38
2026-06-13,IA,Sioux City (IA only),3.65,3.98,4.52,4.86,3.7,4.02,4.55,4.86,3.64,3.99,4.53,4.98,4.14,4.44,4.94,5.33,2.93,3.28,3.73,3.3
2026-06-13,IA,Ames,3.57,0,4.27,4.45,3.58,0,4.26,4.45,3.71,0,4.37,4.6,4.28,4.9,4.99,5.32,3.06,3.28,3.68,3.33
2026-06-13,IA,Council Bluffs,3.75,4.1,4.61,4.86,3.78,4.14,4.65,4.88,3.86,4.19,4.75,4.97,4.2,4.45,4.99,5.38,2.78,3.13,3.62,3.34
2026-06-13,IA,Dubuque,3.88,4.15,4.91,4.99,3.91,4.04,4.9,4.99,4.09,4.27,5.17,5.11,4.2,4.65,5.24,5.39,3,3.19,3.89,3.28
2026-06-13,IA,Iowa City,3.75,4.24,4.67,4.88,3.77,4.26,4.67,4.89,3.86,4.37,4.78,4.94,4.18,4.48,5.06,5.29,2.97,3.35,3.73,3.31
2026-06-13,KS,Lawrence,3.76,4.11,4.54,4.81,3.78,4.2,4.65,4.81,3.85,4.23,4.68,4.89,4.2,4.53,5.02,5.18,2.95,3.27,3.74,3.27
2026-06-13,KS,Topeka,3.78,4.18,4.53,4.78,3.78,4.15,4.52,4.78,3.86,4.24,4.63,4.88,4.06,4.45,4.83,5.19,2.87,3.25,3.58,3.21
2026-06-13,KS,Wichita,3.76,4.03,4.27,4.82,3.77,4.04,4.27,4.84,3.84,4.11,4.33,4.89,4,4.25,4.44,5.1,2.91,3.17,3.39,3.24
2026-06-13,KS,Kansas City (KS only),3.74,4.13,4.5,4.76,3.75,4.15,4.5,4.77,3.83,4.21,4.57,4.89,4.22,4.6,4.95,5.18,2.92,3.26,3.6,3.25
2026-06-13,KS,Manhattan,3.77,4.06,4.45,4.64,3.77,4.05,4.48,4.64,3.9,4.19,4.58,4.72,4.16,4.47,4.81,5.16,2.89,3.25,3.63,3.16
2026-06-13,KY,Lexington,3.52,4.11,4.52,4.84,3.55,4.13,4.56,4.85,3.68,4.28,4.69,4.93,4.24,4.84,5.22,5.27,2.95,3.49,3.89,3.18
2026-06-13,KY,Owensboro,3.59,4.11,4.71,4.9,3.61,4.16,4.72,4.97,3.78,4.45,4.92,5.1,4.19,4.73,5.18,5.41,2.65,3.28,3.69,3.25
2026-06-13,KY,Huntington-Ashland (KY only),4.02,4.57,5.04,5.17,4.03,4.58,5.04,5.17,4.09,4.64,5.11,5.24,4.34,4.91,5.38,5.38,2.83,3.34,3.83,3.39
2026-06-13,KY,Louisville (KY only),3.49,4.06,4.5,4.72,3.52,4.11,4.53,4.74,3.72,4.32,4.74,4.88,4.24,4.84,5.26,5.23,3.01,3.58,4,3.11
2026-06-13,KY,Covington,3.83,4.36,4.83,5.04,3.87,4.43,4.88,5.08,3.98,4.52,5.02,5.15,4.58,5.14,5.61,5.5,2.84,3.38,3.79,3.11
2026-06-13,KY,Bowling Green,3.53,4.06,4.44,4.55,3.54,4.07,4.45,4.56,3.78,4.29,4.71,4.71,4.06,4.56,4.96,4.98,2.76,3.25,3.65,3.1
2026-06-13,KY,Elizabethtown-Fort Knox,3.58,4.17,4.68,4.76,3.6,4.23,4.71,4.78,3.77,4.37,4.85,4.9,4.13,4.62,5.13,5.22,2.73,3.28,3.74,3.14
2026-06-13,KY,Henderson,3.49,4.01,4.5,4.79,3.51,4.12,4.54,4.79,3.7,4.26,4.62,4.96,4.12,4.69,5.12,5.22,2.54,3.04,3.47,3.11
2026-06-13,KY,Hopkinsville,3.57,4.03,4.5,4.73,3.59,4.05,4.48,4.74,3.72,4.2,4.65,4.84,4.19,4.64,5.04,5.32,2.76,3.15,3.55,3.31
2026-06-13,LA,Baton Rouge,3.58,4.02,4.43,4.65,3.58,4.03,4.44,4.68,3.68,4.13,4.51,4.75,3.99,4.43,4.81,5.07,2.74,3.2,3.58,3.18
2026-06-13,LA,Lafayette,3.65,4.08,4.51,4.66,3.67,4.08,4.52,4.68,3.73,4.17,4.55,4.78,3.98,4.39,4.78,5.09,2.77,3.18,3.56,3.13
2026-06-13,LA,Lake Charles,3.83,4.34,4.75,4.82,3.83,4.33,4.74,4.84,3.89,4.35,4.77,4.9,4.03,4.45,4.81,5.08,2.72,3.14,3.54,3.08
2026-06-13,LA,New Orleans,3.67,4.22,4.6,4.77,3.67,4.21,4.6,4.76,3.76,4.31,4.65,4.87,3.99,4.51,4.85,5.15,2.75,3.29,3.66,3.22
2026-06-13,LA,Shreveport-Bossier City,3.58,3.97,4.36,4.69,3.59,4,4.4,4.71,3.68,4.11,4.5,4.8,3.99,4.38,4.77,5.1,2.72,3.17,3.5,3.09
2026-06-13,LA,Alexandria,3.67,4.19,4.62,4.75,3.71,4.19,4.6,4.78,3.79,4.28,4.63,4.87,4.05,4.53,4.91,5.21,2.72,3.19,3.55,3.25
2026-06-13,LA,Hammond,3.6,4.01,4.37,4.66,3.62,4.03,4.39,4.65,3.72,4.14,4.58,4.77,4,4.42,4.8,5.13,2.78,3.2,3.56,3.18
2026-06-13,LA,Houma-Thibodaux,3.79,4.23,4.53,4.79,3.82,4.25,4.56,4.78,3.87,4.28,4.65,4.86,4.01,4.42,4.78,5.05,2.75,3.17,3.51,3.1
2026-06-13,LA,Monroe,3.47,3.9,4.27,4.66,3.48,3.88,4.32,4.67,3.55,3.96,4.34,4.74,3.9,4.32,4.69,5.01,2.67,3.09,3.49,3.1
2026-06-13,ME,Bangor,4.18,4.77,5.25,5.61,4.21,4.8,5.29,5.62,4.28,4.9,5.39,5.67,4.53,5.07,5.55,5.74,2.96,3.49,3.98,3.8
2026-06-13,ME,Lewiston-Auburn,4.11,4.76,5.23,5.66,4.15,4.73,5.26,5.66,4.31,4.9,5.43,5.68,4.55,5.07,5.56,5.83,3.01,3.68,4.05,3.94
2026-06-13,ME,Portland,4.17,4.74,5.21,5.61,4.18,4.78,5.24,5.63,4.27,4.83,5.3,5.68,4.51,5.04,5.5,5.85,3.01,3.56,4,3.81
2026-06-13,MD,Salisbury,3.77,4.23,4.6,4.94,3.78,4.27,4.62,4.95,3.97,4.47,4.8,5.14,4.43,4.9,5.25,5.58,3,3.45,3.8,3.51
2026-06-13,MD,Baltimore,3.79,4.34,4.65,4.98,3.82,4.35,4.68,5,3.98,4.56,4.87,5.15,4.43,4.98,5.3,5.59,3.02,3.56,3.87,3.52
2026-06-13,MD,Hagerstown,3.59,4.06,4.46,4.83,3.6,4.08,4.48,4.83,3.68,4.12,4.61,4.95,4.26,4.69,5.07,5.41,3.01,3.44,3.85,3.66
2026-06-13,MD,Washington (MD only),4.04,4.66,5,5.17,4.06,4.7,5.02,5.21,4.18,4.82,5.1,5.33,4.51,5.09,5.42,5.72,3.13,3.74,4.06,3.65
2026-06-13,MD,Cumberland (MD Only),4.06,4.5,4.92,4.99,4.08,4.48,4.92,5.04,4.23,4.62,5.02,5.25,4.47,4.85,5.29,5.54,3.29,3.71,4.1,3.57
2026-06-13,MD,Bowie-St. Charles,3.91,4.69,4.97,5.1,3.94,4.7,4.98,5.11,4.05,4.81,5.07,5.21,4.45,5.09,5.38,5.62,3.06,3.82,4.08,3.57
2026-06-13,MD,Annapolis,3.81,4.47,4.76,5,3.84,4.48,4.79,5.02,4.01,4.7,4.93,5.16,4.44,5.1,5.37,5.61,3.02,3.65,3.91,3.52
2026-06-13,MD,Frederick,3.8,4.26,4.61,4.85,3.82,4.3,4.64,4.92,3.98,4.45,4.81,5.07,4.38,4.84,5.2,5.6,3.03,3.49,3.85,3.52
2026-06-13,MA,Barnstable-Yarmouth,4.2,4.82,5.2,5.58,4.22,4.84,5.21,5.61,4.33,4.92,5.31,5.68,4.46,5.08,5.45,5.83,3.01,3.59,4,3.83
2026-06-13,MA,Pittsfield,4.28,4.93,5.29,5.6,4.3,4.94,5.3,5.62,4.35,4.99,5.31,5.67,4.45,5.04,5.42,5.82,2.99,3.67,4.01,3.77
2026-06-13,MA,Springfield,4.03,4.61,5,5.39,4.05,4.62,5.03,5.42,4.15,4.71,5.11,5.49,4.36,4.85,5.22,5.72,2.93,3.51,3.87,3.62
2026-06-13,MA,Boston (MA only),4.2,4.85,5.23,5.44,4.22,4.87,5.26,5.45,4.32,4.95,5.34,5.55,4.49,5.03,5.42,5.8,2.98,3.62,3.98,3.78
2026-06-13,MA,Cambridge-Newton-Framingham,4.26,4.86,5.26,5.56,4.27,4.88,5.28,5.58,4.37,4.96,5.35,5.66,4.5,5.04,5.44,5.85,3.02,3.61,3.98,3.81
2026-06-13,MA,Seekonk,4,4.62,4.98,5.25,4.03,4.63,5.01,5.27,4.15,4.78,5.12,5.36,4.38,4.91,5.29,5.63,2.89,3.49,3.85,3.64
2026-06-13,MA,Worcester,4.3,4.89,5.28,5.6,4.31,4.9,5.3,5.6,4.37,4.98,5.37,5.67,4.48,5.04,5.4,5.86,2.98,3.63,3.96,3.75
2026-06-13,MI,Traverse City,4.08,4.63,5.27,5.67,4.14,4.66,5.3,5.68,4.23,4.84,5.4,5.83,4.93,5.48,6.03,6.17,2.97,3.49,3.98,3.5
2026-06-13,MI,Ann Arbor,4.28,4.91,5.51,5.7,4.28,4.94,5.49,5.73,4.26,4.86,5.44,5.81,4.87,5.46,6,6.16,3.19,3.76,4.3,3.47
2026-06-13,MI,Benton Harbor,4.21,4.86,5.43,5.58,4.24,4.89,5.46,5.64,4.21,4.84,5.42,5.76,4.85,5.42,5.98,6.24,3.03,3.56,4.13,3.47
2026-06-13,MI,Metro Detroit,4.25,4.9,5.51,5.76,4.25,4.91,5.52,5.77,4.24,4.92,5.52,5.83,4.82,5.44,6.02,6.13,3.15,3.76,4.34,3.57
2026-06-13,MI,Flint,4.14,4.78,5.36,5.52,4.18,4.83,5.41,5.56,3.96,4.6,5.18,5.69,4.79,5.28,5.88,6.11,3.02,3.6,4.13,3.32
2026-06-13,MI,Grand Rapids-Muskegon-Holland,4.09,4.71,5.28,5.43,4.14,4.76,5.34,5.46,4.12,4.75,5.34,5.61,4.92,5.43,5.97,6.19,3.08,3.65,4.17,3.33
2026-06-13,MI,Jackson,4.2,4.88,5.44,5.66,4.24,4.92,5.46,5.7,4.18,4.87,5.42,5.83,4.9,5.42,5.92,6.13,3.02,3.63,4.15,3.39
2026-06-13,MI,Lansing-East Lansing,4.2,4.81,5.39,5.59,4.24,4.87,5.43,5.61,3.98,4.63,5.19,5.76,4.89,5.42,5.99,6.22,3.03,3.58,4.13,3.45
2026-06-13,MI,Saginaw-Bay City-Midland,4.15,4.8,5.36,5.54,4.22,4.82,5.4,5.59,4.12,4.75,5.32,5.74,4.87,5.44,5.98,6.16,3.05,3.6,4.19,3.27
2026-06-13,MI,Marquette,3.98,4.91,5.27,5.4,3.98,4.87,5.3,5.4,4.04,4.81,5.3,5.51,4.55,5.11,5.61,5.94,2.98,3.48,4.06,3.48
2026-06-13,MN,Rochester,4.03,4.36,5.15,5.08,4.04,4.36,5.13,5.09,4.13,4.48,5.22,5.11,4.23,4.59,5.31,5.45,3.04,3.38,3.98,3.34
2026-06-13,MN,St. Cloud,3.69,4.13,4.7,4.62,3.7,4.11,4.71,4.64,3.83,4.28,4.82,4.74,4.05,4.45,5.05,5.37,2.89,3.31,3.76,3.26
2026-06-13,MN,Duluth-Superior (MN only),4.01,4.53,4.91,5.17,4.04,4.55,4.95,5.26,4.17,4.66,5.08,5.36,4.14,4.57,5.06,5.46,2.78,3.24,3.58,3.5
2026-06-13,MN,Minneapolis-St. Paul (MN only),3.89,4.37,4.83,5.05,3.91,4.39,4.86,5.07,4.03,4.49,4.97,5.14,4.17,4.62,5.1,5.39,2.97,3.38,3.8,3.46
2026-06-13,MN,Houston County,3.88,0,5.05,5.05,3.86,4.2,4.97,5.12,3.92,0,5.03,5.07,4.21,4.65,5.41,5.48,2.97,0,3.9,3.22
2026-06-13,MN,Mankato,3.73,4.14,4.71,4.88,3.75,4.18,4.72,4.9,3.89,4.32,4.85,5.05,4.19,4.58,5.17,5.57,2.85,3.22,3.67,3.37
2026-06-13,MN,Moorhead,3.77,4.14,4.59,4.85,3.78,4.07,4.59,4.81,3.85,4.15,4.68,4.84,4.04,4.35,4.81,5.29,2.86,3.14,3.57,3.39
2026-06-13,MN,Polk County,3.85,4.02,4.63,4.91,3.86,4.05,4.68,4.93,3.92,4.08,4.62,4.99,4.15,4.43,4.94,5.29,2.87,3.13,3.67,3.31
2026-06-13,MS,Biloxi-Gulfport-Pascagoula,3.46,3.89,4.23,4.58,3.48,3.91,4.26,4.61,3.56,4,4.37,4.69,3.92,4.29,4.69,4.97,2.63,3.03,3.4,3.09
2026-06-13,MS,Jackson,3.71,4.15,4.52,4.73,3.72,4.18,4.55,4.75,3.8,4.27,4.64,4.82,3.98,4.42,4.8,5.04,2.64,3.07,3.44,3.08
2026-06-13,MS,Hattiesburg,3.56,4.01,4.4,4.59,3.56,4.04,4.39,4.6,3.69,4.16,4.53,4.71,3.91,4.31,4.65,4.95,2.65,3.12,3.47,3.07
2026-06-13,MS,South Haven - Olive Branch,3.68,4.29,4.68,4.84,3.7,4.35,4.68,4.86,3.78,4.35,4.75,4.94,4.08,4.65,5,5.21,2.62,3.14,3.56,3.13
2026-06-13,MO,Columbia,3.9,4.3,4.56,4.91,3.92,4.28,4.57,4.93,4.01,4.34,4.64,4.98,4.18,4.48,4.8,5.21,2.91,3.19,3.49,3.19
2026-06-13,MO,St. Joseph,3.67,4.04,4.36,4.58,3.68,4.11,4.39,4.62,3.73,4.11,4.42,4.68,4.08,4.49,4.74,5.1,2.75,3.12,3.39,3.21
2026-06-13,MO,Springfield,3.53,3.87,4.22,4.57,3.55,3.91,4.27,4.62,3.72,4.06,4.42,4.73,4.05,4.38,4.69,5,2.74,3.07,3.38,3.07
2026-06-13,MO,Kansas City (MO only),3.72,4.11,4.44,4.74,3.73,4.12,4.45,4.76,3.81,4.19,4.53,4.86,4.21,4.58,4.92,5.17,2.89,3.23,3.53,3.26
2026-06-13,MO,St. Louis (MO only),3.84,4.25,4.57,4.97,3.86,4.26,4.59,4.99,3.93,4.34,4.68,5.14,4.28,4.66,4.99,5.62,2.86,3.23,3.53,3.14
2026-06-13,MO,Cape Girardeau,3.82,4.19,4.52,4.97,3.84,4.21,4.52,4.99,3.95,4.35,4.7,5.13,4.13,4.5,4.77,5.28,2.82,3.2,3.61,3.17
2026-06-13,MO,Jefferson City,3.97,4.34,4.67,4.86,3.98,4.35,4.69,4.88,4.06,4.43,4.77,4.95,4.17,4.47,4.81,5.14,2.9,3.22,3.54,3.2
2026-06-13,MO,Joplin,3.52,3.91,4.21,4.5,3.54,3.92,4.24,4.53,3.62,3.99,4.31,4.61,4,4.39,4.65,5.01,2.74,3.14,3.43,3.13
2026-06-13,MT,Billings,4.2,4.54,4.97,5.01,4.21,4.58,4.97,5.08,4.32,4.69,5.04,5.3,4.51,4.85,5.25,5.44,3.16,3.5,3.84,3.39
2026-06-13,MT,Great Falls,4.24,4.55,4.85,5.02,4.27,4.59,4.92,5.09,4.39,4.68,5.01,5.35,4.44,4.76,5.09,5.55,3.16,3.47,3.77,3.42
2026-06-13,MT,Missoula,4.3,4.62,4.94,4.81,4.32,4.63,4.96,4.84,4.42,4.75,5.05,4.92,4.55,4.88,5.14,5.45,3.26,3.57,3.84,3.53
2026-06-13,NE,Lincoln,4,4.24,4.81,4.83,4,4.23,4.83,4.84,4.13,4.36,4.94,4.92,4.1,4.35,4.87,5.17,2.94,3.18,3.77,3.24
2026-06-13,NE,Omaha (NE only),3.75,4.06,4.59,4.63,3.76,4.06,4.61,4.66,3.86,4.14,4.7,4.8,4.1,4.35,4.9,5.18,2.9,3.15,3.71,3.17
2026-06-13,NE,Grand Island,3.99,4.06,4.66,4.88,4.04,4.11,4.68,4.89,4.03,4.34,4.78,4.95,4.16,4.22,4.71,5.23,2.9,3.16,3.5,3.14
2026-06-13,NE,North Platte,3.99,4.16,4.65,4.69,4.05,4.13,4.65,4.7,4.1,4.35,4.78,4.8,4.12,4.31,4.54,5.14,3.21,3.2,3.71,3.25
2026-06-13,NE,Norfolk,3.81,4.09,4.69,4.86,3.85,4.12,4.71,4.96,3.93,4.16,4.76,4.95,4.02,4.29,4.79,5.13,2.84,3.14,3.66,3.21
2026-06-13,NE,Columbus,3.68,3.83,4.17,4.89,3.71,4.02,4.18,4.82,3.72,4.4,4.03,5.01,4.14,4.21,4.64,5.3,2.96,2.91,3.53,3.27
2026-06-13,NE,Kearney,4.02,4.35,4.63,4.93,4.08,4.4,4.8,4.93,4.05,4.44,4.76,4.93,4.09,4.5,4.7,5.17,2.89,3.29,3.66,3.14
2026-06-13,NV,Reno,5.15,5.32,5.58,6.04,5.16,5.38,5.58,6.09,5.3,5.49,5.68,6.19,5.44,5.62,5.85,6.42,4.19,4.38,4.6,4.06
2026-06-13,NV,Las Vegas (NV only),4.94,5.31,5.61,5.8,4.95,5.34,5.62,5.82,5.05,5.44,5.73,5.97,5.27,5.64,5.95,6.18,3.73,4.05,4.33,3.69
2026-06-13,NH,Manchester,4.16,4.77,5.19,5.49,4.19,4.78,5.2,5.51,4.29,4.89,5.32,5.59,4.47,4.98,5.41,5.77,2.9,3.57,3.93,3.74
2026-06-13,NH,Portsmouth-Rochester (NH only),4.18,4.77,5.22,5.48,4.21,4.78,5.24,5.48,4.31,4.88,5.36,5.56,4.48,4.98,5.44,5.75,2.88,3.45,3.86,3.71
2026-06-13,NJ,Atlantic City,4.1,4.66,4.89,5.21,4.13,4.69,4.91,5.22,4.23,4.76,4.99,5.35,4.53,4.98,5.19,5.63,3.01,3.48,3.67,3.48
2026-06-13,NJ,Bergen-Passaic,4.14,4.75,5.06,5.28,4.16,4.78,5.08,5.3,4.26,4.85,5.15,5.39,4.51,5.01,5.32,5.65,3,3.62,3.87,3.52
2026-06-13,NJ,Middlesex-Somerset-Hunterdon,4.11,4.7,4.99,5.16,4.13,4.71,5.01,5.18,4.27,4.85,5.11,5.29,4.51,5.03,5.32,5.57,3.04,3.58,3.85,3.46
2026-06-13,NJ,Monmouth-Ocean,4.17,4.76,4.99,5.25,4.18,4.77,5.01,5.27,4.3,4.89,5.12,5.36,4.54,5.08,5.32,5.63,3.08,3.64,3.83,3.52
2026-06-13,NJ,Newark,4.2,4.84,5.11,5.35,4.22,4.86,5.14,5.38,4.35,4.96,5.25,5.49,4.54,5.14,5.42,5.69,3.05,3.72,3.95,3.55
2026-06-13,NJ,Trenton,4.07,4.67,4.96,5.15,4.1,4.7,4.99,5.18,4.22,4.82,5.1,5.24,4.49,4.98,5.26,5.57,3.01,3.6,3.88,3.5
2026-06-13,NJ,Philadelphia (NJ Only),4.06,4.62,4.88,5.14,4.08,4.65,4.9,5.16,4.19,4.76,5,5.27,4.49,4.96,5.2,5.59,3,3.5,3.67,3.46
2026-06-13,NJ,Cape May,4.41,4.87,5.11,5.67,4.42,4.88,5.09,5.72,4.54,4.97,5.27,5.81,4.64,5.08,5.37,5.85,3.14,3.61,3.79,3.65
2026-06-13,NJ,Parsippany-Troy Hills,4.14,4.76,4.99,5.27,4.18,4.76,5.02,5.27,4.31,4.87,5.14,5.35,4.52,5.06,5.32,5.64,3.02,3.59,3.81,3.49
2026-06-13,NJ,Vineland,4.11,4.65,4.89,5.18,4.14,4.66,4.86,5.23,4.24,4.75,4.97,5.33,4.52,4.93,5.13,5.61,3.01,3.48,3.68,3.51
2026-06-13,NJ,Warren County,4.02,4.59,4.94,5.17,4.03,4.58,4.97,5.19,4.19,4.72,5.09,5.3,4.46,5,5.29,5.53,3,3.59,3.88,3.47
2026-06-13,NM,Albuquerque,3.87,4.34,4.65,5.07,3.89,4.36,4.68,5.1,4.02,4.46,4.78,5.23,4.34,4.79,5.11,5.47,2.9,3.35,3.65,3.22
2026-06-13,NM,Las Cruces,3.65,4.14,4.44,4.68,3.68,4.16,4.48,4.69,3.96,4.47,4.78,4.86,4.25,4.76,5.05,5.33,2.82,3.28,3.57,3.26
2026-06-13,NM,Santa Fe,3.99,4.44,4.78,5.41,4.01,4.46,4.79,5.44,4.07,4.52,4.84,5.48,4.29,4.77,5.13,5.56,2.89,3.31,3.64,3.33
2026-06-13,NM,Farmington,4.22,4.6,4.88,5.4,4.23,4.61,4.89,5.42,4.34,4.73,5.02,5.56,4.48,4.86,5.16,5.81,3.09,3.44,3.71,3.38
2026-06-13,NY,Albany-Schenectady-Troy,4.41,4.92,5.36,5.7,4.42,4.93,5.37,5.71,4.47,5.02,5.45,5.78,4.56,5.06,5.5,5.92,3.05,3.6,4.03,3.7
2026-06-13,NY,Binghamton,4.38,4.87,5.31,5.71,4.4,4.88,5.31,5.71,4.48,4.96,5.41,5.79,4.58,5.04,5.48,5.87,3.04,3.53,3.91,3.82
2026-06-13,NY,Buffalo-Niagara Falls,4.46,4.94,5.32,5.82,4.47,4.94,5.32,5.84,4.52,5,5.36,5.88,4.58,5.03,5.42,5.91,3.08,3.55,3.93,3.88
2026-06-13,NY,Nassau-Suffolk,4.17,4.72,5.06,5.68,4.19,4.73,5.07,5.68,4.32,4.83,5.19,5.77,4.53,5,5.36,5.92,3.03,3.55,3.88,3.84
2026-06-13,NY,New York,4.31,4.82,5.2,5.85,4.31,4.83,5.2,5.86,4.46,4.96,5.32,5.94,4.66,5.14,5.51,6.09,3.12,3.64,3.99,4.09
2026-06-13,NY,Rochester,4.45,4.94,5.33,5.8,4.46,4.96,5.34,5.81,4.51,5,5.4,5.84,4.58,5.06,5.44,5.92,3.1,3.58,3.94,3.95
2026-06-13,NY,Syracuse,4.45,4.96,5.35,5.76,4.46,4.96,5.36,5.78,4.52,5.01,5.43,5.84,4.56,5.04,5.46,5.87,3.03,3.52,3.92,3.78
2026-06-13,NY,Utica-Rome,4.42,4.92,5.34,5.7,4.44,4.94,5.38,5.71,4.49,5,5.44,5.79,4.56,5.04,5.53,5.88,3.2,3.68,4.14,3.79
2026-06-13,NY,Dutchess-Putnam County,4.46,5.03,5.39,5.76,4.47,5.01,5.41,5.77,4.52,5.09,5.46,5.8,4.6,5.14,5.54,5.92,3.13,3.75,4.08,3.74
2026-06-13,NY,Elmira,4.22,4.66,5.08,5.48,4.24,4.68,5.08,5.48,4.36,4.81,5.19,5.65,4.52,4.92,5.3,5.83,3.02,3.42,3.76,3.57
2026-06-13,NY,Glens Falls,4.45,4.98,5.38,5.68,4.46,4.98,5.39,5.69,4.5,5,5.44,5.78,4.59,5.04,5.48,5.91,3.16,3.66,4.11,3.8
2026-06-13,NY,Ithaca,4.51,4.98,5.46,5.84,4.53,5,5.47,5.83,4.56,5.02,5.48,5.85,4.59,5.05,5.47,5.94,3.04,3.55,3.92,3.81
2026-06-13,NY,Kingston,4.35,4.88,5.26,5.63,4.37,4.87,5.3,5.64,4.42,4.92,5.36,5.73,4.53,5.01,5.41,5.87,3.04,3.53,3.97,3.64
2026-06-13,NY,Watertown-Fort Drum,4.42,4.9,5.28,5.73,4.42,4.9,5.27,5.73,4.48,4.99,5.42,5.8,4.59,5.06,5.48,5.91,3.14,3.62,4,3.87
2026-06-13,NY,White Plains,4.5,5.15,5.5,5.86,4.52,5.15,5.52,5.86,4.59,5.23,5.6,5.94,4.69,5.3,5.65,6.08,3.21,3.86,4.21,3.97
2026-06-13,NY,Batavia,4.36,4.9,5.27,5.73,4.38,4.89,5.27,5.73,4.44,4.95,5.32,5.81,4.55,5.03,5.42,5.88,3.14,3.68,4.05,3.9
2026-06-13,NC,Asheville,3.87,4.37,4.75,5,3.91,4.4,4.78,5.04,4.01,4.51,4.88,5.13,4.19,4.62,5.02,5.43,2.81,3.27,3.63,3.41
2026-06-13,NC,Fayetteville,3.59,4.04,4.47,4.87,3.62,4.06,4.48,4.9,3.57,3.99,4.43,4.98,4.1,4.54,4.96,5.38,2.81,3.25,3.69,3.28
2026-06-13,NC,Greensboro,3.72,4.18,4.58,4.89,3.75,4.21,4.61,4.89,3.79,4.24,4.63,4.98,4.17,4.61,5.02,5.44,2.86,3.32,3.7,3.37
2026-06-13,NC,Raleigh,3.72,4.18,4.57,4.88,3.75,4.21,4.6,4.91,3.75,4.21,4.6,5,4.19,4.61,5,5.45,2.89,3.32,3.7,3.5
2026-06-13,NC,Wilmington,3.61,4.14,4.53,4.91,3.63,4.16,4.54,4.93,3.7,4.24,4.65,5.02,4.14,4.62,5.02,5.58,2.85,3.34,3.75,3.29
2026-06-13,NC,Charlotte-Gastonia-Rock Hill (NC only),3.7,4.2,4.58,4.94,3.72,4.22,4.6,4.96,3.84,4.34,4.73,5.08,4.18,4.66,5.04,5.47,2.9,3.36,3.72,3.35
2026-06-13,NC,Burlington,3.73,4.18,4.59,4.9,3.77,4.21,4.6,4.93,3.77,4.2,4.53,5,4.17,4.6,4.99,5.5,2.85,3.33,3.71,3.27
2026-06-13,NC,Durham-Chapel Hill,3.81,4.24,4.65,5.02,3.82,4.24,4.66,5.03,3.91,4.34,4.74,5.13,4.24,4.68,5.06,5.71,2.92,3.35,3.74,3.41
2026-06-13,NC,Goldsboro,3.57,4.06,4.45,4.72,3.61,4.12,4.5,4.76,3.59,4.07,4.46,4.88,4.07,4.51,4.9,5.34,2.81,3.29,3.68,3.25
2026-06-13,NC,Hickory-Lenoir-Morganton,3.61,4.04,4.47,4.78,3.64,4.08,4.52,4.8,3.69,4.11,4.56,4.87,4.09,4.5,4.87,5.27,2.77,3.21,3.6,3.26
2026-06-13,NC,Jacksonville,3.67,4.14,4.58,4.94,3.7,4.17,4.58,4.96,3.75,4.25,4.64,5.07,4.15,4.62,5.03,5.36,2.84,3.29,3.71,3.29
2026-06-13,NC,New Bern,3.72,4.24,4.59,4.92,3.75,4.28,4.64,4.96,3.88,4.36,4.76,5.11,4.14,4.57,5,5.37,2.8,3.22,3.63,3.31
2026-06-13,NC,Norfolk-Virginia Beach-Newport News,3.91,4.38,4.73,5.19,3.91,4.49,4.77,5.2,4.01,4.52,4.86,5.25,4.26,4.74,5.03,5.55,2.9,3.29,3.65,3.19
2026-06-13,NC,Rocky Mount,3.65,4.14,4.52,4.8,3.68,4.19,4.54,4.81,3.67,4.13,4.5,4.9,4.06,4.49,4.84,5.3,2.81,3.26,3.64,3.31
2026-06-13,NC,Winston-Salem,3.66,4.16,4.55,4.74,3.69,4.18,4.58,4.76,3.69,4.17,4.58,4.83,4.15,4.6,4.98,5.35,2.83,3.29,3.66,3.31
2026-06-13,ND,Bismarck,3.91,4.22,4.72,4.81,3.92,4.24,4.8,4.82,3.92,4.28,4.81,4.87,4.21,4.47,4.94,5.23,2.86,3.19,3.6,3.21
2026-06-13,ND,Grand Forks (ND only),3.85,4.12,4.64,4.74,3.85,4.1,4.6,4.78,3.88,4.21,4.65,4.84,4.01,4.42,4.72,5.21,2.82,3.19,3.5,3.41
2026-06-13,ND,Fargo-Moorhead (ND only),3.67,4.06,4.46,4.61,3.69,4.11,4.48,4.62,3.75,4.16,4.51,4.68,4.01,4.42,4.76,5.21,2.85,3.2,3.6,3.35
2026-06-13,ND,Minot,3.89,4.21,4.7,4.86,3.89,4.2,4.73,4.87,3.91,4.31,4.76,4.92,4.2,4.57,5.03,5.26,2.97,3.23,3.62,3.3
2026-06-13,OH,Akron,4.18,4.7,5.21,5.35,4.24,4.76,5.28,5.38,3.97,4.5,5.06,5.53,4.66,5.2,5.73,6.05,3.11,3.64,4.15,3.36
2026-06-13,OH,Canton-Massillon,4.17,4.68,5.17,5.43,4.25,4.76,5.25,5.46,4.03,4.56,5.05,5.59,4.63,5.13,5.64,6.11,3.09,3.63,4.14,3.39
2026-06-13,OH,Cleveland-Lorain-Elyria,4.26,4.88,5.41,5.6,4.29,4.91,5.45,5.62,4.27,4.87,5.41,5.74,4.74,5.3,5.81,6.13,3.05,3.64,4.17,3.5
2026-06-13,OH,Columbus,4.23,4.76,5.27,5.54,4.27,4.8,5.31,5.58,4.19,4.71,5.23,5.74,4.69,5.2,5.72,6.1,3.09,3.61,4.12,3.49
2026-06-13,OH,Dayton,3.85,4.39,4.92,5.3,3.88,4.44,4.96,5.32,3.85,4.4,4.92,5.47,4.62,5.15,5.65,6.06,2.79,3.34,3.86,3.32
2026-06-13,OH,Toledo,3.94,4.48,4.98,5.4,3.97,4.51,5.02,5.44,4.05,4.6,5.12,5.6,4.56,5.1,5.59,6.03,3.01,3.5,4,3.37
2026-06-13,OH,Youngstown-Warren,4.1,4.69,5.23,5.45,4.14,4.75,5.27,5.48,4.03,4.68,5.21,5.59,4.61,5.16,5.69,6.03,3.01,3.57,4.06,3.47
2026-06-13,OH,Cincinnati (OH only),3.83,4.33,4.85,5.44,3.85,4.36,4.88,5.45,3.87,4.36,4.9,5.57,4.55,5.06,5.57,5.98,3.01,3.55,4.08,3.4
2026-06-13,OH,Belmont County,3.93,4.59,5.14,5.41,3.95,4.65,5.09,5.43,4.14,4.87,5.41,5.64,4.68,5.28,5.69,6.02,3,3.55,4.06,3.47
2026-06-13,OH,Lawerence County,4.18,4.7,5.16,5.55,4.23,4.8,5.23,5.57,3.97,4.54,5,5.64,4.42,4.9,5.35,6.12,3.06,3.68,4.2,3.49
2026-06-13,OH,Lima,3.76,4.38,4.96,5.09,3.8,4.39,4.97,5.14,3.78,4.36,4.96,5.32,4.53,5.11,5.69,6.1,2.98,3.57,4.07,3.29
2026-06-13,OH,Mansfield,4.22,4.79,5.32,5.65,4.26,4.84,5.38,5.67,4.28,4.86,5.36,5.73,4.64,5.16,5.66,6.15,3.02,3.59,4.08,3.41
2026-06-13,OH,Springfield,3.82,4.32,4.79,5.07,3.85,4.38,4.84,5.1,3.96,4.51,5,5.28,4.56,5.14,5.61,5.94,2.81,3.33,3.81,3.27
2026-06-13,OH,Steubenville-Weirton (OH only),4.2,4.73,5.31,5.37,4.21,4.79,5.33,5.37,4.32,4.9,5.42,5.55,4.63,5.1,5.56,5.9,3.04,3.58,4.03,3.45
2026-06-13,OK,Oklahoma City,3.49,3.96,4.24,4.46,3.52,3.97,4.24,4.49,3.58,4.03,4.31,4.62,3.94,4.4,4.66,4.97,2.66,3.1,3.36,2.92
2026-06-13,OK,Tulsa,3.56,3.9,4.2,4.51,3.6,3.93,4.23,4.54,3.72,4.07,4.37,4.63,4.07,4.43,4.74,5.11,2.88,3.21,3.49,3.24
2026-06-13,OK,Lawton,3.46,3.78,4.16,4.56,3.46,3.81,4.17,4.59,3.57,3.91,4.26,4.74,3.88,4.23,4.58,4.98,2.68,3.06,3.37,2.96
2026-06-13,OK,Le Flore-Sequoyah,3.68,4.08,4.46,4.64,3.72,4.14,4.5,4.66,3.81,4.23,4.62,4.75,3.94,4.32,4.74,5.01,2.76,3.18,3.59,3.14
2026-06-13,OR,Eugene-Springfield,4.95,5.18,5.47,5.84,4.98,5.19,5.51,5.87,5.09,5.33,5.62,5.99,5.32,5.52,5.83,6.27,3.92,4.1,4.33,4.12
2026-06-13,OR,Medford-Ashland,4.9,5.12,5.49,5.82,4.96,5.14,5.49,5.81,5.06,5.29,5.56,5.91,5.43,5.62,5.93,6.17,4.04,4.3,4.54,4.32
2026-06-13,OR,Salem,4.95,5.22,5.54,6,4.97,5.26,5.55,6.06,5.08,5.36,5.66,6.11,5.26,5.47,5.75,6.33,3.89,4.08,4.38,4.17
2026-06-13,OR,Portland-Vancouver (OR only),5.15,5.43,5.68,6,5.17,5.45,5.71,6.02,5.26,5.53,5.79,6.09,5.42,5.66,5.93,6.27,4.08,4.33,4.56,4.22
2026-06-13,OR,Albany,4.88,5.14,5.44,5.61,4.89,5.08,5.46,5.61,5.01,5.26,5.61,5.75,5.26,5.46,5.75,6.18,3.92,4.15,4.39,4.09
2026-06-13,OR,Bend,4.8,4.95,5.33,5.73,4.85,5.02,5.37,5.74,4.95,5.18,5.44,5.82,5.34,5.54,5.79,6.14,3.89,4.09,4.33,4.18
2026-06-13,OR,Corvallis,4.79,5.14,5.18,5.69,4.86,5.18,5.26,5.74,4.95,5.18,5.38,5.91,5.22,5.42,5.61,6.21,3.9,4.08,4.22,4
2026-06-13,OR,Grants Pass,4.84,4.91,5.24,5.84,4.89,4.98,5.28,5.84,5,5.1,5.43,5.92,5.44,5.6,5.83,6.22,4.01,4.03,4.44,4.38
2026-06-13,OR,Pendleton,4.88,5.28,5.42,5.56,4.89,5.26,5.49,5.58,4.99,5.39,5.59,5.74,5.13,5.45,5.65,5.95,3.76,3.99,4.31,3.89
2026-06-13,PA,Allentown-Bethlehem-Easton,3.95,4.4,4.78,5.44,3.98,4.42,4.79,5.44,4.11,4.56,4.91,5.56,4.52,4.94,5.29,5.82,3.16,3.63,3.98,3.86
2026-06-13,PA,Erie,4.2,4.66,5.08,5.86,4.25,4.71,5.11,5.89,4.43,4.88,5.29,5.92,4.78,5.21,5.62,6.07,3.3,3.73,4.12,4.02
2026-06-13,PA,Harrisburg,4.07,4.52,4.93,5.64,4.09,4.55,4.95,5.65,4.21,4.66,5.05,5.69,4.52,4.94,5.32,5.94,3.19,3.63,4.04,3.89
2026-06-13,PA,Lancaster,4.04,4.45,4.89,5.56,4.04,4.49,4.92,5.59,4.2,4.65,5.07,5.72,4.53,4.95,5.36,5.92,3.19,3.62,3.99,3.92
2026-06-13,PA,Pittsburgh,4.54,4.98,5.41,5.73,4.55,5,5.42,5.74,4.63,5.07,5.51,5.83,4.91,5.32,5.75,6.09,3.48,3.92,4.34,4.02
2026-06-13,PA,Reading,4.04,4.45,4.84,5.36,4.07,4.48,4.84,5.37,4.25,4.66,5.05,5.56,4.6,5.01,5.37,5.84,3.2,3.63,3.97,3.78
2026-06-13,PA,Scranton--Wilkes-Barre--Hazleton,4.23,4.64,5.09,5.74,4.25,4.69,5.13,5.77,4.37,4.79,5.21,5.85,4.59,4.99,5.38,6.01,3.19,3.62,4.03,3.92
2026-06-13,PA,York,4.12,4.53,4.9,5.74,4.14,4.53,4.94,5.74,4.21,4.65,5.04,5.8,4.47,4.87,5.26,5.99,3.24,3.65,4.02,3.99
2026-06-13,PA,Philadelphia (PA only),4.17,4.74,5.05,5.51,4.2,4.76,5.07,5.52,4.32,4.85,5.17,5.63,4.62,5.1,5.41,5.87,3.16,3.66,3.92,3.86
2026-06-13,PA,Altoona,4.32,4.74,5.14,5.89,4.34,4.75,5.17,5.91,4.39,4.8,5.21,5.92,4.68,5.1,5.52,6.06,3.5,3.9,4.31,3.89
2026-06-13,PA,Bloomsburg-Berwick,3.88,4.3,4.66,5.56,3.89,4.3,4.71,5.6,4.07,4.47,4.85,5.68,4.49,4.86,5.3,5.88,3.21,3.58,3.97,3.86
2026-06-13,PA,Chambersburg-Waynesboro,3.93,4.33,4.74,5.57,3.94,4.31,4.71,5.6,4.06,4.46,4.84,5.69,4.31,4.68,5.06,5.9,3.2,3.63,3.98,3.87
2026-06-13,PA,East Stroudsburg,4.06,4.56,4.96,5.53,4.08,4.56,4.91,5.53,4.24,4.73,5.13,5.65,4.56,5,5.38,5.89,3.15,3.66,3.99,3.82
2026-06-13,PA,Gettysburg,4.14,4.52,4.97,5.66,4.19,4.58,4.96,5.64,4.3,4.72,5.16,5.66,4.55,4.9,5.34,6,3.15,3.58,3.99,3.98
2026-06-13,PA,Johnstown,4.28,4.7,5.12,5.78,4.29,4.7,5.12,5.78,4.38,4.79,5.23,5.82,4.67,5.08,5.49,6.07,3.5,3.91,4.31,3.89
2026-06-13,PA,Lebanon,4.14,4.68,5.06,5.76,4.15,4.69,5.06,5.8,4.3,4.75,5.18,5.86,4.49,4.93,5.31,6.06,3.2,3.65,4.06,4.03
2026-06-13,PA,Mercer County,4.3,4.78,5.25,5.69,4.34,4.81,5.25,5.72,4.47,4.89,5.35,5.89,4.84,5.16,5.6,6.04,3.47,3.9,4.37,3.96
2026-06-13,PA,State College,4.36,4.86,5.19,5.86,4.39,4.88,5.18,5.85,4.45,4.88,5.27,5.86,4.67,5.07,5.49,5.97,3.39,3.86,4.24,3.94
2026-06-13,PA,Williamsport,3.78,4.2,4.61,5.28,3.8,4.22,4.6,5.29,3.94,4.38,4.77,5.39,4.43,4.87,5.24,5.89,3.09,3.55,3.95,3.65
2026-06-13,RI,Providence-Fall River-Warwick (RI only),4.08,4.79,5.22,5.24,4.1,4.8,5.23,5.26,4.2,4.91,5.32,5.33,4.48,5.14,5.56,5.6,2.97,3.7,4.05,3.75
2026-06-13,SC,Charleston-North Charleston,3.76,4.25,4.63,4.9,3.8,4.29,4.66,4.9,3.71,4.19,4.58,4.92,4.15,4.58,4.98,5.27,2.76,3.21,3.57,3.26
2026-06-13,SC,Columbia,3.71,4.19,4.59,4.84,3.73,4.2,4.61,4.85,3.75,4.21,4.63,4.95,4.15,4.6,5,5.38,2.81,3.25,3.63,3.26
2026-06-13,SC,Greenville,3.64,4.09,4.49,4.82,3.65,4.13,4.51,4.82,3.68,4.12,4.5,4.79,4.14,4.56,4.94,5.31,2.76,3.18,3.51,3.1
2026-06-13,SC,Myrtle Beach,3.56,4.02,4.46,4.81,3.6,4.08,4.52,4.83,3.65,4.13,4.54,4.9,4.09,4.55,4.93,5.23,2.7,3.16,3.56,3.19
2026-06-13,SC,Aiken-Edgfield County,3.75,4.23,4.65,4.81,3.76,4.25,4.68,4.88,3.8,4.28,4.71,4.92,4.04,4.49,4.89,5.35,2.74,3.2,3.59,3.21
2026-06-13,SC,Florence,3.66,4.17,4.58,4.85,3.69,4.16,4.61,4.86,3.8,4.25,4.72,4.92,4.14,4.58,5.02,5.3,2.69,3.17,3.58,3.28
2026-06-13,SC,Hilton Head-Bluffton,3.76,4.26,4.69,5.09,3.79,4.28,4.68,5.11,3.9,4.39,4.78,5.18,4.2,4.62,5.09,5.44,2.83,3.31,3.74,3.3
2026-06-13,SC,Rock Hill,3.65,4.14,4.52,4.93,3.67,4.15,4.56,4.94,3.76,4.23,4.61,5.02,4.1,4.53,4.92,5.38,2.8,3.23,3.57,3.27
2026-06-13,SC,Spartanburg,3.64,4.12,4.51,4.76,3.65,4.14,4.52,4.78,3.64,4.12,4.51,4.79,4.08,4.48,4.91,5.26,2.79,3.27,3.62,3.15
2026-06-13,SC,Sumter,3.73,4.14,4.68,4.87,3.73,4.16,4.66,4.9,3.85,4.15,4.58,4.89,4.2,4.57,4.94,5.39,2.75,3.25,3.64,3.35
2026-06-13,SD,Rapid City,4.18,4.39,4.79,4.98,4.19,4.37,4.8,5,4.27,4.48,4.91,5.1,4.43,4.6,5.02,5.33,3.2,3.34,3.8,3.41
2026-06-13,SD,Sioux Falls,3.81,4.25,4.69,4.38,3.81,4.23,4.71,4.41,3.92,4.31,4.82,4.55,4.11,4.5,4.97,5.06,2.67,3.12,3.53,3.07
2026-06-13,SD,North Sioux City,3.82,4.07,4.66,4.43,3.87,3.98,4.59,4.48,3.91,3.96,4.63,4.56,4,4.25,4.88,5.14,2.91,3.07,3.5,3.11
2026-06-13,TN,Knoxville,3.63,4.06,4.52,4.86,3.66,4.09,4.55,4.89,3.8,4.23,4.66,4.97,4.15,4.56,5,5.19,2.67,3.09,3.52,3.23
2026-06-13,TN,Nashville,3.66,4.14,4.55,4.9,3.68,4.16,4.58,4.92,3.81,4.3,4.71,5.01,4.16,4.64,5.03,5.25,2.7,3.17,3.58,3.28
2026-06-13,TN,Chattanooga (TN only),3.36,3.83,4.19,4.54,3.38,3.85,4.22,4.55,3.51,3.96,4.33,4.67,4.05,4.49,4.85,4.95,2.6,3,3.4,2.97
2026-06-13,TN,Clarksville-Hopkinsville (TN only),3.38,3.85,4.21,4.78,3.42,3.89,4.24,4.82,3.6,4.04,4.41,4.88,4.08,4.53,4.89,5.19,2.63,3.06,3.43,3.22
2026-06-13,TN,Johnson City,3.64,4.18,4.53,4.9,3.66,4.18,4.55,4.92,3.79,4.3,4.68,5.01,4.11,4.49,4.91,5.19,2.76,3.21,3.58,3.34
2026-06-13,TN,Memphis (TN only),3.77,4.38,4.78,5,3.79,4.39,4.81,5.01,3.89,4.49,4.94,5.1,4.13,4.7,5.12,5.3,2.72,3.24,3.63,3.34
2026-06-13,TN,Cleveland,3.45,3.9,4.35,4.68,3.5,3.94,4.35,4.69,3.72,4.13,4.54,4.74,4.13,4.53,4.88,5.13,2.64,3.03,3.47,3.15
2026-06-13,TN,Jackson,3.67,4.18,4.62,5.01,3.67,4.19,4.62,5.02,3.77,4.27,4.66,5.07,4.18,4.62,5.05,5.27,2.74,3.27,3.62,3.36
2026-06-13,TN,Kingsport-Bristol,3.64,4.12,4.55,4.87,3.66,4.13,4.55,4.88,3.77,4.22,4.63,4.97,4.08,4.48,4.9,5.12,2.68,3.09,3.48,3.25
2026-06-13,TN,Morristown,3.59,4,4.49,4.83,3.61,4.04,4.5,4.85,3.74,4.14,4.58,4.94,4.1,4.48,4.9,5.1,2.62,3.02,3.48,3.25
2026-06-13,TX,Amarillo,3.52,3.89,4.28,4.6,3.54,3.9,4.3,4.61,3.64,4.02,4.43,4.74,3.9,4.26,4.62,5.01,2.6,2.93,3.28,2.99
2026-06-13,TX,Austin-San Marcos,3.43,3.89,4.26,4.56,3.45,3.93,4.28,4.58,3.59,4.07,4.42,4.69,4,4.47,4.83,5.09,2.85,3.32,3.68,3.06
2026-06-13,TX,Beaumont-Port Arthur,3.67,4.16,4.55,4.74,3.68,4.16,4.57,4.74,3.76,4.22,4.63,4.84,3.96,4.39,4.77,5.03,2.67,3.14,3.51,3.03
2026-06-13,TX,Corpus Christi,3.61,4.19,4.6,4.61,3.65,4.23,4.63,4.64,3.51,4.08,4.49,4.52,3.95,4.55,4.95,4.89,2.55,2.95,3.3,2.81
2026-06-13,TX,Dallas,3.35,3.79,4.13,4.56,3.38,3.82,4.15,4.59,3.57,4,4.35,4.73,4,4.4,4.75,5.05,2.83,3.24,3.58,2.96
2026-06-13,TX,El Paso,3.8,4.31,4.65,4.83,3.83,4.34,4.66,4.86,4,4.53,4.86,4.94,4.26,4.78,5.1,5.25,2.89,3.35,3.66,3.24
2026-06-13,TX,Fort Worth-Arlington,3.36,3.8,4.16,4.54,3.39,3.81,4.18,4.57,3.56,3.99,4.36,4.7,4.03,4.44,4.79,5.04,2.83,3.23,3.57,2.96
2026-06-13,TX,Galveston-Texas City,3.67,4.18,4.59,4.8,3.68,4.19,4.59,4.81,3.76,4.3,4.68,4.85,4.01,4.49,4.9,5.02,2.72,3.2,3.57,3.01
2026-06-13,TX,Houston,3.65,4.25,4.65,4.74,3.66,4.27,4.66,4.76,3.76,4.35,4.76,4.83,4,4.55,4.96,5,2.68,3.26,3.66,3.02
2026-06-13,TX,San Antonio,3.36,3.84,4.22,4.47,3.39,3.87,4.23,4.49,3.55,4.04,4.39,4.62,4,4.48,4.85,5.09,2.86,3.3,3.66,3
2026-06-13,TX,Texarkana (TX only),3.69,4.18,4.53,4.67,3.71,4.16,4.55,4.69,3.76,4.23,4.59,4.79,4.08,4.49,4.79,5.14,2.73,3.13,3.51,3.06
2026-06-13,TX,Abilene,3.45,3.8,4.18,4.49,3.48,3.85,4.23,4.53,3.69,4.04,4.4,4.65,4,4.38,4.75,4.98,2.68,3.06,3.34,3
2026-06-13,TX,Brownsville-Harlingen,3.57,4.14,4.54,4.61,3.62,4.19,4.59,4.66,3.41,3.97,4.38,4.55,3.91,4.47,4.87,4.87,2.55,2.98,3.33,2.9
2026-06-13,TX,College Station-Bryan,3.74,4.24,4.6,4.83,3.76,4.24,4.6,4.85,3.83,4.32,4.73,4.92,4.07,4.55,4.92,5.13,2.68,3.14,3.5,3.13
2026-06-13,TX,Killeen-Temple-Fort Hood,3.48,3.94,4.27,4.55,3.49,3.95,4.27,4.58,3.65,4.04,4.39,4.69,4.04,4.41,4.75,5.08,2.71,3.11,3.41,3
2026-06-13,TX,Laredo,3.4,3.88,4.28,4.48,3.42,3.93,4.33,4.5,3.5,4,4.42,4.58,3.85,4.31,4.74,4.9,2.51,2.93,3.3,2.88
2026-06-13,TX,Longview,3.6,4.11,4.48,4.67,3.62,4.11,4.46,4.69,3.72,4.18,4.54,4.77,4.03,4.48,4.84,5.07,2.69,3.13,3.45,3.04
2026-06-13,TX,Lubbock,3.5,3.97,4.26,4.66,3.52,3.99,4.29,4.68,3.64,4.09,4.42,4.76,3.9,4.31,4.64,4.98,2.55,2.93,3.26,2.91
2026-06-13,TX,McAllen-Edinburg-Mission,3.55,4.13,4.54,4.59,3.6,4.18,4.59,4.63,3.39,3.96,4.38,4.45,3.91,4.48,4.89,4.82,2.51,2.95,3.32,2.83
2026-06-13,TX,Midland,3.59,4.18,4.42,4.69,3.63,4.21,4.46,4.72,3.52,4.09,4.36,4.68,3.99,4.55,4.84,5.09,2.73,3.26,3.52,2.99
2026-06-13,TX,Odessa,3.6,4.1,4.45,4.67,3.64,4.16,4.5,4.69,3.53,4.07,4.38,4.72,4.03,4.56,4.89,5.06,2.71,3.21,3.51,3.01
2026-06-13,TX,San Angelo,3.67,4.21,4.48,4.76,3.72,4.25,4.54,4.77,3.59,4.08,4.41,4.69,3.97,4.48,4.77,5.12,2.59,3.08,3.33,2.98
2026-06-13,TX,Sherman-Denison,3.32,3.61,3.98,4.46,3.34,3.66,4.05,4.49,3.5,3.86,4.22,4.61,3.85,4.21,4.56,4.98,2.72,3.06,3.38,2.9
2026-06-13,TX,Tyler,3.53,3.96,4.35,4.62,3.54,4.01,4.34,4.63,3.68,4.07,4.4,4.73,3.96,4.4,4.7,5.03,2.63,3.03,3.35,2.97
2026-06-13,TX,Victoria,3.63,4.07,4.43,4.62,3.66,4.07,4.43,4.64,3.59,3.98,4.36,4.6,4,4.38,4.74,4.93,2.62,3.02,3.38,2.97
2026-06-13,TX,Waco,3.5,3.91,4.3,4.58,3.52,3.95,4.33,4.61,3.69,4.08,4.48,4.74,4.05,4.47,4.82,5.1,2.61,2.98,3.33,2.96
2026-06-13,TX,Wichita Falls,3.62,4.09,4.51,4.6,3.64,4.09,4.47,4.6,3.69,4.18,4.53,4.7,3.97,4.43,4.82,5.12,2.62,3,3.33,3.02
2026-06-13,UT,Provo-Orem,4.21,4.51,4.76,5.07,4.24,4.53,4.78,5.1,4.36,4.64,4.89,5.29,4.57,4.84,5.09,5.56,3.25,3.51,3.74,3.37
2026-06-13,UT,Salt Lake City,4.15,4.46,4.72,5.09,4.2,4.51,4.77,5.14,4.31,4.62,4.86,5.32,4.57,4.85,5.09,5.56,3.26,3.54,3.77,3.41
2026-06-13,UT,Logan,4.34,4.62,4.85,5.13,4.36,4.64,4.86,5.15,4.45,4.74,4.94,5.37,4.56,4.87,5.04,5.55,3.18,3.45,3.65,3.39
2026-06-13,UT,Ogden,4.27,4.58,4.82,5.08,4.3,4.6,4.85,5.11,4.42,4.73,4.94,5.32,4.58,4.85,5.1,5.55,3.24,3.52,3.75,3.37
2026-06-13,UT,St. George,4.54,4.82,5.09,5.35,4.56,4.84,5.11,5.38,4.66,4.95,5.18,5.5,4.63,4.88,5.14,5.59,3.39,3.61,3.85,3.43
2026-06-13,VT,Burlington,4.33,4.86,5.33,5.54,4.34,4.88,5.35,5.55,4.4,4.95,5.4,5.6,4.57,5.08,5.57,5.83,3.13,3.67,4.1,3.78
2026-06-13,VA,Charlottesville,3.78,4.23,4.66,5.17,3.82,4.25,4.71,5.17,3.99,4.47,4.9,5.38,4.29,4.72,5.12,5.66,3.07,3.56,3.91,3.49
2026-06-13,VA,Norfolk-Virginia Beach-Newport News,3.94,4.41,4.81,5.16,3.97,4.45,4.84,5.19,4.16,4.61,5.01,5.36,4.34,4.76,5.15,5.64,3.03,3.45,3.83,3.41
2026-06-13,VA,Richmond-Petersburg,3.77,4.28,4.66,5,3.8,4.32,4.68,5.01,3.98,4.49,4.85,5.16,4.27,4.72,5.09,5.55,3.07,3.55,3.89,3.45
2026-06-13,VA,Roanoke,3.82,4.3,4.71,5.07,3.84,4.3,4.72,5.07,3.96,4.47,4.84,5.22,4.2,4.64,5,5.54,2.94,3.44,3.8,3.5
2026-06-13,VA,Blacksburg-Christiansburg-Radford,3.84,4.33,4.73,5,3.85,4.34,4.73,5.05,3.98,4.48,4.87,5.14,4.23,4.66,5.07,5.5,2.97,3.44,3.82,3.37
2026-06-13,VA,Bristol-Scott-Washington,3.82,4.34,4.65,5.07,3.83,4.34,4.67,5.06,3.9,4.4,4.72,5.11,4.22,4.7,4.95,5.41,2.86,3.31,3.67,3.45
2026-06-13,VA,Harrisonburg,3.68,4.05,4.44,4.95,3.72,4.12,4.5,4.98,3.87,4.29,4.65,5.12,4.18,4.55,4.94,5.48,2.98,3.45,3.78,3.44
2026-06-13,VA,Lynchburg,3.73,4.27,4.68,5.08,3.75,4.27,4.66,5.1,3.92,4.43,4.81,5.25,4.18,4.57,4.94,5.51,2.89,3.34,3.73,3.48
2026-06-13,VA,Staunton-Waynesboro,3.6,4.02,4.41,5.03,3.65,4.05,4.42,5.04,3.79,4.19,4.6,5.1,4.17,4.56,4.95,5.45,3.01,3.48,3.82,3.51
2026-06-13,VA,"Washington, DC, (VA Only)",3.9,4.46,4.8,5.09,3.92,4.49,4.85,5.12,4.05,4.61,4.96,5.21,4.34,4.85,5.2,5.71,3.12,3.63,3.98,3.62
2026-06-13,VA,Winchester,3.49,3.93,4.34,4.85,3.51,3.97,4.33,4.82,3.63,4.04,4.45,4.91,4.15,4.56,4.93,5.37,3.06,3.46,3.83,3.38
2026-06-13,VA,Fredericksburg,3.51,3.94,4.3,4.97,3.53,3.97,4.33,4.99,3.71,4.15,4.5,5.06,4.21,4.64,4.98,5.47,3.13,3.57,3.9,3.45
2026-06-13,WA,Bellingham,5.42,5.54,5.93,6.23,5.44,5.54,5.9,6.19,5.54,5.85,6.03,6.32,5.72,6.06,6.3,6.64,4.31,4.67,4.87,4.6
2026-06-13,WA,Bremerton,5.7,5.94,6.19,6.5,5.72,6,6.24,6.55,5.8,6.09,6.3,6.59,5.88,6.12,6.37,6.88,4.48,4.71,4.91,4.74
2026-06-13,WA,Olympia,5.5,5.69,5.94,6.63,5.52,5.76,6.05,6.7,5.64,5.88,6.16,6.77,5.82,6.02,6.24,6.96,4.39,4.63,4.86,4.77
2026-06-13,WA,Richland-Kennewick-Pasco,5.18,5.46,5.7,6.12,5.19,5.47,5.74,6.18,5.27,5.54,5.81,6.32,5.45,5.73,5.97,6.67,4.08,4.35,4.6,4.5
2026-06-13,WA,Seattle-Bellevue-Everett,5.8,6.06,6.31,6.76,5.81,6.06,6.31,6.78,5.88,6.12,6.36,6.84,5.97,6.19,6.42,7,4.58,4.84,5.03,4.83
2026-06-13,WA,Spokane,5.06,5.33,5.58,6.15,5.08,5.36,5.61,6.17,5.22,5.51,5.74,6.27,5.39,5.67,5.94,6.54,3.9,4.15,4.42,4.46
2026-06-13,WA,Tacoma,5.65,5.93,6.14,6.68,5.66,5.93,6.15,6.68,5.75,5.98,6.22,6.77,5.87,6.12,6.37,6.92,4.43,4.67,4.91,4.79
2026-06-13,WA,Yakima,5.3,5.63,5.93,6.26,5.32,5.62,5.89,6.3,5.4,5.63,5.93,6.43,5.53,5.76,6.01,6.55,4.05,4.34,4.57,4.46
2026-06-13,WA,Vancouver,5.44,5.74,5.95,6.28,5.46,5.74,5.97,6.3,5.57,5.84,6.05,6.45,5.75,6.02,6.25,6.69,4.29,4.52,4.72,4.55
2026-06-13,WA,Clarkson,4.96,5.35,5.22,5.98,4.82,5.35,5.56,5.98,4.85,0,5.26,6.23,5.24,0,5.1,6.15,3.76,0,4.2,3.7
2026-06-13,WA,Longview,5.47,5.71,5.97,6.41,5.5,5.76,6.03,6.44,5.58,5.84,6.11,6.5,5.8,6.01,6.32,6.64,4.37,4.64,4.81,4.68
2026-06-13,WA,Mount Vernon-Anacortes,5.38,5.58,5.92,6.21,5.39,5.57,5.91,6.31,5.48,5.64,5.92,6.36,5.66,6,6.07,6.71,4.23,4.45,4.72,4.59
2026-06-13,WA,Walla Walla,5.38,5.59,6.18,6.4,5.39,5.61,5.97,6.42,5.47,5.74,6.18,6.69,5.55,5.77,6.16,6.79,4.34,4.48,4.78,4.68
2026-06-13,WA,Wenatchee,5.18,5.33,5.6,6.2,5.18,5.36,5.62,6.24,5.26,5.47,5.77,6.39,5.62,5.8,6.1,6.81,4.18,4.34,4.64,4.62
2026-06-13,WV,Charleston,4.14,4.59,5.09,5.24,4.16,4.6,5.08,5.26,4.26,4.71,5.19,5.34,4.44,4.94,5.42,5.78,3.07,3.47,3.94,3.3
2026-06-13,WV,Parkersburg-Marietta (WV only),4.03,4.5,4.97,4.95,4.06,4.53,4.99,4.96,4.21,4.65,5.09,5.2,4.45,4.92,5.36,5.72,3.01,3.44,3.87,3.29
2026-06-13,WV,Steubenville-Weirton (WV only),4.13,4.6,5.22,5.26,4.16,4.82,5.25,5.31,4.29,4.8,5.28,5.4,4.46,4.96,5.38,5.6,3.09,3.51,3.99,3.5
2026-06-13,WV,Wheeling (WV only),3.83,4.31,4.75,5.31,3.84,4.31,4.75,5.36,4.01,4.5,4.91,5.49,4.41,4.83,5.25,5.74,3.01,3.45,3.89,3.39
2026-06-13,WV,Beckley,4.34,4.81,5.22,5.34,4.36,4.81,5.25,5.41,4.43,4.93,5.35,5.46,4.48,4.92,5.38,5.81,3.07,3.55,3.95,3.57
2026-06-13,WV,Hampshire County,4.02,4.4,4.72,5.3,4.1,4.5,4.79,5.29,4.29,4.74,5.08,5.43,4.47,4.89,5.4,5.54,3.14,3.6,3.97,3.52
2026-06-13,WV,Huntington,4.04,4.44,4.9,4.86,4.06,4.47,4.93,4.93,4.21,4.59,5.04,5.08,4.48,5,5.45,5.84,3.04,3.47,3.92,3.46
2026-06-13,WV,Jefferson County,3.48,3.96,4.35,4.72,3.49,3.94,4.33,4.73,3.57,4.02,4.41,4.82,4.43,4.93,5.3,5.67,3.15,3.57,3.95,3.56
2026-06-13,WV,Mineral County,3.83,4.03,4.51,5.16,3.85,4.19,4.53,5.16,3.92,4.04,4.55,5.28,4.46,4.77,5.15,5.51,3.06,3.4,3.75,3.61
2026-06-13,WV,Morgantown,3.86,4.26,4.71,4.83,3.88,4.27,4.71,4.92,3.94,4.37,4.82,5.03,4.49,4.94,5.41,5.62,3.17,3.61,4.06,3.5
2026-06-13,WV,"Washington, DC (WV Only)",3.49,3.93,4.31,4.79,3.51,3.91,4.32,4.82,3.6,4.01,4.4,4.88,4.3,4.7,5.1,5.35,3.15,3.51,3.94,3.62
2026-06-13,WI,Eau Claire,3.91,4.34,4.94,5.02,3.9,4.38,4.96,5.03,3.98,4.42,5.05,5.2,4.09,4.52,5.15,5.41,2.88,3.18,3.8,3.3
2026-06-13,WI,Green Bay,3.93,4.54,5.12,5.14,3.94,4.55,5.14,5.18,4.06,4.69,5.28,5.44,4.55,5.02,5.7,5.94,2.9,3.4,3.92,3.27
2026-06-13,WI,Janesville-Beloit,3.87,4.39,4.98,5.05,3.91,4.46,5.02,5.06,4.02,4.55,5.17,5.25,4.6,5.06,5.65,5.98,2.84,3.37,3.84,3.23
2026-06-13,WI,Madison,3.92,4.49,5.09,5.14,3.92,4.51,5.1,5.16,4,4.57,5.16,5.31,4.6,5.05,5.75,6.02,2.92,3.49,3.96,3.24
2026-06-13,WI,Milwaukee-Waukesha,3.87,4.46,4.96,5.24,3.88,4.46,4.97,5.27,3.98,4.56,5.09,5.43,4.63,5.09,5.65,5.98,2.98,3.5,3.98,3.27
2026-06-13,WI,La Crosse (WI only),3.84,4.7,5.04,4.98,3.85,4.7,5.05,4.98,3.82,4.15,5.02,4.99,4.24,4.15,5.43,5.5,2.97,3.12,3.97,3.21
2026-06-13,WI,Appleton,3.92,4.53,5.1,5.14,3.94,4.51,5.12,5.15,4.02,4.65,5.22,5.41,4.53,4.96,5.63,5.91,2.88,3.39,3.91,3.22
2026-06-13,WI,Fond du Lac,3.68,4.27,4.89,4.99,3.69,4.33,4.92,5.02,3.76,4.4,4.97,5.17,4.51,4.98,5.67,5.98,2.89,3.39,3.96,3.19
2026-06-13,WI,Kenosha County,3.88,4.47,5.01,5.54,3.9,4.51,5.06,5.6,3.99,4.66,5.14,5.7,4.66,5.16,5.76,6.12,2.99,3.56,4.03,3.4
2026-06-13,WI,Oshkosh,3.89,4.46,5.05,5.04,3.91,4.51,5.08,5.06,4.03,4.59,5.22,5.27,4.56,5.04,5.7,5.94,2.9,3.37,3.89,3.25
2026-06-13,WI,Pierce -St. Croix County,3.92,4.34,4.92,5.14,3.96,4.37,5,5.15,4.07,4.55,5.07,5.23,4.14,4.5,5.15,5.55,3.03,3.49,3.98,3.44
2026-06-13,WI,Racine,3.83,4.44,4.94,5.29,3.85,4.46,4.94,5.31,3.92,4.48,5.02,5.47,4.61,5.06,5.65,6.12,3.02,3.52,4.03,3.29
2026-06-13,WI,Sheboygan,3.8,4.44,4.99,5.25,3.82,4.46,5.03,5.27,3.94,4.59,5.14,5.45,4.56,5.08,5.7,6,2.89,3.47,3.9,3.21
2026-06-13,WI,Superior,3.96,4.63,5.08,5.15,4.01,4.69,5.13,5.21,4.09,4.6,5.22,5.44,4.18,4.64,5.27,5.67,2.8,3.39,3.81,3.5
2026-06-13,WI,Wausau,3.83,4.53,5.04,5.15,3.82,4.52,5.03,5.18,3.94,4.64,5.18,5.39,4.55,5.04,5.73,5.8,2.93,3.53,3.99,3.28
2026-06-13,WY,Casper,4.07,4.4,4.68,4.95,4.08,4.4,4.71,5.01,4.18,4.51,4.83,5.18,4.37,4.7,5.04,5.38,2.8,3.12,3.41,3.22
2026-06-13,WY,Cheyenne,4.01,4.36,4.63,5.02,4.07,4.41,4.68,5.07,4.22,4.58,4.83,5.17,4.31,4.61,4.88,5.36,2.96,3.26,3.53,3.33
2026-06-14,AL,Birmingham,3.73,4.23,4.64,4.88,3.74,4.23,4.65,4.88,3.84,4.32,4.74,4.98,4.06,4.53,4.92,5.25,2.76,3.24,3.65,3.34
2026-06-14,AL,Huntsville,3.69,4.18,4.53,4.94,3.7,4.19,4.54,4.94,3.8,4.28,4.61,5.04,4.1,4.57,4.91,5.24,2.71,3.16,3.49,3.26
2026-06-14,AL,Mobile,3.57,4.04,4.42,4.69,3.58,4.08,4.44,4.72,3.7,4.16,4.56,4.84,4.04,4.48,4.85,5.14,2.77,3.24,3.6,3.27
2026-06-14,AL,Montgomery,3.72,4.2,4.61,4.77,3.72,4.2,4.63,4.78,3.79,4.26,4.68,4.87,4.08,4.52,4.93,5.15,2.8,3.26,3.65,3.27
2026-06-14,AL,Tuscaloosa,3.64,4.1,4.54,4.82,3.65,4.1,4.51,4.86,3.76,4.19,4.59,4.96,4.04,4.5,4.9,5.2,2.69,3.13,3.54,3.29
2026-06-14,AL,Anniston-Oxford,3.63,4.08,4.5,4.71,3.64,4.1,4.53,4.74,3.78,4.19,4.62,4.83,3.96,4.41,4.83,5.12,2.76,3.15,3.56,3.23
2026-06-14,AL,Auburn,3.62,4.02,4.48,4.61,3.65,4.04,4.49,4.69,3.78,4.16,4.54,4.77,4.06,4.47,4.92,5.12,2.76,3.19,3.59,3.21
2026-06-14,AL,Daphne-Fairhope-Foley,3.54,4.03,4.39,4.73,3.55,4.02,4.42,4.76,3.68,4.12,4.54,4.86,4.05,4.52,4.9,5.15,2.8,3.23,3.62,3.26
2026-06-14,AL,Decatur,3.61,4.07,4.46,4.81,3.63,4.1,4.44,4.82,3.73,4.16,4.55,4.89,4.03,4.52,4.84,5.2,2.69,3.13,3.52,3.18
2026-06-14,AL,Dothan,3.7,4.01,4.45,4.9,3.7,4.01,4.51,4.9,3.78,4.18,4.58,5,4.15,4.53,4.95,5.34,2.77,3.17,3.59,3.43
2026-06-14,AL,Florence-Muscle Shoals,3.6,4.02,4.45,4.85,3.62,4.05,4.43,4.88,3.75,4.19,4.59,4.91,4.1,4.52,4.94,5.14,2.74,3.15,3.54,3.19
2026-06-14,AL,Gadsden,3.59,4.11,4.47,4.81,3.6,4.14,4.5,4.82,3.73,4.23,4.64,4.89,3.97,4.46,4.86,5.19,2.67,3.05,3.5,3.16
2026-06-14,AL,Russell County,3.7,4.26,4.72,4.88,3.72,4.25,4.75,4.88,3.85,4.34,4.82,4.95,4.13,4.59,5.01,5.32,2.79,3.22,3.61,3.32
2026-06-14,AK,Juneau,4.85,4.94,5.08,6.05,4.77,4.81,4.98,6.03,4.89,4.97,5.09,5.98,4.83,4.96,5.08,6,3.74,3.73,3.88,4.06
2026-06-14,AK,Fairbanks,4.96,5.24,5.46,5.5,4.97,5.26,5.54,5.5,5.2,5.46,5.69,5.62,5.24,5.55,5.74,5.84,3.67,3.96,4.14,3.73
2026-06-14,AK,Anchorage,5.09,5.4,5.64,5.69,5.09,5.39,5.64,5.7,5.14,5.44,5.68,5.73,5.25,5.52,5.77,5.9,3.57,3.82,4.04,3.63
2026-06-14,AZ,Flagstaff,4.66,4.95,5.29,5.75,4.68,4.98,5.29,5.73,4.75,5.08,5.42,5.83,4.86,5.1,5.44,5.89,3.17,3.42,3.81,3.37
2026-06-14,AZ,Phoenix-Mesa,4.38,4.79,5.1,5.42,4.39,4.81,5.12,5.43,4.52,4.92,5.24,5.58,4.89,5.29,5.62,5.75,3.41,3.77,4.08,3.42
2026-06-14,AZ,Pima County,4.33,4.7,5.01,5.51,4.34,4.72,5.03,5.54,4.47,4.83,5.14,5.63,4.76,5.13,5.43,5.74,2.95,3.29,3.58,3.29
2026-06-14,AZ,Yuma,4.54,4.81,5.12,5.67,4.56,4.83,5.13,5.7,4.64,4.9,5.22,5.81,4.89,5.13,5.46,5.98,2.88,3.26,3.58,3.37
2026-06-14,AZ,Phoenix Proper,4.38,4.79,5.1,5.42,4.39,4.81,5.12,5.44,4.53,4.92,5.23,5.59,4.89,5.29,5.61,5.74,3.39,3.73,4.05,3.37
2026-06-14,AZ,East Valley,4.38,4.78,5.09,5.38,4.39,4.8,5.11,5.4,4.52,4.92,5.23,5.56,4.92,5.31,5.63,5.71,3.46,3.82,4.14,3.4
2026-06-14,AZ,West Valley,4.36,4.77,5.08,5.45,4.37,4.78,5.11,5.46,4.48,4.91,5.22,5.59,4.87,5.28,5.62,5.76,3.4,3.76,4.04,3.4
2026-06-14,AZ,Scottsdale,4.53,4.89,5.22,5.61,4.54,4.92,5.23,5.63,4.68,5.05,5.39,5.74,4.99,5.35,5.7,5.88,3.54,3.88,4.2,3.65
2026-06-14,AZ,Tucson,4.34,4.71,5.02,5.52,4.35,4.73,5.04,5.54,4.47,4.84,5.15,5.64,4.75,5.12,5.43,5.74,2.95,3.28,3.58,3.29
2026-06-14,AZ,Glendale,4.37,4.77,5.09,5.43,4.38,4.78,5.11,5.43,4.49,4.91,5.24,5.58,4.88,5.27,5.61,5.72,3.43,3.79,4.04,3.38
2026-06-14,AZ,Peoria,4.38,4.82,5.15,5.48,4.39,4.84,5.16,5.5,4.52,4.94,5.25,5.63,4.9,5.33,5.69,5.84,3.41,3.79,4.11,3.49
2026-06-14,AZ,Prescott,4.66,5.01,5.36,5.75,4.68,5.01,5.36,5.8,4.78,5.17,5.44,5.88,4.84,5.14,5.44,5.95,3.16,3.43,3.81,3.52
2026-06-14,AZ,Lake Havasu-Kingman,4.49,4.75,5.14,5.65,4.51,4.77,5.17,5.68,4.64,4.94,5.27,5.8,4.85,5.12,5.45,5.96,3.13,3.36,3.71,3.56
2026-06-14,AZ,Sierra Vista-Douglas,4.51,4.78,5.14,5.47,4.51,4.8,5.13,5.52,4.58,4.89,5.21,5.59,4.69,4.99,5.3,5.73,2.95,3.2,3.52,3.33
2026-06-14,AR,Fayetteville-Springdale-Rogers,3.63,4.06,4.31,4.69,3.65,4.06,4.35,4.71,3.75,4.13,4.42,4.82,4.07,4.46,4.76,5.16,2.86,3.27,3.56,3.15
2026-06-14,AR,Little Rock-North Little Rock,3.66,4.18,4.52,4.65,3.67,4.2,4.55,4.67,3.78,4.28,4.67,4.79,4.06,4.54,4.89,5.16,2.76,3.22,3.62,3.13
2026-06-14,AR,Pine Bluff,3.7,4.23,4.63,4.64,3.71,4.22,4.64,4.68,3.8,4.3,4.69,4.8,4.06,4.47,4.94,5.24,2.71,3.25,3.65,3.22
2026-06-14,AR,Fort Smith (AR only),3.68,4.14,4.51,4.71,3.7,4.15,4.52,4.72,3.79,4.27,4.61,4.88,4.02,4.44,4.8,5.19,2.78,3.22,3.55,3.14
2026-06-14,AR,Texarkana (AR only),3.74,4.31,4.62,4.68,3.73,4.3,4.52,4.69,3.83,4.39,4.59,4.83,4.14,4.61,4.93,5.12,2.79,3.23,3.62,3.24
2026-06-14,AR,Hot Springs,3.6,4.19,4.58,4.74,3.62,4.24,4.62,4.76,3.76,4.36,4.75,4.89,4.03,4.57,4.93,5.23,2.75,3.29,3.66,3.19
2026-06-14,AR,Jonesboro,3.54,3.87,4.28,4.69,3.55,3.9,4.35,4.73,3.65,4.1,4.51,4.87,4.07,4.5,4.87,5.19,2.69,3.07,3.53,3.22
2026-06-14,AR,West Memphis,3.66,4.11,4.63,4.85,3.68,4.11,4.64,4.85,3.75,4.22,4.65,4.94,4.07,4.37,5.04,5.31,2.75,3.18,3.59,3.22
2026-06-14,CA,Bakersfield,5.89,6.14,6.32,7.09,5.9,6.15,6.34,7.12,5.97,6.14,6.41,7.2,6.07,6.28,6.47,7.39,4.61,4.85,5.06,4.98
2026-06-14,CA,Chico-Paradise,5.68,5.88,6.1,6.85,5.71,5.9,6.12,6.92,5.8,5.96,6.15,7,5.91,6.15,6.34,7.31,4.62,4.83,4.98,5.05
2026-06-14,CA,Fresno,5.69,5.95,6.17,7.09,5.71,5.98,6.17,7.1,5.88,6.15,6.36,7.28,6.07,6.31,6.51,7.49,4.7,4.96,5.17,5.19
2026-06-14,CA,Los Angeles-Long Beach,5.76,5.99,6.16,7.11,5.77,6.01,6.18,7.13,5.92,6.15,6.31,7.28,6.23,6.46,6.62,7.48,4.65,4.86,5.03,4.97
2026-06-14,CA,Merced,5.88,6.22,6.43,7.44,5.9,6.22,6.46,7.44,6,6.31,6.52,7.53,6.04,6.39,6.6,7.68,4.52,4.84,5.08,5.11
2026-06-14,CA,Modesto,5.71,5.98,6.2,7.07,5.72,6.02,6.22,7.08,5.85,6.12,6.32,7.29,5.99,6.24,6.48,7.55,4.41,4.72,4.91,5.21
2026-06-14,CA,Oakland,5.81,6.07,6.25,7.07,5.83,6.08,6.26,7.1,5.98,6.24,6.43,7.29,6.21,6.46,6.65,7.61,4.78,5.02,5.19,5.25
2026-06-14,CA,Orange County,5.63,5.87,6.03,6.88,5.64,5.88,6.04,6.9,5.79,6.02,6.18,7.02,6.19,6.42,6.58,7.26,4.56,4.79,4.93,4.8
2026-06-14,CA,Redding,5.63,5.88,6.03,6.85,5.64,5.9,6.04,6.88,5.81,6.05,6.19,7.08,5.93,6.08,6.29,7.33,4.49,4.7,4.79,4.99
2026-06-14,CA,Riverside,5.6,5.84,6.02,6.93,5.61,5.86,6.03,6.95,5.76,6.01,6.18,7.09,6.07,6.31,6.48,7.3,4.46,4.72,4.88,4.82
2026-06-14,CA,Sacramento,5.77,6.02,6.24,7.06,5.77,6.04,6.25,7.09,5.93,6.19,6.39,7.27,6.09,6.35,6.56,7.52,4.64,4.9,5.1,5.19
2026-06-14,CA,Salinas,5.88,6.1,6.28,7.11,5.91,6.11,6.29,7.13,6.07,6.26,6.44,7.39,6.31,6.46,6.64,7.69,4.93,5.07,5.34,5.47
2026-06-14,CA,San Diego,5.77,5.99,6.19,6.92,5.78,6.02,6.2,6.94,5.91,6.14,6.31,7.08,6.18,6.41,6.59,7.31,4.66,4.88,5.05,4.83
2026-06-14,CA,San Francisco,5.87,6.09,6.27,7.02,5.88,6.12,6.29,7.03,6.06,6.29,6.47,7.3,6.3,6.53,6.73,7.74,4.85,5.07,5.27,5.42
2026-06-14,CA,San Jose,5.75,6,6.16,6.99,5.77,6.01,6.18,7.01,5.92,6.15,6.33,7.24,6.13,6.38,6.56,7.54,4.73,4.96,5.13,5.23
2026-06-14,CA,San Luis Obispo-Atascadero-Paso Robles,5.95,6.15,6.33,7.26,5.96,6.18,6.33,7.24,6.09,6.34,6.49,7.41,6.29,6.48,6.66,7.67,4.92,5.1,5.3,5.34
2026-06-14,CA,Santa Barbara-Santa Maria-Lompoc,5.8,5.99,6.19,7.07,5.8,6.02,6.17,7.09,5.89,6.11,6.27,7.23,6.09,6.27,6.48,7.41,4.59,4.78,4.92,4.9
2026-06-14,CA,Santa Cruz-Watsonville,5.96,6.17,6.4,7.12,5.96,6.19,6.42,7.16,6.1,6.36,6.51,7.37,6.24,6.52,6.76,7.56,4.95,5.19,5.38,5.34
2026-06-14,CA,Santa Rosa,5.87,6.09,6.28,6.99,5.89,6.12,6.31,7.04,6.05,6.26,6.44,7.27,6.27,6.52,6.7,7.66,4.92,5.12,5.31,5.38
2026-06-14,CA,Stockton-Lodi,5.61,5.85,6.08,6.92,5.62,5.88,6.1,6.94,5.8,6.08,6.25,7.11,5.99,6.25,6.47,7.45,4.55,4.81,5,5.14
2026-06-14,CA,Vallejo-Fairfield,5.74,6.02,6.2,6.99,5.76,6.02,6.19,6.98,5.89,6.14,6.34,7.24,6.1,6.37,6.58,7.52,4.72,5,5.18,5.24
2026-06-14,CA,Ventura,5.66,5.92,6.09,7.04,5.68,5.93,6.1,7.08,5.83,6.06,6.23,7.17,6.12,6.36,6.54,7.37,4.67,4.89,5.05,5.01
2026-06-14,CA,Visalia-Tulare-Porterville,5.72,5.99,6.24,7.06,5.72,6.01,6.23,7.08,5.86,6.1,6.3,7.22,6.04,6.36,6.56,7.41,4.68,4.93,5.13,5.09
2026-06-14,CA,Yolo,5.76,6,6.26,6.9,5.76,6.02,6.25,6.98,5.89,6.17,6.37,7.19,6.01,6.28,6.52,7.46,4.61,4.8,5.02,5.1
2026-06-14,CA,Yuba City,5.54,5.86,5.99,6.9,5.55,5.81,6.01,6.89,5.75,6.01,6.22,7.06,5.83,6.08,6.29,7.26,4.45,4.84,4.94,4.99
2026-06-14,CA,El Centro,5.55,5.71,5.91,6.86,5.56,5.74,5.95,6.94,5.66,5.8,6.08,7.06,5.84,6,6.22,7.28,4.32,4.48,4.65,4.78
2026-06-14,CA,Hanford-Corcoran,5.6,5.89,6.07,6.94,5.63,5.89,6.05,6.96,5.81,6.08,6.29,7.15,5.99,6.26,6.44,7.33,4.51,4.73,4.87,4.97
2026-06-14,CA,Madera-Chowchilla,5.9,6.14,6.4,7.11,5.92,6.24,6.4,7.1,6.01,6.26,6.58,7.27,6.14,6.34,6.69,7.6,4.71,4.95,5.2,5.12
2026-06-14,CA,Napa,5.84,6.03,6.24,6.8,5.85,6.13,6.27,6.88,6.04,6.23,6.45,7.12,6.34,6.56,6.77,7.35,5.02,5.19,5.39,5.34
2026-06-14,CA,San Bernardino,5.63,5.82,6.01,6.9,5.64,5.84,6.02,6.92,5.8,5.99,6.2,7.07,6.12,6.35,6.53,7.33,4.49,4.7,4.88,4.85
2026-06-14,CA,San Rafael,5.81,6.03,6.23,6.84,5.81,6.09,6.25,6.86,5.98,6.22,6.42,7.11,6.29,6.52,6.71,7.63,4.76,4.94,5.14,5.41
2026-06-14,CO,Boulder-Longmont,4.1,4.54,4.88,5.05,4.11,4.56,4.88,5.08,4.17,4.62,4.97,5.12,4.64,5.1,5.45,5.65,3.07,3.49,3.86,3.44
2026-06-14,CO,Colorado Springs,3.98,4.4,4.71,4.7,3.99,4.41,4.73,4.72,4.06,4.48,4.81,4.86,4.65,5.06,5.39,5.65,3.02,3.41,3.73,3.22
2026-06-14,CO,Denver,4,4.44,4.76,4.76,4.03,4.48,4.8,4.78,4.05,4.49,4.81,4.92,4.65,5.1,5.42,5.66,3.03,3.46,3.77,3.26
2026-06-14,CO,Fort Collins-Loveland,4.11,4.5,4.84,4.85,4.14,4.56,4.83,4.87,4.25,4.62,4.94,5,4.66,5.09,5.43,5.65,3.04,3.42,3.72,3.23
2026-06-14,CO,Pueblo,3.96,4.37,4.71,4.7,4.01,4.41,4.81,4.75,4.14,4.54,4.87,4.96,4.51,4.88,5.23,5.44,2.98,3.38,3.74,3.27
2026-06-14,CO,Grand Junction (CO only),4.26,4.59,4.91,5.19,4.28,4.62,4.95,5.23,4.44,4.75,5.11,5.4,4.63,4.95,5.28,5.7,3.17,3.49,3.83,3.46
2026-06-14,CO,Durango,4.68,4.97,5.28,5.41,4.68,4.98,5.26,5.42,4.69,4.95,5.26,5.49,4.51,4.79,5.12,5.72,3.19,3.47,3.85,3.41
2026-06-14,CO,Glenwood Springs,4.81,5.39,5.5,5.67,4.78,5.39,5.58,5.72,4.83,5.4,5.6,5.76,4.84,5.28,5.5,5.82,3.48,3.97,4.14,3.7
2026-06-14,CO,Greeley,3.95,4.34,4.64,4.61,3.97,4.37,4.68,4.62,3.97,4.37,4.67,4.77,4.63,5.05,5.36,5.62,2.96,3.38,3.66,3.16
2026-06-14,CO,Vail,4.61,4.97,5.3,5.76,4.62,4.98,5.3,5.76,4.65,5.02,5.3,5.77,4.78,5.14,5.31,5.72,3.53,3.88,4.12,3.59
2026-06-14,CT,Bridgeport,4.35,4.96,5.36,5.62,4.36,4.98,5.38,5.65,4.49,5.1,5.5,5.73,4.69,5.25,5.66,5.87,3.15,3.8,4.14,3.79
2026-06-14,CT,Hartford,4.19,4.79,5.21,5.52,4.19,4.8,5.22,5.52,4.33,4.95,5.34,5.6,4.62,5.11,5.56,5.83,3.07,3.68,4.03,3.74
2026-06-14,CT,New Haven-Meriden,4.2,4.77,5.14,5.51,4.23,4.78,5.17,5.52,4.36,4.92,5.26,5.62,4.6,5.08,5.43,5.82,3.05,3.66,3.98,3.72
2026-06-14,CT,New London-Norwich (CT only),4.13,4.72,5.09,5.47,4.14,4.72,5.13,5.45,4.33,4.87,5.28,5.62,4.62,5.08,5.48,5.81,3.08,3.59,3.97,3.6
2026-06-14,CT,Windham,4.24,4.7,5.12,5.46,4.26,4.73,5.2,5.52,4.4,4.88,5.32,5.66,4.65,5.06,5.48,5.83,3.12,3.59,3.99,3.64
2026-06-14,CT,Lower Fairfield County,4.32,4.92,5.32,5.62,4.35,4.98,5.32,5.63,4.49,5.06,5.43,5.72,4.71,5.24,5.62,5.86,3.12,3.77,4.12,3.78
2026-06-14,DE,Dover,3.81,4.35,4.7,5,3.83,4.38,4.71,4.98,3.97,4.52,4.81,5.1,4.41,4.92,5.24,5.57,3,3.48,3.78,3.54
2026-06-14,DE,Wilmington-Newark (DE only),3.8,4.51,4.79,4.96,3.81,4.5,4.78,4.95,3.94,4.66,4.9,5.1,4.31,4.93,5.18,5.5,2.96,3.6,3.84,3.45
2026-06-14,DE,Milford-Seaford,3.82,4.28,4.65,4.98,3.84,4.32,4.69,4.99,3.98,4.47,4.8,5.09,4.38,4.79,5.14,5.54,2.98,3.4,3.74,3.49
2026-06-14,DC,Washington (DC only),4.36,4.98,5.4,5.68,4.37,4.96,5.4,5.67,4.48,5.07,5.47,5.87,4.65,5.26,5.6,5.96,3.18,3.72,4.16,3.72
2026-06-14,DC,Washington (Entire Metro Average),3.95,4.5,4.86,5.1,3.96,4.52,4.88,5.12,4.08,4.65,5,5.24,4.42,4.94,5.3,5.71,3.12,3.66,4.01,3.64
2026-06-14,FL,Daytona Beach,3.85,4.31,4.65,4.89,3.87,4.34,4.69,4.92,3.79,4.24,4.6,4.88,4.44,4.91,5.27,5.19,2.93,3.34,3.66,3.36
2026-06-14,FL,Fort Lauderdale,3.91,4.38,4.74,4.99,3.93,4.42,4.78,5.01,3.94,4.42,4.73,4.99,4.43,4.89,5.19,5.34,2.97,3.45,3.74,3.34
2026-06-14,FL,Fort Myers-Cape Coral,3.8,4.29,4.6,4.8,3.83,4.32,4.62,4.85,3.75,4.2,4.52,4.81,4.45,4.95,5.24,5.27,2.96,3.4,3.71,3.35
2026-06-14,FL,Gainesville,3.89,4.37,4.73,5.06,3.91,4.41,4.77,5.07,3.94,4.44,4.84,5.07,4.42,4.88,5.28,5.39,3.04,3.52,3.86,3.45
2026-06-14,FL,Jacksonville,3.83,4.3,4.66,4.92,3.85,4.32,4.69,4.94,3.78,4.23,4.6,4.96,4.31,4.77,5.14,5.21,2.9,3.33,3.7,3.34
2026-06-14,FL,Miami,3.91,4.37,4.64,4.97,3.94,4.39,4.65,4.98,3.96,4.39,4.64,5,4.36,4.76,5.03,5.33,2.94,3.39,3.62,3.32
2026-06-14,FL,Orlando,3.77,4.21,4.54,4.84,3.81,4.26,4.59,4.87,3.64,4.06,4.4,4.83,4.44,4.89,5.2,5.08,2.92,3.34,3.65,3.37
2026-06-14,FL,Pensacola,3.52,4,4.39,4.72,3.52,4,4.41,4.74,3.61,4.08,4.49,4.78,4.06,4.52,4.9,5.14,2.89,3.34,3.73,3.32
2026-06-14,FL,Tallahassee,3.87,4.37,4.73,4.93,3.88,4.39,4.76,4.94,4.01,4.5,4.86,5.05,4.34,4.79,5.16,5.3,2.9,3.33,3.74,3.44
2026-06-14,FL,Tampa-St. Petersburg-Clearwater,3.8,4.27,4.6,4.85,3.83,4.31,4.64,4.89,3.7,4.16,4.51,4.85,4.43,4.92,5.26,5.15,2.97,3.43,3.77,3.37
2026-06-14,FL,West Palm Beach-Boca Raton,4.04,4.51,4.86,5.05,4.08,4.56,4.91,5.06,4.04,4.48,4.87,5.08,4.56,4.99,5.4,5.41,3.12,3.59,3.93,3.48
2026-06-14,FL,Bradenton-Sarasota-Venice,3.8,4.27,4.61,4.86,3.83,4.3,4.65,4.89,3.69,4.15,4.51,4.9,4.4,4.89,5.21,5.17,2.91,3.35,3.67,3.37
2026-06-14,FL,Crestview-Fort Walton Beach,3.63,4.15,4.56,4.78,3.64,4.15,4.57,4.8,3.76,4.3,4.67,4.86,4.1,4.53,4.94,5.19,2.8,3.21,3.58,3.27
2026-06-14,FL,Homosassa Springs,3.87,4.27,4.64,4.92,3.89,4.3,4.63,4.95,3.8,4.22,4.62,4.96,4.4,4.82,5.19,5.26,2.95,3.33,3.68,3.42
2026-06-14,FL,Lakeland-Winter Haven,3.81,4.25,4.61,4.86,3.85,4.28,4.63,4.89,3.77,4.17,4.57,4.87,4.41,4.9,5.25,5.25,2.98,3.39,3.72,3.4
2026-06-14,FL,Melbourne-Titusville,3.75,4.23,4.59,4.91,3.79,4.27,4.63,4.93,3.72,4.18,4.54,5.02,4.37,4.87,5.21,5.29,2.84,3.3,3.62,3.37
2026-06-14,FL,Naples,3.94,4.4,4.73,5,3.96,4.4,4.75,5.06,3.93,4.35,4.7,5.09,4.53,5.01,5.32,5.4,3.03,3.47,3.78,3.42
2026-06-14,FL,Ocala,3.82,4.22,4.59,4.96,3.86,4.28,4.66,4.96,3.75,4.1,4.52,4.89,4.29,4.75,5.09,5.25,3.01,3.42,3.75,3.42
2026-06-14,FL,Panama City,3.68,4.14,4.53,4.84,3.67,4.14,4.55,4.85,3.76,4.19,4.61,4.91,4.11,4.55,5,5.23,2.79,3.22,3.61,3.32
2026-06-14,FL,Port St. Lucie,3.82,4.24,4.62,4.9,3.85,4.31,4.69,4.93,3.82,4.26,4.6,5.04,4.37,4.82,5.17,5.33,2.95,3.4,3.74,3.41
2026-06-14,FL,Punta Gorda,3.8,4.31,4.65,4.88,3.83,4.34,4.68,4.9,3.69,4.19,4.6,4.93,4.39,4.89,5.22,5.22,2.89,3.37,3.63,3.36
2026-06-14,FL,Sebastian-Vero Beach,3.85,4.31,4.6,4.96,3.88,4.38,4.71,4.99,3.87,4.45,4.74,5.06,4.42,4.9,5.26,5.34,2.96,3.45,3.78,3.42
2026-06-14,FL,Sebring,3.84,4.37,4.63,4.81,3.88,4.34,4.68,4.86,3.83,4.27,4.55,4.95,4.29,4.73,5.07,5.22,2.97,3.37,3.69,3.3
2026-06-14,FL,The Villages,3.73,4.23,4.62,4.88,3.78,4.28,4.66,4.94,3.65,4.1,4.41,4.79,4.35,4.88,5.21,5.14,2.98,3.36,3.76,3.38
2026-06-14,GA,Atlanta,3.77,4.26,4.69,4.92,3.78,4.27,4.71,4.92,3.84,4.31,4.75,4.95,4.05,4.52,4.94,5.13,2.88,3.35,3.75,3.48
2026-06-14,GA,Macon,3.86,4.27,4.73,5.03,3.87,4.32,4.77,5.06,3.93,4.37,4.82,5.09,4.04,4.51,4.9,5.24,2.9,3.31,3.71,3.45
2026-06-14,GA,Savannah,3.87,4.31,4.72,5.01,3.88,4.31,4.74,5.03,3.97,4.41,4.83,5.14,4.01,4.43,4.85,5.14,2.98,3.37,3.82,3.44
2026-06-14,GA,Augusta-Aiken (GA only),3.71,4.14,4.55,4.85,3.72,4.19,4.58,4.86,3.85,4.33,4.73,4.96,3.93,4.42,4.81,5.15,2.82,3.25,3.66,3.34
2026-06-14,GA,Columbus (GA only),3.77,4.22,4.62,4.94,3.78,4.23,4.65,4.97,3.87,4.31,4.76,5.01,3.91,4.38,4.77,5.1,2.84,3.23,3.64,3.41
2026-06-14,GA,Albany,3.58,4.02,4.43,4.8,3.58,4.01,4.45,4.81,3.68,4.11,4.5,4.95,3.88,4.28,4.66,5.13,2.88,3.28,3.69,3.33
2026-06-14,GA,Athens,3.74,4.19,4.54,4.88,3.76,4.2,4.54,4.91,3.84,4.23,4.66,4.93,4.02,4.42,4.84,5.09,2.88,3.33,3.74,3.47
2026-06-14,GA,Valdosta,3.71,4.13,4.5,4.88,3.73,4.17,4.54,4.89,3.9,4.37,4.74,5.02,3.95,4.38,4.77,5,2.93,3.34,3.71,3.35
2026-06-14,GA,Brunswick,3.63,4.03,4.38,4.88,3.65,4.04,4.4,4.89,3.7,4.07,4.4,4.95,3.88,4.31,4.66,5,2.81,3.24,3.59,3.44
2026-06-14,GA,Catoosa-Dade-Walker,3.57,3.98,4.37,4.71,3.59,4,4.39,4.76,3.69,4.1,4.52,4.85,3.91,4.38,4.77,5,2.78,3.27,3.69,3.15
2026-06-14,GA,Dalton,3.62,4.06,4.48,4.8,3.65,4.06,4.51,4.84,3.74,4.18,4.64,4.88,3.95,4.48,4.86,5.06,2.82,3.3,3.61,3.27
2026-06-14,GA,Gainesville,3.67,4.09,4.56,4.81,3.68,4.13,4.55,4.83,3.74,4.18,4.6,4.87,4.02,4.47,4.92,5.07,2.87,3.33,3.72,3.4
2026-06-14,GA,Hinesville-Fort Stewart,3.72,4.13,4.52,4.96,3.78,4.14,4.52,4.98,3.98,4.42,4.71,5.01,3.99,4.35,4.74,5.07,2.82,3.15,3.6,3.4
2026-06-14,GA,Rome,3.67,4.14,4.57,4.8,3.68,4.12,4.59,4.84,3.77,4.24,4.64,4.9,3.94,4.39,4.82,5.09,2.81,3.3,3.77,3.31
2026-06-14,GA,Warner Robins,3.7,4.09,4.5,4.85,3.72,4.13,4.51,4.85,3.78,4.18,4.59,4.93,3.97,4.4,4.82,5.12,2.76,3.13,3.51,3.23
2026-06-14,HI,Hilo,5.63,5.88,6.3,7.08,5.64,6.01,6.23,7.12,5.62,6,6.22,7.05,5.64,5.92,6.21,6.94,4.65,4.83,5.12,5.23
2026-06-14,HI,Wailuku,5.59,5.83,5.8,7.23,5.63,5.79,5.73,7.33,5.66,5.77,5.99,7.33,5.67,5.94,5.78,7.61,4.49,4.78,4.81,5.33
2026-06-14,HI,Honolulu,5.54,5.79,6.06,6.94,5.55,5.83,6.09,6.94,5.55,5.85,6.09,6.94,5.62,5.91,6.18,6.96,4.39,4.66,4.91,5.2
2026-06-14,HI,Kahului,5.59,5.83,5.8,7.23,5.63,5.79,5.73,7.33,5.66,5.77,5.99,7.33,5.67,5.94,5.78,7.61,4.49,4.78,4.81,5.33
2026-06-14,HI,Lihue (Kauai),5.9,6.18,6.46,7.34,5.9,6.2,6.42,7.34,5.94,6.2,6.48,7.4,5.94,6.2,6.4,7.36,5.05,5.3,5.54,5.51
2026-06-14,ID,Coeur D'Alene,4.29,4.6,4.83,5.16,4.3,4.59,4.89,5.19,4.4,4.66,4.96,5.27,4.61,4.89,5.21,5.54,3.31,3.57,3.87,3.7
2026-06-14,ID,Boise City,4.33,4.58,4.83,5.13,4.36,4.6,4.86,5.14,4.44,4.67,4.92,5.28,4.6,4.82,5.08,5.57,3.2,3.42,3.68,3.46
2026-06-14,ID,Pocatello,4.51,4.86,5.1,5.17,4.53,4.87,5.11,5.21,4.59,4.94,5.18,5.46,4.62,4.92,5.2,5.56,3.3,3.62,3.84,3.39
2026-06-14,ID,Franklin,4.34,4.63,4.84,5.18,4.37,4.65,4.84,5.18,4.48,4.78,4.98,5.47,4.59,4.87,5.1,5.6,3.25,3.52,3.83,3.41
2026-06-14,ID,Idaho Falls,4.31,4.6,4.91,5.11,4.34,4.64,4.92,5.12,4.42,4.72,5.01,5.3,4.6,4.89,5.16,5.52,3.26,3.58,3.84,3.4
2026-06-14,ID,Lewiston,4.38,4.73,5.06,5.38,4.38,4.73,5.11,5.38,4.45,4.8,5.17,5.47,4.55,4.79,5.12,5.59,3.32,3.57,3.93,3.79
2026-06-14,ID,Twin Falls,4.57,4.86,5.18,5.29,4.56,4.86,5.18,5.28,4.66,4.96,5.24,5.5,4.61,4.89,5.2,5.57,3.33,3.62,3.89,3.5
2026-06-14,IL,Bloomington-Normal,4.28,4.82,5.26,5.35,4.3,4.84,5.28,5.36,4.47,5.03,5.41,5.56,4.84,5.38,5.8,6.08,3.16,3.7,4.08,3.44
2026-06-14,IL,Champaign-Urbana,4.29,4.85,5.27,5.16,4.3,4.88,5.24,5.16,4.49,5.13,5.42,5.45,4.9,5.52,5.81,6.12,3.19,3.78,4.11,3.38
2026-06-14,IL,Chicago Metro,4.42,5.01,5.57,5.64,4.43,5.05,5.59,5.66,4.62,5.21,5.75,5.81,5.28,5.83,6.35,6.3,3.66,4.22,4.72,3.62
2026-06-14,IL,Decatur,4.02,4.59,5.07,5.33,4.08,4.75,5.18,5.35,4.28,4.78,5.17,5.57,4.86,5.33,5.8,6.2,3.12,3.67,4.07,3.39
2026-06-14,IL,Peoria-Pekin,4.46,5.02,5.41,5.65,4.47,5.06,5.43,5.67,4.62,5.2,5.58,5.81,4.94,5.48,5.86,6.11,3.28,3.81,4.26,3.51
2026-06-14,IL,Rockford,4.28,4.86,5.36,5.37,4.3,4.89,5.36,5.39,4.46,5.07,5.51,5.56,4.94,5.46,5.93,6,3.25,3.79,4.3,3.44
2026-06-14,IL,Springfield,4.18,4.81,5.27,5.21,4.19,4.82,5.28,5.19,4.42,5.06,5.46,5.45,4.88,5.51,5.93,6.07,3.13,3.7,4.17,3.34
2026-06-14,IL,Davenport-Moline-Rock Island (IL only),4.56,5.09,5.48,5.48,4.58,5.1,5.51,5.53,4.65,5.14,5.56,5.62,4.85,5.33,5.76,5.87,3.3,3.79,4.26,3.59
2026-06-14,IL,East Saint Louis,4.53,5.03,5.42,5.59,4.53,5.05,5.43,5.6,4.63,5.12,5.51,5.67,4.9,5.41,5.77,6.01,3.31,3.81,4.13,3.56
2026-06-14,IL,Quincy,4.35,4.81,5.07,5.46,4.36,4.82,5.07,5.43,4.45,4.88,5.22,5.53,4.72,5.07,5.42,5.69,3.2,3.61,4.02,3.33
2026-06-14,IL,Danville,4.29,4.76,5.16,5.3,4.29,4.76,5.17,5.28,4.44,4.89,5.26,5.51,4.88,5.44,5.71,6.09,3.19,3.79,4.17,3.45
2026-06-14,IL,City of Chicago,4.9,5.58,6.13,6.16,4.9,5.59,6.13,6.18,5.05,5.68,6.22,6.23,5.43,6.01,6.53,6.45,3.82,4.41,4.9,3.96
2026-06-14,IL,Carbondale-Marion,4.54,5.01,5.49,5.41,4.54,5.02,5.45,5.44,4.62,5.09,5.54,5.58,4.95,5.43,5.85,6.04,3.23,3.71,4.14,3.63
2026-06-14,IL,Elgin,4.27,4.91,5.4,5.5,4.29,4.95,5.45,5.52,4.52,5.16,5.66,5.69,5.15,5.72,6.22,6.19,3.53,4.11,4.57,3.5
2026-06-14,IL,Kankakee-Bradley,4.26,4.81,5.27,5.53,4.29,4.89,5.29,5.57,4.51,5.09,5.48,5.74,4.93,5.53,5.94,6.21,3.19,3.77,4.16,3.4
2026-06-14,IL,Lake County,4.19,4.84,5.38,5.64,4.22,4.88,5.4,5.65,4.46,5.09,5.64,5.8,5.18,5.71,6.24,6.11,3.6,4.17,4.68,3.39
2026-06-14,IN,Bloomington,3.43,3.96,4.49,5.63,3.44,4,4.5,5.63,3.59,4.11,4.58,5.78,4.51,5.03,5.55,6.26,3.27,3.77,4.27,3.57
2026-06-14,IN,Fort Wayne,3.23,3.78,4.37,5.5,3.23,3.79,4.36,5.53,3.37,3.93,4.51,5.66,4.22,4.77,5.34,6.17,3.23,3.72,4.24,3.5
2026-06-14,IN,Gary,3.39,3.92,4.43,5.53,3.4,3.94,4.44,5.55,3.34,3.88,4.39,5.66,4.19,4.7,5.21,6.16,3.3,3.82,4.31,3.58
2026-06-14,IN,Indianapolis,3.24,3.88,4.41,5.59,3.24,3.9,4.42,5.6,3.4,4.03,4.56,5.76,4.26,4.88,5.38,6.21,3.18,3.73,4.25,3.5
2026-06-14,IN,South Bend,3.39,3.99,4.56,5.61,3.4,3.98,4.56,5.63,3.42,3.99,4.58,5.72,4.22,4.84,5.4,6.27,3.28,3.8,4.3,3.55
2026-06-14,IN,Terre Haute,3.31,3.77,4.26,5.32,3.32,3.8,4.27,5.35,3.44,3.88,4.44,5.47,4.17,4.63,5.12,6.1,3.16,3.65,4.12,3.58
2026-06-14,IN,Clarksville,3.38,3.87,4.36,5.31,3.4,3.92,4.39,5.32,3.54,3.99,4.47,5.48,3.98,4.49,4.94,5.94,2.98,3.44,3.92,3.56
2026-06-14,IN,Columbus,3.13,3.7,4.24,5.59,3.15,3.72,4.26,5.61,3.35,3.92,4.42,5.71,4.25,4.78,5.25,6.2,3.22,3.76,4.2,3.35
2026-06-14,IN,Dearborn-Franklin-Ohio-Union,3.67,4.23,4.71,5.69,3.69,4.19,4.62,5.71,3.76,4.26,4.79,5.75,4.44,5.01,5.48,6.09,3.05,3.55,4.09,3.58
2026-06-14,IN,Elkhart,3.34,3.91,4.44,5.43,3.36,3.95,4.5,5.46,3.45,4.05,4.58,5.63,4.26,4.85,5.38,6.24,3.24,3.75,4.27,3.47
2026-06-14,IN,Evansville,3.52,4.1,4.46,5.43,3.54,4.06,4.48,5.44,3.71,4.27,4.73,5.57,4.27,4.76,5.18,5.86,2.87,3.34,3.79,3.6
2026-06-14,IN,Kokomo,3.33,3.9,4.43,5.61,3.34,3.93,4.46,5.6,3.29,3.97,4.47,5.74,4.17,4.84,5.29,6.12,3.2,3.77,4.23,3.44
2026-06-14,IN,Lafayette,3.45,4.02,4.55,5.66,3.47,4.05,4.57,5.67,3.42,3.99,4.54,5.73,4.19,4.77,5.28,6.22,3.32,3.82,4.33,3.49
2026-06-14,IN,Michigan City-La Porte,3.46,4.01,4.52,5.44,3.47,4.04,4.54,5.46,3.4,3.97,4.48,5.58,4.21,4.77,5.29,6.2,3.38,3.91,4.4,3.53
2026-06-14,IN,Muncie,3.28,3.83,4.34,5.45,3.29,3.85,4.33,5.45,3.42,4,4.52,5.52,4.19,4.7,5.27,6.21,3.15,3.65,4.19,3.42
2026-06-14,IA,Cedar Rapids,3.66,3.99,4.55,4.88,3.68,4,4.57,4.89,3.78,4.06,4.66,4.97,4.37,4.54,5.23,5.34,2.97,3.24,3.8,3.32
2026-06-14,IA,Des Moines,3.56,3.87,4.34,4.5,3.59,3.84,4.35,4.52,3.74,4.1,4.49,4.67,4.42,4.66,5.08,5.41,2.9,3.18,3.62,3.37
2026-06-14,IA,Waterloo-Cedar Falls,3.64,4.2,4.58,4.96,3.69,4.05,4.63,4.98,3.7,4.05,4.61,5.04,4.34,4.63,5.32,5.39,2.94,3.17,3.84,3.36
2026-06-14,IA,Davenport-Moline-Rock Island (IA only),3.71,4.14,4.67,5.05,3.7,4.12,4.69,5.04,3.8,4.24,4.82,5.12,4.27,4.53,5.21,5.42,2.8,3.12,3.73,3.36
2026-06-14,IA,Sioux City (IA only),3.62,3.89,4.48,4.84,3.65,3.98,4.52,4.86,3.61,3.92,4.48,4.96,4.14,4.42,4.96,5.33,2.9,3.2,3.72,3.31
2026-06-14,IA,Ames,3.53,4.08,4.31,4.46,3.57,0,4.27,4.45,3.65,0,4.38,4.58,4.45,4.9,5.18,5.32,3.06,3.37,3.73,3.4
2026-06-14,IA,Council Bluffs,3.74,4.07,4.55,4.88,3.75,4.1,4.61,4.86,3.84,4.12,4.73,4.98,4.19,4.49,4.99,5.37,2.76,3.1,3.6,3.34
2026-06-14,IA,Dubuque,3.87,4.17,4.9,4.96,3.88,4.15,4.91,4.99,4.08,4.08,5.15,5.09,4.38,4.53,5.42,5.39,3,3.15,3.87,3.27
2026-06-14,IA,Iowa City,3.75,4.21,4.68,4.86,3.75,4.24,4.67,4.88,3.85,4.52,4.79,4.93,4.25,4.58,5.16,5.26,2.95,3.42,3.73,3.31
2026-06-14,KS,Lawrence,3.73,4.08,4.53,4.81,3.76,4.11,4.54,4.81,3.83,4.19,4.67,4.88,4.21,4.56,5.06,5.18,2.95,3.28,3.76,3.28
2026-06-14,KS,Topeka,3.76,4.16,4.52,4.79,3.78,4.18,4.53,4.78,3.85,4.22,4.61,4.88,4.12,4.49,4.86,5.19,2.86,3.21,3.58,3.21
2026-06-14,KS,Wichita,3.75,4.01,4.26,4.8,3.76,4.03,4.27,4.82,3.82,4.1,4.33,4.89,4.04,4.28,4.48,5.11,2.92,3.16,3.39,3.24
2026-06-14,KS,Kansas City (KS only),3.73,4.13,4.49,4.76,3.74,4.13,4.5,4.76,3.82,4.19,4.56,4.87,4.22,4.6,4.96,5.19,2.91,3.24,3.6,3.25
2026-06-14,KS,Manhattan,3.77,4.05,4.46,4.63,3.77,4.06,4.45,4.64,3.9,4.22,4.61,4.73,4.18,4.46,4.83,5.19,2.9,3.3,3.63,3.17
2026-06-14,KY,Lexington,3.5,4.1,4.5,4.82,3.52,4.11,4.52,4.84,3.66,4.28,4.64,4.91,4.21,4.81,5.19,5.27,2.95,3.5,3.89,3.17
2026-06-14,KY,Owensboro,3.57,4.16,4.65,4.92,3.59,4.11,4.71,4.9,3.76,4.42,4.87,5.06,4.2,4.71,5.16,5.41,2.65,3.19,3.68,3.24
2026-06-14,KY,Huntington-Ashland (KY only),4.01,4.57,5.04,5.15,4.02,4.57,5.04,5.17,4.07,4.63,5.08,5.21,4.37,4.91,5.37,5.4,2.84,3.38,3.83,3.4
2026-06-14,KY,Louisville (KY only),3.48,4.05,4.49,4.7,3.49,4.06,4.5,4.72,3.68,4.29,4.71,4.87,4.22,4.83,5.24,5.23,3,3.57,3.99,3.17
2026-06-14,KY,Covington,3.81,4.33,4.79,5.05,3.83,4.36,4.83,5.04,3.94,4.48,4.96,5.14,4.55,5.11,5.55,5.46,2.94,3.49,3.92,3.16
2026-06-14,KY,Bowling Green,3.52,4.03,4.43,4.54,3.53,4.06,4.44,4.55,3.75,4.27,4.68,4.7,4.05,4.57,4.95,5,2.77,3.26,3.62,3.11
2026-06-14,KY,Elizabethtown-Fort Knox,3.56,4.14,4.61,4.7,3.58,4.17,4.68,4.76,3.75,4.34,4.8,4.85,4.13,4.63,5.1,5.23,2.74,3.28,3.75,3.12
2026-06-14,KY,Henderson,3.47,3.98,4.54,4.83,3.49,4.01,4.5,4.79,3.69,4.21,4.62,4.94,4.14,4.67,5.09,5.21,2.53,3.02,3.45,3.1
2026-06-14,KY,Hopkinsville,3.56,3.99,4.41,4.73,3.57,4.03,4.5,4.73,3.69,4.15,4.6,4.8,4.18,4.64,5.03,5.34,2.75,3.17,3.56,3.32
2026-06-14,LA,Baton Rouge,3.58,4,4.42,4.64,3.58,4.02,4.43,4.65,3.67,4.11,4.48,4.74,3.99,4.42,4.82,5.05,2.73,3.19,3.58,3.18
2026-06-14,LA,Lafayette,3.63,4.06,4.48,4.67,3.65,4.08,4.51,4.66,3.72,4.14,4.56,4.76,3.98,4.38,4.78,5.08,2.77,3.19,3.58,3.16
2026-06-14,LA,Lake Charles,3.82,4.33,4.71,4.81,3.83,4.34,4.75,4.82,3.89,4.33,4.74,4.9,4.04,4.49,4.82,5.08,2.75,3.15,3.6,3.09
2026-06-14,LA,New Orleans,3.65,4.19,4.57,4.76,3.67,4.22,4.6,4.77,3.74,4.3,4.65,4.86,4.01,4.52,4.86,5.14,2.76,3.28,3.64,3.22
2026-06-14,LA,Shreveport-Bossier City,3.57,3.96,4.35,4.66,3.58,3.97,4.36,4.69,3.66,4.07,4.46,4.79,3.99,4.39,4.73,5.11,2.72,3.15,3.5,3.11
2026-06-14,LA,Alexandria,3.66,4.15,4.61,4.74,3.67,4.19,4.62,4.75,3.78,4.27,4.64,4.86,4.07,4.57,4.9,5.21,2.73,3.16,3.57,3.29
2026-06-14,LA,Hammond,3.59,3.98,4.35,4.62,3.6,4.01,4.37,4.66,3.72,4.11,4.58,4.73,4.02,4.39,4.86,5.12,2.77,3.19,3.57,3.2
2026-06-14,LA,Houma-Thibodaux,3.78,4.18,4.54,4.77,3.79,4.23,4.53,4.79,3.86,4.26,4.66,4.84,4.01,4.42,4.77,5.06,2.76,3.18,3.49,3.12
2026-06-14,LA,Monroe,3.48,3.9,4.26,4.66,3.47,3.9,4.27,4.66,3.53,3.95,4.35,4.72,3.9,4.3,4.68,5,2.67,3.07,3.49,3.09
2026-06-14,ME,Bangor,4.18,4.76,5.24,5.6,4.18,4.77,5.25,5.61,4.27,4.9,5.37,5.67,4.55,5.08,5.55,5.73,2.97,3.51,4,3.81
2026-06-14,ME,Lewiston-Auburn,4.1,4.76,5.25,5.65,4.11,4.76,5.23,5.66,4.3,4.9,5.44,5.68,4.57,5.06,5.57,5.84,3.03,3.7,4.05,3.97
2026-06-14,ME,Portland,4.15,4.73,5.17,5.6,4.17,4.74,5.21,5.61,4.26,4.81,5.27,5.67,4.53,5.05,5.53,5.86,3.02,3.56,4.01,3.81
2026-06-14,MD,Salisbury,3.74,4.22,4.57,4.93,3.77,4.23,4.6,4.94,3.95,4.46,4.76,5.13,4.42,4.93,5.26,5.58,3,3.45,3.8,3.51
2026-06-14,MD,Baltimore,3.78,4.35,4.63,4.95,3.79,4.34,4.65,4.98,3.96,4.53,4.85,5.15,4.42,4.96,5.3,5.59,3.02,3.57,3.86,3.52
2026-06-14,MD,Hagerstown,3.58,4.05,4.45,4.8,3.59,4.06,4.46,4.83,3.67,4.11,4.61,4.92,4.31,4.78,5.18,5.42,3.01,3.43,3.84,3.66
2026-06-14,MD,Washington (MD only),4.03,4.66,4.97,5.15,4.04,4.66,5,5.17,4.16,4.8,5.12,5.32,4.51,5.09,5.43,5.72,3.13,3.75,4.06,3.66
2026-06-14,MD,Cumberland (MD Only),4.03,4.46,4.86,4.96,4.06,4.5,4.92,4.99,4.21,4.56,4.96,5.2,4.49,4.89,5.32,5.6,3.29,3.7,4.11,3.56
2026-06-14,MD,Bowie-St. Charles,3.9,4.66,4.95,5.05,3.91,4.69,4.97,5.1,4.04,4.78,5.04,5.18,4.44,5.12,5.38,5.61,3.07,3.85,4.09,3.58
2026-06-14,MD,Annapolis,3.8,4.44,4.71,4.99,3.81,4.47,4.76,5,3.99,4.66,4.93,5.16,4.45,5.06,5.36,5.61,3.03,3.65,3.94,3.52
2026-06-14,MD,Frederick,3.79,4.26,4.57,4.86,3.8,4.26,4.61,4.85,3.96,4.43,4.82,5.06,4.38,4.85,5.24,5.58,3.04,3.5,3.82,3.53
2026-06-14,MA,Barnstable-Yarmouth,4.19,4.83,5.2,5.58,4.2,4.82,5.2,5.58,4.32,4.92,5.3,5.64,4.48,5.08,5.45,5.81,3.01,3.58,3.97,3.85
2026-06-14,MA,Pittsfield,4.27,4.9,5.28,5.58,4.28,4.93,5.29,5.6,4.36,4.96,5.3,5.67,4.46,5.02,5.43,5.84,3,3.66,3.99,3.77
2026-06-14,MA,Springfield,4.02,4.6,4.98,5.39,4.03,4.61,5,5.39,4.14,4.71,5.08,5.51,4.38,4.86,5.24,5.72,2.93,3.51,3.88,3.61
2026-06-14,MA,Boston (MA only),4.19,4.84,5.23,5.43,4.2,4.85,5.23,5.44,4.3,4.93,5.32,5.55,4.5,5.07,5.45,5.79,2.99,3.62,4,3.78
2026-06-14,MA,Cambridge-Newton-Framingham,4.24,4.85,5.25,5.56,4.26,4.86,5.26,5.56,4.36,4.95,5.34,5.64,4.52,5.06,5.45,5.85,3.03,3.61,3.98,3.83
2026-06-14,MA,Seekonk,4,4.62,4.98,5.25,4,4.62,4.98,5.25,4.14,4.73,5.1,5.36,4.39,4.92,5.27,5.64,2.9,3.5,3.82,3.64
2026-06-14,MA,Worcester,4.28,4.9,5.28,5.6,4.3,4.89,5.28,5.6,4.36,4.97,5.37,5.67,4.5,5.06,5.4,5.85,2.98,3.64,3.98,3.76
2026-06-14,MI,Traverse City,4.06,4.6,5.2,5.66,4.08,4.63,5.27,5.67,4.22,4.83,5.39,5.81,4.94,5.49,6.04,6.28,2.96,3.49,4,3.5
2026-06-14,MI,Ann Arbor,4.27,4.89,5.46,5.69,4.28,4.91,5.51,5.7,4.25,4.85,5.43,5.8,4.92,5.49,6.02,6.2,3.18,3.73,4.29,3.47
2026-06-14,MI,Benton Harbor,4.2,4.83,5.38,5.55,4.21,4.86,5.43,5.58,4.19,4.83,5.39,5.77,4.93,5.46,6.03,6.28,3.01,3.54,4.11,3.47
2026-06-14,MI,Metro Detroit,4.25,4.91,5.5,5.74,4.25,4.9,5.51,5.76,4.23,4.9,5.48,5.81,4.83,5.46,6.02,6.19,3.15,3.75,4.33,3.57
2026-06-14,MI,Flint,4.12,4.77,5.33,5.5,4.14,4.78,5.36,5.52,3.94,4.6,5.17,5.69,4.93,5.41,5.97,6.17,3,3.58,4.11,3.35
2026-06-14,MI,Grand Rapids-Muskegon-Holland,4.06,4.68,5.25,5.42,4.09,4.71,5.28,5.43,4.1,4.72,5.32,5.6,4.97,5.5,6.06,6.27,3.05,3.63,4.14,3.32
2026-06-14,MI,Jackson,4.16,4.78,5.41,5.63,4.2,4.88,5.44,5.66,4.16,4.77,5.35,5.81,4.97,5.48,5.96,6.24,3,3.58,4.13,3.39
2026-06-14,MI,Lansing-East Lansing,4.17,4.8,5.35,5.56,4.2,4.81,5.39,5.59,3.96,4.61,5.18,5.74,4.95,5.48,6.03,6.25,3.01,3.56,4.1,3.46
2026-06-14,MI,Saginaw-Bay City-Midland,4.13,4.77,5.33,5.53,4.15,4.8,5.36,5.54,4.1,4.73,5.32,5.73,4.95,5.51,6.03,6.27,3.02,3.58,4.16,3.29
2026-06-14,MI,Marquette,4,4.91,5.29,5.42,3.98,4.91,5.27,5.4,4.02,4.73,5.23,5.49,4.53,5.15,5.61,5.94,2.96,3.44,3.96,3.48
2026-06-14,MN,Rochester,4.01,4.33,5.1,5.07,4.03,4.36,5.15,5.08,4.07,4.42,5.14,5.09,4.49,4.83,5.59,5.45,3.04,3.4,3.98,3.34
2026-06-14,MN,St. Cloud,3.68,4.13,4.71,4.59,3.69,4.13,4.7,4.62,3.82,4.26,4.82,4.71,4.33,4.84,5.36,5.34,2.88,3.31,3.75,3.27
2026-06-14,MN,Duluth-Superior (MN only),4.01,4.48,4.88,5.18,4.01,4.53,4.91,5.17,4.16,4.57,5.06,5.35,4.29,4.67,5.24,5.48,2.77,3.19,3.6,3.5
2026-06-14,MN,Minneapolis-St. Paul (MN only),3.88,4.37,4.83,5.04,3.89,4.37,4.83,5.05,4.01,4.48,4.95,5.13,4.45,4.91,5.39,5.39,2.97,3.38,3.8,3.46
2026-06-14,MN,Houston County,3.88,0,5.05,5.05,3.88,0,5.05,5.05,3.92,0,5.03,5.08,4.37,0,5.58,5.47,2.96,0,3.9,3.25
2026-06-14,MN,Mankato,3.72,4.12,4.68,4.85,3.73,4.14,4.71,4.88,3.88,4.3,4.85,5.02,4.46,4.83,5.46,5.57,2.84,3.21,3.66,3.37
2026-06-14,MN,Moorhead,3.77,4.07,4.53,4.76,3.77,4.14,4.59,4.85,3.84,4.13,4.63,4.81,4.05,4.33,4.88,5.3,2.85,3.13,3.6,3.39
2026-06-14,MN,Polk County,3.84,4.06,4.3,4.89,3.85,4.02,4.63,4.91,3.91,4.12,4.67,5,4.18,4.27,4.97,5.28,2.87,3.2,3.41,3.31
2026-06-14,MS,Biloxi-Gulfport-Pascagoula,3.45,3.87,4.23,4.58,3.46,3.89,4.23,4.58,3.56,3.97,4.35,4.68,3.92,4.29,4.69,4.97,2.64,3.04,3.41,3.09
2026-06-14,MS,Jackson,3.7,4.17,4.52,4.71,3.71,4.15,4.52,4.73,3.79,4.28,4.63,4.8,4,4.41,4.78,5.04,2.64,3.06,3.43,3.08
2026-06-14,MS,Hattiesburg,3.55,4.01,4.39,4.59,3.56,4.01,4.4,4.59,3.68,4.19,4.53,4.69,3.92,4.34,4.65,4.96,2.64,3.1,3.48,3.06
2026-06-14,MS,South Haven - Olive Branch,3.67,4.3,4.68,4.83,3.68,4.29,4.68,4.84,3.77,4.34,4.72,4.92,4.1,4.66,5.07,5.23,2.62,3.15,3.56,3.13
2026-06-14,MO,Columbia,3.89,4.26,4.56,4.9,3.9,4.3,4.56,4.91,4,4.31,4.63,4.96,4.19,4.47,4.8,5.22,2.9,3.18,3.48,3.19
2026-06-14,MO,St. Joseph,3.67,3.96,4.33,4.58,3.67,4.04,4.36,4.58,3.71,4.05,4.38,4.62,4.07,4.52,4.71,5.11,2.75,3.11,3.37,3.23
2026-06-14,MO,Springfield,3.51,3.85,4.17,4.56,3.53,3.87,4.22,4.57,3.7,4.04,4.39,4.72,4.06,4.4,4.71,5,2.69,3.02,3.32,3.07
2026-06-14,MO,Kansas City (MO only),3.71,4.09,4.44,4.74,3.72,4.11,4.44,4.74,3.8,4.18,4.51,4.86,4.21,4.59,4.91,5.17,2.89,3.22,3.52,3.26
2026-06-14,MO,St. Louis (MO only),3.83,4.24,4.57,4.97,3.84,4.25,4.57,4.97,3.92,4.33,4.67,5.13,4.27,4.66,4.99,5.61,2.85,3.22,3.52,3.14
2026-06-14,MO,Cape Girardeau,3.81,4.17,4.48,4.96,3.82,4.19,4.52,4.97,3.94,4.3,4.61,5.13,4.13,4.5,4.87,5.29,2.83,3.19,3.6,3.19
2026-06-14,MO,Jefferson City,3.97,4.33,4.66,4.86,3.97,4.34,4.67,4.86,4.05,4.41,4.78,4.94,4.17,4.47,4.83,5.13,2.9,3.23,3.53,3.21
2026-06-14,MO,Joplin,3.51,3.89,4.21,4.48,3.52,3.91,4.21,4.5,3.61,3.98,4.31,4.6,4.04,4.42,4.69,5.08,2.73,3.1,3.43,3.16
2026-06-14,MT,Billings,4.19,4.53,4.93,4.98,4.2,4.54,4.97,5.01,4.3,4.66,5.02,5.3,4.56,4.91,5.29,5.48,3.17,3.52,3.84,3.4
2026-06-14,MT,Great Falls,4.21,4.52,4.83,4.98,4.24,4.55,4.85,5.02,4.39,4.68,4.98,5.35,4.49,4.76,5.1,5.56,3.16,3.47,3.8,3.44
2026-06-14,MT,Missoula,4.28,4.6,4.93,4.79,4.3,4.62,4.94,4.81,4.42,4.74,5.05,4.91,4.58,4.91,5.17,5.5,3.27,3.57,3.86,3.55
2026-06-14,NE,Lincoln,3.99,4.22,4.79,4.82,4,4.24,4.81,4.83,4.1,4.37,4.92,4.92,4.14,4.33,4.94,5.18,2.96,3.16,3.77,3.24
2026-06-14,NE,Omaha (NE only),3.72,4.02,4.58,4.62,3.75,4.06,4.59,4.63,3.85,4.13,4.69,4.79,4.12,4.39,4.92,5.18,2.9,3.15,3.7,3.17
2026-06-14,NE,Grand Island,3.98,4.06,4.57,4.87,3.99,4.06,4.66,4.88,4.04,4.31,4.73,4.94,4.12,4.18,4.71,5.24,2.86,3.07,3.49,3.15
2026-06-14,NE,North Platte,3.93,4.15,4.66,4.66,3.99,4.16,4.65,4.69,4.09,4.33,4.78,4.81,4.14,4.23,4.53,5.17,3.18,3.24,3.72,3.26
2026-06-14,NE,Norfolk,3.84,4.06,4.69,4.89,3.81,4.09,4.69,4.86,3.92,4.17,4.78,4.95,4.01,4.28,4.79,5.14,2.84,3.19,3.63,3.21
2026-06-14,NE,Columbus,3.81,3.82,4.16,4.9,3.68,3.83,4.17,4.89,3.76,4.9,4.18,5.01,4.12,4.2,4.54,5.32,2.95,2.87,3.47,3.26
2026-06-14,NE,Kearney,3.97,4.35,4.59,4.92,4.02,4.35,4.63,4.93,4.02,4.45,4.84,4.94,4.11,4.51,4.71,5.18,2.89,3.26,3.74,3.14
2026-06-14,NV,Reno,5.14,5.3,5.55,6.02,5.15,5.32,5.58,6.04,5.28,5.44,5.67,6.18,5.43,5.65,5.85,6.41,4.18,4.4,4.6,4.06
2026-06-14,NV,Las Vegas (NV only),4.94,5.3,5.62,5.78,4.94,5.31,5.61,5.8,5.04,5.42,5.72,5.97,5.28,5.65,5.94,6.2,3.73,4.04,4.32,3.7
2026-06-14,NH,Manchester,4.16,4.75,5.18,5.48,4.16,4.77,5.19,5.49,4.28,4.9,5.33,5.61,4.48,5,5.43,5.77,2.9,3.56,3.94,3.73
2026-06-14,NH,Portsmouth-Rochester (NH only),4.17,4.75,5.2,5.48,4.18,4.77,5.22,5.48,4.3,4.86,5.34,5.56,4.48,4.98,5.44,5.75,2.89,3.46,3.87,3.71
2026-06-14,NJ,Atlantic City,4.09,4.65,4.87,5.19,4.1,4.66,4.89,5.21,4.22,4.73,4.98,5.33,4.52,5,5.21,5.63,3.02,3.47,3.69,3.48
2026-06-14,NJ,Bergen-Passaic,4.12,4.74,5.05,5.26,4.14,4.75,5.06,5.28,4.25,4.85,5.14,5.37,4.52,5.02,5.33,5.64,3.02,3.64,3.86,3.51
2026-06-14,NJ,Middlesex-Somerset-Hunterdon,4.1,4.68,4.99,5.13,4.11,4.7,4.99,5.16,4.25,4.82,5.09,5.28,4.51,5.04,5.32,5.57,3.05,3.59,3.87,3.48
2026-06-14,NJ,Monmouth-Ocean,4.15,4.74,5,5.24,4.17,4.76,4.99,5.25,4.29,4.86,5.1,5.35,4.54,5.08,5.32,5.62,3.09,3.65,3.85,3.51
2026-06-14,NJ,Newark,4.19,4.81,5.08,5.32,4.2,4.84,5.11,5.35,4.33,4.94,5.23,5.45,4.55,5.13,5.42,5.67,3.06,3.71,3.96,3.56
2026-06-14,NJ,Trenton,4.05,4.64,4.93,5.12,4.07,4.67,4.96,5.15,4.23,4.79,5.08,5.25,4.48,5,5.27,5.55,3.02,3.6,3.85,3.51
2026-06-14,NJ,Philadelphia (NJ Only),4.05,4.61,4.85,5.12,4.06,4.62,4.88,5.14,4.18,4.74,4.98,5.26,4.49,4.96,5.21,5.58,3.01,3.52,3.7,3.47
2026-06-14,NJ,Cape May,4.38,4.85,5.06,5.6,4.41,4.87,5.11,5.67,4.51,4.97,5.28,5.78,4.64,5.04,5.3,5.91,3.12,3.53,3.78,3.66
2026-06-14,NJ,Parsippany-Troy Hills,4.14,4.7,5,5.22,4.14,4.76,4.99,5.27,4.29,4.79,5.11,5.33,4.52,5.03,5.31,5.61,3.03,3.59,3.83,3.49
2026-06-14,NJ,Vineland,4.1,4.6,4.89,5.16,4.11,4.65,4.89,5.18,4.23,4.72,4.94,5.31,4.51,4.92,5.15,5.59,3.02,3.5,3.68,3.53
2026-06-14,NJ,Warren County,4,4.61,4.87,5.14,4.02,4.59,4.94,5.17,4.17,4.73,5.08,5.3,4.46,5.01,5.29,5.54,3.01,3.55,3.87,3.48
2026-06-14,NM,Albuquerque,3.85,4.3,4.63,5.03,3.87,4.34,4.65,5.07,4,4.46,4.78,5.2,4.4,4.85,5.18,5.52,2.87,3.31,3.62,3.21
2026-06-14,NM,Las Cruces,3.63,4.11,4.42,4.66,3.65,4.14,4.44,4.68,3.89,4.39,4.67,4.83,4.32,4.84,5.14,5.37,2.78,3.23,3.52,3.26
2026-06-14,NM,Santa Fe,3.96,4.4,4.75,5.41,3.99,4.44,4.78,5.41,4.03,4.51,4.83,5.49,4.4,4.89,5.23,5.66,2.85,3.32,3.58,3.35
2026-06-14,NM,Farmington,4.2,4.58,4.86,5.39,4.22,4.6,4.88,5.4,4.34,4.72,5.02,5.55,4.47,4.85,5.15,5.81,3.08,3.43,3.69,3.39
2026-06-14,NY,Albany-Schenectady-Troy,4.4,4.91,5.35,5.69,4.41,4.92,5.36,5.7,4.46,4.99,5.42,5.77,4.58,5.08,5.52,5.92,3.07,3.6,4.04,3.7
2026-06-14,NY,Binghamton,4.37,4.85,5.28,5.69,4.38,4.87,5.31,5.71,4.48,4.97,5.4,5.8,4.59,5.04,5.48,5.87,3.05,3.53,3.91,3.83
2026-06-14,NY,Buffalo-Niagara Falls,4.46,4.92,5.32,5.82,4.46,4.94,5.32,5.82,4.51,4.98,5.36,5.87,4.58,5.03,5.42,5.9,3.09,3.57,3.94,3.88
2026-06-14,NY,Nassau-Suffolk,4.15,4.7,5.05,5.67,4.17,4.72,5.06,5.68,4.3,4.81,5.16,5.76,4.53,5.01,5.38,5.92,3.03,3.56,3.89,3.84
2026-06-14,NY,New York,4.29,4.8,5.18,5.84,4.31,4.82,5.2,5.85,4.43,4.93,5.3,5.93,4.67,5.14,5.51,6.1,3.12,3.64,3.98,4.1
2026-06-14,NY,Rochester,4.45,4.94,5.32,5.79,4.45,4.94,5.33,5.8,4.51,4.99,5.39,5.84,4.59,5.07,5.45,5.92,3.12,3.57,3.96,3.95
2026-06-14,NY,Syracuse,4.45,4.95,5.37,5.77,4.45,4.96,5.35,5.76,4.51,5,5.43,5.84,4.58,5.04,5.46,5.87,3.04,3.52,3.92,3.79
2026-06-14,NY,Utica-Rome,4.42,4.92,5.32,5.7,4.42,4.92,5.34,5.7,4.48,5,5.44,5.78,4.57,5.04,5.51,5.88,3.2,3.69,4.16,3.8
2026-06-14,NY,Dutchess-Putnam County,4.46,5.03,5.4,5.77,4.46,5.03,5.39,5.76,4.51,5.06,5.46,5.81,4.63,5.14,5.56,5.92,3.14,3.72,4.06,3.73
2026-06-14,NY,Elmira,4.21,4.66,5.08,5.48,4.22,4.66,5.08,5.48,4.35,4.8,5.2,5.64,4.53,4.92,5.3,5.82,3.01,3.41,3.77,3.58
2026-06-14,NY,Glens Falls,4.45,4.96,5.38,5.68,4.45,4.98,5.38,5.68,4.49,4.99,5.42,5.76,4.6,5.06,5.5,5.91,3.16,3.68,4.12,3.8
2026-06-14,NY,Ithaca,4.51,4.95,5.44,5.79,4.51,4.98,5.46,5.84,4.56,5.03,5.47,5.84,4.6,5.04,5.39,5.93,3.04,3.55,3.9,3.81
2026-06-14,NY,Kingston,4.34,4.84,5.25,5.58,4.35,4.88,5.26,5.63,4.42,4.95,5.34,5.68,4.54,5.04,5.42,5.86,3.06,3.52,3.97,3.63
2026-06-14,NY,Watertown-Fort Drum,4.41,4.9,5.3,5.72,4.42,4.9,5.28,5.73,4.47,4.98,5.4,5.78,4.62,5.08,5.5,5.92,3.14,3.6,4.03,3.87
2026-06-14,NY,White Plains,4.5,5.17,5.51,5.86,4.5,5.15,5.5,5.86,4.58,5.21,5.58,5.94,4.7,5.3,5.66,6.09,3.22,3.86,4.19,3.97
2026-06-14,NY,Batavia,4.36,4.88,5.27,5.73,4.36,4.9,5.27,5.73,4.43,4.93,5.31,5.82,4.57,5.05,5.46,5.88,3.17,3.57,4.04,3.92
2026-06-14,NC,Asheville,3.87,4.35,4.74,4.98,3.87,4.37,4.75,5,3.99,4.47,4.86,5.12,4.24,4.67,5.04,5.43,2.83,3.27,3.65,3.42
2026-06-14,NC,Fayetteville,3.56,4.01,4.44,4.82,3.59,4.04,4.47,4.87,3.53,3.94,4.39,4.95,4.18,4.6,5.03,5.36,2.85,3.3,3.73,3.29
2026-06-14,NC,Greensboro,3.7,4.16,4.57,4.87,3.72,4.18,4.58,4.89,3.76,4.2,4.6,4.94,4.24,4.66,5.06,5.46,2.86,3.32,3.72,3.37
2026-06-14,NC,Raleigh,3.7,4.17,4.54,4.87,3.72,4.18,4.57,4.88,3.72,4.17,4.57,4.98,4.26,4.68,5.06,5.46,2.9,3.34,3.71,3.5
2026-06-14,NC,Wilmington,3.59,4.12,4.51,4.89,3.61,4.14,4.53,4.91,3.68,4.23,4.61,5,4.24,4.68,5.1,5.58,2.87,3.36,3.76,3.3
2026-06-14,NC,Charlotte-Gastonia-Rock Hill (NC only),3.69,4.18,4.57,4.93,3.7,4.2,4.58,4.94,3.82,4.32,4.7,5.07,4.24,4.72,5.1,5.47,2.91,3.37,3.74,3.37
2026-06-14,NC,Burlington,3.72,4.16,4.57,4.88,3.73,4.18,4.59,4.9,3.74,4.11,4.52,4.99,4.24,4.68,5.07,5.48,2.86,3.35,3.74,3.26
2026-06-14,NC,Durham-Chapel Hill,3.8,4.24,4.62,4.98,3.81,4.24,4.65,5.02,3.89,4.32,4.71,5.13,4.27,4.71,5.09,5.69,2.92,3.37,3.74,3.41
2026-06-14,NC,Goldsboro,3.53,4,4.38,4.76,3.57,4.06,4.45,4.72,3.55,4.05,4.44,4.86,4.12,4.57,4.94,5.38,2.84,3.32,3.72,3.26
2026-06-14,NC,Hickory-Lenoir-Morganton,3.59,4.01,4.43,4.75,3.61,4.04,4.47,4.78,3.67,4.08,4.5,4.86,4.14,4.56,4.95,5.28,2.79,3.21,3.59,3.28
2026-06-14,NC,Jacksonville,3.64,4.18,4.57,4.9,3.67,4.14,4.58,4.94,3.73,4.24,4.62,5.04,4.19,4.63,5.06,5.37,2.85,3.33,3.71,3.29
2026-06-14,NC,New Bern,3.7,4.21,4.57,4.89,3.72,4.24,4.59,4.92,3.86,4.35,4.72,5.08,4.18,4.6,5.02,5.36,2.79,3.22,3.61,3.32
2026-06-14,NC,Norfolk-Virginia Beach-Newport News,3.91,4.41,4.84,5.2,3.91,4.38,4.73,5.19,4.01,4.56,4.86,5.25,4.28,4.67,5.07,5.56,2.93,3.31,3.66,3.21
2026-06-14,NC,Rocky Mount,3.62,4.09,4.45,4.76,3.65,4.14,4.52,4.8,3.64,4.1,4.46,4.85,4.15,4.6,4.93,5.31,2.83,3.28,3.65,3.31
2026-06-14,NC,Winston-Salem,3.64,4.13,4.52,4.71,3.66,4.16,4.55,4.74,3.66,4.14,4.56,4.81,4.24,4.68,5.07,5.37,2.83,3.28,3.65,3.32
2026-06-14,ND,Bismarck,3.9,4.2,4.76,4.76,3.91,4.22,4.72,4.81,3.92,4.23,4.77,4.87,4.23,4.55,5.03,5.22,2.88,3.19,3.61,3.2
2026-06-14,ND,Grand Forks (ND only),3.85,4.17,4.61,4.74,3.85,4.12,4.64,4.74,3.88,4.19,4.61,4.82,4,4.37,4.65,5.21,2.81,3.14,3.49,3.41
2026-06-14,ND,Fargo-Moorhead (ND only),3.67,4.05,4.44,4.58,3.67,4.06,4.46,4.61,3.74,4.12,4.5,4.67,4,4.42,4.77,5.21,2.85,3.19,3.62,3.35
2026-06-14,ND,Minot,3.89,4.26,4.73,4.86,3.89,4.21,4.7,4.86,3.91,4.23,4.73,4.92,4.21,4.62,5.04,5.26,2.96,3.2,3.62,3.29
2026-06-14,OH,Akron,4.15,4.66,5.18,5.34,4.18,4.7,5.21,5.35,3.93,4.45,5,5.5,4.63,5.18,5.7,6.18,3.11,3.64,4.14,3.37
2026-06-14,OH,Canton-Massillon,4.14,4.66,5.15,5.4,4.17,4.68,5.17,5.43,3.99,4.51,5,5.57,4.58,5.09,5.61,6.2,3.13,3.65,4.14,3.39
2026-06-14,OH,Cleveland-Lorain-Elyria,4.24,4.86,5.39,5.57,4.26,4.88,5.41,5.6,4.24,4.84,5.39,5.72,4.71,5.28,5.79,6.2,3.1,3.65,4.17,3.51
2026-06-14,OH,Columbus,4.21,4.74,5.24,5.51,4.23,4.76,5.27,5.54,4.14,4.67,5.18,5.72,4.65,5.16,5.69,6.19,3.11,3.62,4.12,3.49
2026-06-14,OH,Dayton,3.83,4.36,4.91,5.29,3.85,4.39,4.92,5.3,3.81,4.35,4.87,5.44,4.59,5.13,5.64,6.13,2.86,3.38,3.89,3.31
2026-06-14,OH,Toledo,3.92,4.45,4.97,5.39,3.94,4.48,4.98,5.4,4.02,4.58,5.1,5.59,4.54,5.07,5.56,6.14,3.05,3.51,4,3.36
2026-06-14,OH,Youngstown-Warren,4.08,4.68,5.21,5.43,4.1,4.69,5.23,5.45,3.99,4.6,5.15,5.56,4.59,5.14,5.66,6.04,3.04,3.58,4.1,3.49
2026-06-14,OH,Cincinnati (OH only),3.82,4.28,4.82,5.43,3.83,4.33,4.85,5.44,3.85,4.33,4.87,5.56,4.53,5.04,5.55,6.07,3.1,3.6,4.12,3.4
2026-06-14,OH,Belmont County,3.93,4.6,5.11,5.37,3.93,4.59,5.14,5.41,4.1,4.87,5.31,5.6,4.66,5.24,5.68,6.03,3.03,3.53,4.07,3.48
2026-06-14,OH,Lawerence County,4.14,4.72,5.15,5.52,4.18,4.7,5.16,5.55,4.01,4.52,5.01,5.63,4.41,4.9,5.38,6.09,3.11,3.62,4.12,3.45
2026-06-14,OH,Lima,3.77,4.35,4.91,5.06,3.76,4.38,4.96,5.09,3.76,4.36,4.93,5.31,4.49,5.06,5.63,6.1,3.01,3.58,4.08,3.3
2026-06-14,OH,Mansfield,4.21,4.79,5.28,5.65,4.22,4.79,5.32,5.65,4.26,4.84,5.33,5.74,4.6,5.12,5.62,6.21,3.12,3.63,4.13,3.42
2026-06-14,OH,Springfield,3.79,4.3,4.77,5.03,3.82,4.32,4.79,5.07,3.95,4.48,4.96,5.27,4.52,5.07,5.54,6.01,2.86,3.31,3.81,3.27
2026-06-14,OH,Steubenville-Weirton (OH only),4.2,4.68,5.19,5.37,4.2,4.73,5.31,5.37,4.32,4.89,5.51,5.56,4.62,5.08,5.53,5.95,3.11,3.58,4.08,3.47
2026-06-14,OK,Oklahoma City,3.48,3.95,4.21,4.45,3.49,3.96,4.24,4.46,3.55,4,4.26,4.6,3.95,4.39,4.67,4.97,2.65,3.1,3.35,2.93
2026-06-14,OK,Tulsa,3.54,3.88,4.19,4.49,3.56,3.9,4.2,4.51,3.71,4.06,4.36,4.62,4.16,4.49,4.79,5.2,2.87,3.2,3.47,3.23
2026-06-14,OK,Lawton,3.44,3.74,4.14,4.55,3.46,3.78,4.16,4.56,3.55,3.91,4.26,4.7,3.9,4.22,4.57,4.98,2.66,3.03,3.35,2.97
2026-06-14,OK,Le Flore-Sequoyah,3.65,4.12,4.45,4.63,3.68,4.08,4.46,4.64,3.76,4.21,4.61,4.74,3.95,4.36,4.71,5.02,2.76,3.17,3.62,3.13
2026-06-14,OR,Eugene-Springfield,4.94,5.15,5.44,5.81,4.95,5.18,5.47,5.84,5.08,5.3,5.61,5.96,5.32,5.54,5.82,6.26,3.94,4.09,4.34,4.13
2026-06-14,OR,Medford-Ashland,4.88,5.08,5.44,5.8,4.9,5.12,5.49,5.82,5.05,5.23,5.52,5.88,5.47,5.66,6,6.18,4.05,4.3,4.52,4.35
2026-06-14,OR,Salem,4.94,5.18,5.5,6,4.95,5.22,5.54,6,5.08,5.32,5.59,6.11,5.27,5.51,5.78,6.32,3.89,4.07,4.33,4.19
2026-06-14,OR,Portland-Vancouver (OR only),5.14,5.41,5.67,5.98,5.15,5.43,5.68,6,5.25,5.51,5.78,6.07,5.42,5.66,5.93,6.25,4.08,4.33,4.56,4.22
2026-06-14,OR,Albany,4.86,5.13,5.38,5.57,4.88,5.14,5.44,5.61,5.02,5.21,5.55,5.72,5.26,5.43,5.78,6.12,3.94,4.17,4.44,4.11
2026-06-14,OR,Bend,4.81,4.98,5.29,5.69,4.8,4.95,5.33,5.73,4.93,5.15,5.42,5.83,5.35,5.56,5.81,6.14,3.89,4.12,4.39,4.2
2026-06-14,OR,Corvallis,4.76,5.13,5.07,5.74,4.79,5.14,5.18,5.69,4.92,5.28,5.29,5.88,5.22,5.46,5.58,6.19,3.97,4.13,4.26,4.02
2026-06-14,OR,Grants Pass,4.84,4.93,5.31,5.86,4.84,4.91,5.24,5.84,4.96,4.98,5.4,5.92,5.45,5.66,5.81,6.2,4.04,4.12,4.5,4.42
2026-06-14,OR,Pendleton,4.86,5.31,5.42,5.54,4.88,5.28,5.42,5.56,4.98,5.35,5.59,5.73,5.15,5.45,5.65,5.94,3.77,4,4.31,3.9
2026-06-14,PA,Allentown-Bethlehem-Easton,3.94,4.38,4.76,5.44,3.95,4.4,4.78,5.44,4.08,4.52,4.88,5.53,4.52,4.93,5.29,5.82,3.17,3.64,4,3.85
2026-06-14,PA,Erie,4.19,4.62,5.02,5.87,4.2,4.66,5.08,5.86,4.44,4.87,5.27,5.93,4.77,5.2,5.61,6.07,3.32,3.74,4.15,4.02
2026-06-14,PA,Harrisburg,4.05,4.5,4.9,5.63,4.07,4.52,4.93,5.64,4.19,4.64,5.03,5.69,4.52,4.93,5.32,5.93,3.21,3.66,4.05,3.9
2026-06-14,PA,Lancaster,4.01,4.45,4.86,5.54,4.04,4.45,4.89,5.56,4.17,4.61,5.04,5.7,4.51,4.94,5.35,5.9,3.2,3.62,4,3.91
2026-06-14,PA,Pittsburgh,4.54,4.98,5.41,5.72,4.54,4.98,5.41,5.73,4.62,5.06,5.5,5.81,4.9,5.32,5.75,6.08,3.51,3.94,4.36,4.02
2026-06-14,PA,Reading,4.03,4.44,4.84,5.34,4.04,4.45,4.84,5.36,4.23,4.65,5.01,5.54,4.6,5.01,5.37,5.85,3.22,3.64,3.96,3.78
2026-06-14,PA,Scranton--Wilkes-Barre--Hazleton,4.21,4.63,5.08,5.73,4.23,4.64,5.09,5.74,4.36,4.78,5.18,5.81,4.59,5,5.39,6.01,3.2,3.63,4.04,3.91
2026-06-14,PA,York,4.12,4.53,4.92,5.73,4.12,4.53,4.9,5.74,4.2,4.62,5.01,5.78,4.47,4.88,5.26,5.98,3.25,3.67,4.04,4
2026-06-14,PA,Philadelphia (PA only),4.16,4.72,5.04,5.49,4.17,4.74,5.05,5.51,4.3,4.83,5.15,5.6,4.62,5.1,5.41,5.86,3.16,3.66,3.91,3.85
2026-06-14,PA,Altoona,4.32,4.72,5.13,5.88,4.32,4.74,5.14,5.89,4.39,4.8,5.19,5.92,4.68,5.11,5.52,6.06,3.49,3.91,4.3,3.9
2026-06-14,PA,Bloomsburg-Berwick,3.89,4.26,4.69,5.58,3.88,4.3,4.66,5.56,4.04,4.4,4.81,5.68,4.5,4.86,5.31,5.9,3.21,3.61,3.98,3.88
2026-06-14,PA,Chambersburg-Waynesboro,3.92,4.33,4.72,5.58,3.93,4.33,4.74,5.57,4.06,4.46,4.89,5.69,4.29,4.65,5.01,5.9,3.15,3.56,3.93,3.89
2026-06-14,PA,East Stroudsburg,4.02,4.56,4.94,5.52,4.06,4.56,4.96,5.53,4.22,4.7,5.08,5.63,4.56,5,5.38,5.89,3.16,3.67,4,3.82
2026-06-14,PA,Gettysburg,4.13,4.56,4.93,5.7,4.14,4.52,4.97,5.66,4.28,4.7,5.14,5.73,4.54,4.88,5.3,5.98,3.15,3.57,3.98,3.98
2026-06-14,PA,Johnstown,4.26,4.69,5.1,5.73,4.28,4.7,5.12,5.78,4.37,4.78,5.23,5.83,4.67,5.1,5.47,6.07,3.52,3.92,4.32,3.89
2026-06-14,PA,Lebanon,4.12,4.63,5.04,5.79,4.14,4.68,5.06,5.76,4.28,4.72,5.18,5.83,4.48,4.9,5.33,6.06,3.19,3.66,4.05,4.03
2026-06-14,PA,Mercer County,4.31,4.76,5.18,5.69,4.3,4.78,5.25,5.69,4.47,4.9,5.35,5.89,4.82,5.13,5.59,6.04,3.49,3.91,4.35,3.94
2026-06-14,PA,State College,4.38,4.84,5.19,5.88,4.36,4.86,5.19,5.86,4.45,4.89,5.27,5.89,4.68,5.08,5.47,5.97,3.4,3.91,4.26,3.97
2026-06-14,PA,Williamsport,3.79,4.2,4.6,5.26,3.78,4.2,4.61,5.28,3.95,4.32,4.75,5.35,4.45,4.87,5.26,5.87,3.11,3.55,3.94,3.63
2026-06-14,RI,Providence-Fall River-Warwick (RI only),4.07,4.79,5.19,5.23,4.08,4.79,5.22,5.24,4.2,4.89,5.32,5.32,4.49,5.15,5.59,5.59,2.97,3.7,4.07,3.76
2026-06-14,SC,Charleston-North Charleston,3.73,4.2,4.6,4.9,3.76,4.25,4.63,4.9,3.69,4.16,4.56,4.9,4.2,4.65,5.02,5.31,2.8,3.25,3.62,3.27
2026-06-14,SC,Columbia,3.69,4.16,4.56,4.82,3.71,4.19,4.59,4.84,3.74,4.18,4.6,4.93,4.18,4.63,5.04,5.37,2.85,3.31,3.69,3.31
2026-06-14,SC,Greenville,3.62,4.07,4.46,4.82,3.64,4.09,4.49,4.82,3.66,4.09,4.46,4.78,4.22,4.65,5.01,5.28,2.8,3.24,3.55,3.17
2026-06-14,SC,Myrtle Beach,3.54,4.02,4.44,4.8,3.56,4.02,4.46,4.81,3.62,4.1,4.52,4.89,4.16,4.59,5,5.3,2.72,3.19,3.59,3.2
2026-06-14,SC,Aiken-Edgfield County,3.73,4.21,4.65,4.83,3.75,4.23,4.65,4.81,3.78,4.26,4.67,4.92,4.14,4.62,5.04,5.35,2.73,3.19,3.55,3.23
2026-06-14,SC,Florence,3.65,4.14,4.57,4.79,3.66,4.17,4.58,4.85,3.78,4.22,4.7,4.89,4.17,4.62,5.05,5.3,2.71,3.17,3.58,3.3
2026-06-14,SC,Hilton Head-Bluffton,3.76,4.25,4.67,5.08,3.76,4.26,4.69,5.09,3.89,4.4,4.74,5.19,4.2,4.66,5.12,5.44,2.83,3.33,3.72,3.34
2026-06-14,SC,Rock Hill,3.62,4.1,4.5,4.91,3.65,4.14,4.52,4.93,3.73,4.22,4.58,4.98,4.16,4.62,4.96,5.39,2.84,3.29,3.62,3.28
2026-06-14,SC,Spartanburg,3.61,4.08,4.5,4.74,3.64,4.12,4.51,4.76,3.62,4.07,4.45,4.76,4.17,4.61,5.02,5.24,2.84,3.33,3.67,3.22
2026-06-14,SC,Sumter,3.71,4.09,4.6,4.78,3.73,4.14,4.68,4.87,3.8,4.1,4.61,4.85,4.23,4.62,4.9,5.41,2.78,3.3,3.67,3.37
2026-06-14,SD,Rapid City,4.16,4.36,4.8,4.98,4.18,4.39,4.79,4.98,4.26,4.45,4.88,5.09,4.49,4.68,5.09,5.35,3.21,3.32,3.79,3.41
2026-06-14,SD,Sioux Falls,3.79,4.23,4.69,4.36,3.81,4.25,4.69,4.38,3.92,4.3,4.82,4.52,4.28,4.62,5.12,5.06,2.68,3.11,3.55,3.07
2026-06-14,SD,North Sioux City,3.78,4.07,4.65,4.4,3.82,4.07,4.66,4.43,3.8,4.12,4.49,4.56,4.23,4.42,4.99,5.16,2.92,3.04,3.61,3.12
2026-06-14,TN,Knoxville,3.62,4.03,4.49,4.85,3.63,4.06,4.52,4.86,3.78,4.2,4.64,4.95,4.13,4.54,4.97,5.19,2.67,3.09,3.51,3.23
2026-06-14,TN,Nashville,3.64,4.13,4.53,4.89,3.66,4.14,4.55,4.9,3.79,4.28,4.68,5,4.15,4.62,5.02,5.25,2.7,3.17,3.58,3.33
2026-06-14,TN,Chattanooga (TN only),3.35,3.81,4.18,4.51,3.36,3.83,4.19,4.54,3.48,3.93,4.29,4.63,4.02,4.45,4.82,4.96,2.6,3.01,3.41,3.04
2026-06-14,TN,Clarksville-Hopkinsville (TN only),3.37,3.83,4.2,4.71,3.38,3.85,4.21,4.78,3.58,3.99,4.38,4.87,4.05,4.54,4.86,5.22,2.64,3.05,3.42,3.25
2026-06-14,TN,Johnson City,3.63,4.16,4.51,4.89,3.64,4.18,4.53,4.9,3.77,4.3,4.66,5,4.14,4.53,4.92,5.19,2.76,3.22,3.58,3.33
2026-06-14,TN,Memphis (TN only),3.76,4.38,4.76,4.98,3.77,4.38,4.78,5,3.88,4.48,4.9,5.08,4.14,4.72,5.15,5.31,2.73,3.27,3.64,3.33
2026-06-14,TN,Cleveland,3.43,3.85,4.32,4.68,3.45,3.9,4.35,4.68,3.7,4.11,4.51,4.71,4.1,4.5,4.88,5.16,2.62,3.04,3.44,3.17
2026-06-14,TN,Jackson,3.65,4.12,4.52,5,3.67,4.18,4.62,5.01,3.73,4.24,4.66,5.05,4.2,4.66,5.06,5.31,2.73,3.28,3.62,3.39
2026-06-14,TN,Kingsport-Bristol,3.63,4.1,4.5,4.85,3.64,4.12,4.55,4.87,3.75,4.22,4.62,4.96,4.1,4.49,4.9,5.15,2.68,3.1,3.47,3.25
2026-06-14,TN,Morristown,3.56,4.03,4.48,4.81,3.59,4,4.49,4.83,3.71,4.12,4.55,4.92,4.09,4.48,4.94,5.11,2.62,3.01,3.46,3.25
2026-06-14,TX,Amarillo,3.51,3.89,4.29,4.59,3.52,3.89,4.28,4.6,3.6,3.98,4.38,4.68,3.97,4.29,4.66,5.02,2.6,2.94,3.3,2.99
2026-06-14,TX,Austin-San Marcos,3.41,3.87,4.24,4.54,3.43,3.89,4.26,4.56,3.57,4.04,4.39,4.68,3.99,4.45,4.8,5.08,2.83,3.3,3.66,3.05
2026-06-14,TX,Beaumont-Port Arthur,3.65,4.12,4.52,4.72,3.67,4.16,4.55,4.74,3.75,4.2,4.56,4.82,3.99,4.4,4.8,5.05,2.68,3.15,3.57,3.04
2026-06-14,TX,Corpus Christi,3.58,4.17,4.57,4.58,3.61,4.19,4.6,4.61,3.5,4.06,4.47,4.5,3.93,4.5,4.89,4.84,2.54,2.95,3.29,2.81
2026-06-14,TX,Dallas,3.33,3.76,4.11,4.53,3.35,3.79,4.13,4.56,3.54,3.96,4.3,4.71,3.98,4.39,4.74,5.03,2.81,3.22,3.56,3.06
2026-06-14,TX,El Paso,3.79,4.29,4.63,4.82,3.8,4.31,4.65,4.83,3.96,4.5,4.82,4.94,4.36,4.89,5.22,5.33,2.85,3.31,3.62,3.22
2026-06-14,TX,Fort Worth-Arlington,3.34,3.77,4.15,4.53,3.36,3.8,4.16,4.54,3.53,3.96,4.33,4.68,4.01,4.43,4.77,5.03,2.81,3.21,3.55,3.03
2026-06-14,TX,Galveston-Texas City,3.65,4.16,4.53,4.77,3.67,4.18,4.59,4.8,3.74,4.24,4.59,4.84,4.04,4.49,4.91,5.05,2.71,3.18,3.55,3.01
2026-06-14,TX,Houston,3.63,4.22,4.64,4.73,3.65,4.25,4.65,4.74,3.74,4.33,4.74,4.82,4.01,4.56,4.97,5.02,2.69,3.26,3.66,3.02
2026-06-14,TX,San Antonio,3.33,3.81,4.19,4.45,3.36,3.84,4.22,4.47,3.53,4.01,4.38,4.61,3.96,4.42,4.79,5.05,2.83,3.26,3.62,2.99
2026-06-14,TX,Texarkana (TX only),3.67,4.17,4.49,4.63,3.69,4.18,4.53,4.67,3.74,4.22,4.6,4.78,4.07,4.5,4.85,5.14,2.74,3.13,3.52,3.07
2026-06-14,TX,Abilene,3.44,3.76,4.15,4.51,3.45,3.8,4.18,4.49,3.67,4,4.39,4.64,3.99,4.39,4.75,4.99,2.68,3.02,3.32,3.01
2026-06-14,TX,Brownsville-Harlingen,3.52,4.08,4.49,4.56,3.57,4.14,4.54,4.61,3.38,3.93,4.35,4.53,3.89,4.45,4.85,4.84,2.53,2.96,3.32,2.89
2026-06-14,TX,College Station-Bryan,3.73,4.22,4.59,4.83,3.74,4.24,4.6,4.83,3.82,4.32,4.7,4.91,4.1,4.55,4.95,5.14,2.69,3.14,3.5,3.13
2026-06-14,TX,Killeen-Temple-Fort Hood,3.46,3.89,4.22,4.54,3.48,3.94,4.27,4.55,3.63,4.01,4.36,4.66,4.03,4.38,4.75,5.06,2.68,3.04,3.35,2.99
2026-06-14,TX,Laredo,3.37,3.86,4.26,4.46,3.4,3.88,4.28,4.48,3.48,3.97,4.38,4.57,3.84,4.32,4.74,4.91,2.52,2.94,3.32,2.88
2026-06-14,TX,Longview,3.59,4.1,4.45,4.67,3.6,4.11,4.48,4.67,3.71,4.17,4.52,4.75,4.04,4.5,4.85,5.08,2.7,3.15,3.48,3.06
2026-06-14,TX,Lubbock,3.49,3.95,4.25,4.64,3.5,3.97,4.26,4.66,3.62,4.08,4.39,4.75,3.93,4.31,4.66,4.98,2.56,2.93,3.25,2.92
2026-06-14,TX,McAllen-Edinburg-Mission,3.51,4.1,4.51,4.56,3.55,4.13,4.54,4.59,3.35,3.92,4.33,4.43,3.88,4.44,4.85,4.8,2.5,2.94,3.31,2.83
2026-06-14,TX,Midland,3.56,4.13,4.39,4.66,3.59,4.18,4.42,4.69,3.49,4.07,4.34,4.66,3.98,4.52,4.81,5.08,2.72,3.28,3.53,3.01
2026-06-14,TX,Odessa,3.59,4.08,4.45,4.66,3.6,4.1,4.45,4.67,3.5,4.02,4.34,4.7,4.02,4.56,4.87,5.04,2.69,3.21,3.51,3
2026-06-14,TX,San Angelo,3.67,4.13,4.44,4.74,3.67,4.21,4.48,4.76,3.55,4.05,4.33,4.69,3.97,4.49,4.75,5.11,2.58,3.06,3.31,2.96
2026-06-14,TX,Sherman-Denison,3.31,3.6,3.95,4.46,3.32,3.61,3.98,4.46,3.48,3.86,4.15,4.58,3.84,4.2,4.58,4.98,2.71,3.06,3.39,2.9
2026-06-14,TX,Tyler,3.53,3.92,4.31,4.61,3.53,3.96,4.35,4.62,3.65,4.06,4.38,4.73,3.97,4.38,4.71,5.03,2.64,3.03,3.39,2.97
2026-06-14,TX,Victoria,3.61,4.06,4.43,4.61,3.63,4.07,4.43,4.62,3.57,4,4.35,4.59,4,4.39,4.72,4.93,2.63,3.02,3.39,2.97
2026-06-14,TX,Waco,3.48,3.88,4.27,4.55,3.5,3.91,4.3,4.58,3.66,4.08,4.47,4.72,4.02,4.45,4.8,5.09,2.61,2.98,3.3,2.96
2026-06-14,TX,Wichita Falls,3.62,4.04,4.53,4.58,3.62,4.09,4.51,4.6,3.68,4.18,4.51,4.69,3.97,4.44,4.79,5.12,2.62,3.03,3.33,3.01
2026-06-14,UT,Provo-Orem,4.19,4.48,4.73,5.04,4.21,4.51,4.76,5.07,4.33,4.61,4.87,5.25,4.58,4.85,5.09,5.56,3.23,3.5,3.73,3.36
2026-06-14,UT,Salt Lake City,4.13,4.43,4.67,5.06,4.15,4.46,4.72,5.09,4.29,4.58,4.84,5.3,4.58,4.86,5.11,5.57,3.24,3.52,3.76,3.39
2026-06-14,UT,Logan,4.33,4.62,4.83,5.1,4.34,4.62,4.85,5.13,4.44,4.73,4.93,5.37,4.58,4.89,5.04,5.56,3.16,3.41,3.63,3.39
2026-06-14,UT,Ogden,4.26,4.56,4.79,5.07,4.27,4.58,4.82,5.08,4.39,4.7,4.93,5.31,4.58,4.86,5.11,5.54,3.21,3.5,3.73,3.36
2026-06-14,UT,St. George,4.54,4.82,5.08,5.3,4.54,4.82,5.09,5.35,4.65,4.93,5.16,5.48,4.69,4.92,5.18,5.63,3.39,3.62,3.85,3.43
2026-06-14,VT,Burlington,4.32,4.83,5.3,5.52,4.33,4.86,5.33,5.54,4.39,4.94,5.4,5.58,4.58,5.08,5.57,5.82,3.14,3.7,4.12,3.78
2026-06-14,VA,Charlottesville,3.76,4.24,4.66,5.2,3.78,4.23,4.66,5.17,3.96,4.45,4.87,5.38,4.29,4.72,5.14,5.67,3.08,3.55,3.91,3.48
2026-06-14,VA,Norfolk-Virginia Beach-Newport News,3.92,4.39,4.8,5.15,3.94,4.41,4.81,5.16,4.13,4.59,4.99,5.35,4.33,4.75,5.14,5.63,3.03,3.45,3.83,3.41
2026-06-14,VA,Richmond-Petersburg,3.75,4.26,4.62,4.99,3.77,4.28,4.66,5,3.95,4.45,4.81,5.14,4.27,4.72,5.09,5.55,3.07,3.55,3.91,3.45
2026-06-14,VA,Roanoke,3.81,4.31,4.72,5.08,3.82,4.3,4.71,5.07,3.94,4.45,4.82,5.22,4.22,4.66,5.03,5.54,2.94,3.43,3.79,3.51
2026-06-14,VA,Blacksburg-Christiansburg-Radford,3.83,4.28,4.68,4.98,3.84,4.33,4.73,5,3.95,4.46,4.86,5.12,4.24,4.67,5.06,5.49,2.96,3.45,3.85,3.37
2026-06-14,VA,Bristol-Scott-Washington,3.78,4.33,4.63,5.03,3.82,4.34,4.65,5.07,3.9,4.35,4.7,5.1,4.26,4.67,4.96,5.4,2.86,3.26,3.65,3.44
2026-06-14,VA,Harrisonburg,3.67,4.01,4.4,4.93,3.68,4.05,4.44,4.95,3.86,4.27,4.63,5.09,4.19,4.57,4.96,5.47,3.01,3.46,3.79,3.45
2026-06-14,VA,Lynchburg,3.72,4.24,4.68,5.07,3.73,4.27,4.68,5.08,3.9,4.38,4.79,5.22,4.22,4.59,4.98,5.51,2.9,3.33,3.7,3.49
2026-06-14,VA,Staunton-Waynesboro,3.58,3.98,4.39,4.97,3.6,4.02,4.41,5.03,3.77,4.13,4.52,5.08,4.19,4.59,5,5.44,3.02,3.5,3.85,3.55
2026-06-14,VA,"Washington, DC, (VA Only)",3.89,4.43,4.78,5.07,3.9,4.46,4.8,5.09,4.03,4.58,4.94,5.19,4.35,4.86,5.22,5.7,3.11,3.62,3.98,3.63
2026-06-14,VA,Winchester,3.48,3.92,4.33,4.85,3.49,3.93,4.34,4.85,3.61,4,4.43,4.9,4.17,4.58,4.98,5.37,3.06,3.44,3.84,3.4
2026-06-14,VA,Fredericksburg,3.52,3.9,4.28,4.97,3.51,3.94,4.3,4.97,3.68,4.1,4.48,5.07,4.25,4.68,4.98,5.46,3.14,3.55,3.9,3.46
2026-06-14,WA,Bellingham,5.4,5.65,5.98,6.08,5.42,5.54,5.93,6.23,5.53,5.85,5.99,6.32,5.73,5.98,6.24,6.61,4.32,4.67,4.89,4.63
2026-06-14,WA,Bremerton,5.71,5.96,6.19,6.49,5.7,5.94,6.19,6.5,5.8,6.06,6.29,6.56,5.89,6.13,6.38,6.84,4.5,4.72,4.92,4.73
2026-06-14,WA,Olympia,5.49,5.64,5.91,6.62,5.5,5.69,5.94,6.63,5.63,5.83,6.13,6.77,5.81,5.98,6.23,6.96,4.4,4.62,4.84,4.77
2026-06-14,WA,Richland-Kennewick-Pasco,5.17,5.43,5.71,6.06,5.18,5.46,5.7,6.12,5.26,5.53,5.79,6.25,5.46,5.74,5.95,6.68,4.08,4.36,4.59,4.52
2026-06-14,WA,Seattle-Bellevue-Everett,5.79,6.05,6.29,6.75,5.8,6.06,6.31,6.76,5.88,6.13,6.36,6.83,5.97,6.2,6.43,7,4.58,4.83,5.05,4.84
2026-06-14,WA,Spokane,5.04,5.32,5.58,6.13,5.06,5.33,5.58,6.15,5.2,5.46,5.75,6.28,5.4,5.66,5.92,6.55,3.9,4.15,4.42,4.48
2026-06-14,WA,Tacoma,5.64,5.88,6.14,6.63,5.65,5.93,6.14,6.68,5.75,5.97,6.2,6.77,5.87,6.11,6.35,6.94,4.44,4.68,4.92,4.8
2026-06-14,WA,Yakima,5.27,5.52,5.79,6.19,5.3,5.63,5.93,6.26,5.38,5.63,5.89,6.37,5.53,5.79,6,6.55,4.07,4.38,4.6,4.47
2026-06-14,WA,Vancouver,5.43,5.74,5.91,6.26,5.44,5.74,5.95,6.28,5.56,5.77,6.04,6.4,5.76,6.04,6.24,6.67,4.29,4.51,4.7,4.55
2026-06-14,WA,Clarkson,4.96,0,5.22,5.98,4.96,5.35,5.22,5.98,4.85,0,4.87,6.08,5.08,0,5.1,6.15,3.76,0,4.07,4.3
2026-06-14,WA,Longview,5.47,5.72,5.95,6.35,5.47,5.71,5.97,6.41,5.63,5.85,6.16,6.52,5.78,6.01,6.32,6.58,4.4,4.62,4.79,4.69
2026-06-14,WA,Mount Vernon-Anacortes,5.33,5.54,5.84,6.19,5.38,5.58,5.92,6.21,5.46,5.65,5.91,6.36,5.66,5.95,6.14,6.67,4.24,4.44,4.64,4.57
2026-06-14,WA,Walla Walla,5.35,5.64,6.08,6.44,5.38,5.59,6.18,6.4,5.46,5.76,6.1,6.58,5.54,5.8,6.13,6.8,4.34,4.51,4.78,4.7
2026-06-14,WA,Wenatchee,5.18,5.34,5.64,6.19,5.18,5.33,5.6,6.2,5.24,5.46,5.67,6.38,5.62,5.8,6.06,6.79,4.2,4.33,4.66,4.63
2026-06-14,WV,Charleston,4.12,4.58,5.04,5.21,4.14,4.59,5.09,5.24,4.25,4.68,5.19,5.29,4.54,4.97,5.43,5.81,3.05,3.5,3.93,3.3
2026-06-14,WV,Parkersburg-Marietta (WV only),4.03,4.47,4.92,4.9,4.03,4.5,4.97,4.95,4.2,4.64,5.08,5.16,4.6,5.03,5.43,5.87,2.96,3.41,3.85,3.3
2026-06-14,WV,Steubenville-Weirton (WV only),4.12,4.57,5.17,5.23,4.13,4.6,5.22,5.26,4.28,4.84,5.33,5.42,4.45,4.89,5.42,5.68,3.14,3.54,3.98,3.53
2026-06-14,WV,Wheeling (WV only),3.81,4.33,4.74,5.31,3.83,4.31,4.75,5.31,4,4.49,4.9,5.49,4.41,4.82,5.26,5.76,3.04,3.47,3.9,3.4
2026-06-14,WV,Beckley,4.33,4.8,5.17,5.29,4.34,4.81,5.22,5.34,4.43,4.92,5.34,5.45,4.61,5.03,5.43,5.9,3.09,3.54,3.95,3.57
2026-06-14,WV,Hampshire County,4,4.4,4.6,5.29,4.02,4.4,4.72,5.3,4.29,4.74,5.11,5.39,4.49,5,5.37,5.6,3.14,3.6,3.97,3.5
2026-06-14,WV,Huntington,4.03,4.42,4.87,4.85,4.04,4.44,4.9,4.86,4.19,4.54,5.02,5.02,4.65,5.02,5.48,5.89,3.04,3.47,3.93,3.45
2026-06-14,WV,Jefferson County,3.47,3.92,4.34,4.7,3.48,3.96,4.35,4.72,3.55,4.02,4.38,4.81,4.55,4.96,5.38,5.77,3.13,3.54,3.93,3.56
2026-06-14,WV,Mineral County,3.83,4.02,4.44,5.17,3.83,4.03,4.51,5.16,3.89,4.03,4.47,5.33,4.47,4.82,5.16,5.51,3.05,3.36,3.71,3.61
2026-06-14,WV,Morgantown,3.86,4.25,4.74,4.8,3.86,4.26,4.71,4.83,3.94,4.34,4.77,5,4.5,4.94,5.39,5.73,3.18,3.61,4.06,3.5
2026-06-14,WV,"Washington, DC (WV Only)",3.48,3.88,4.3,4.8,3.49,3.93,4.31,4.79,3.59,3.99,4.37,4.89,4.48,4.84,5.18,5.54,3.14,3.52,3.93,3.6
2026-06-14,WI,Eau Claire,3.9,4.37,4.93,5.01,3.91,4.34,4.94,5.02,3.96,4.4,5.02,5.19,4.3,4.59,5.38,5.4,2.87,3.2,3.78,3.3
2026-06-14,WI,Green Bay,3.91,4.52,5.1,5.11,3.93,4.54,5.12,5.14,4.04,4.71,5.24,5.4,4.6,5.09,5.71,5.95,2.9,3.42,3.91,3.27
2026-06-14,WI,Janesville-Beloit,3.86,4.38,4.99,5.04,3.87,4.39,4.98,5.05,4.01,4.55,5.14,5.26,4.6,5.08,5.66,5.96,2.84,3.36,3.85,3.23
2026-06-14,WI,Madison,3.91,4.54,5.1,5.12,3.92,4.49,5.09,5.14,3.99,4.55,5.17,5.3,4.63,5.13,5.77,5.97,2.91,3.49,3.96,3.27
2026-06-14,WI,Milwaukee-Waukesha,3.85,4.43,4.94,5.19,3.87,4.46,4.96,5.24,3.96,4.54,5.06,5.41,4.66,5.14,5.69,5.97,2.98,3.51,3.99,3.27
2026-06-14,WI,La Crosse (WI only),3.84,0,5.02,4.98,3.84,4.7,5.04,4.98,3.82,4.15,5.01,4.98,4.41,4.6,5.62,5.5,2.98,3.3,3.97,3.22
2026-06-14,WI,Appleton,3.91,4.48,5.08,5.1,3.92,4.53,5.1,5.14,4,4.59,5.17,5.37,4.61,5.01,5.68,5.92,2.88,3.4,3.91,3.23
2026-06-14,WI,Fond du Lac,3.69,4.35,4.89,4.97,3.68,4.27,4.89,4.99,3.73,4.39,4.95,5.16,4.57,5.04,5.74,5.97,2.89,3.42,3.95,3.2
2026-06-14,WI,Kenosha County,3.83,4.41,4.95,5.53,3.88,4.47,5.01,5.54,4,4.62,5.1,5.68,4.73,5.2,5.8,6.09,2.98,3.56,4.01,3.41
2026-06-14,WI,Oshkosh,3.89,4.45,5.04,5.05,3.89,4.46,5.05,5.04,4,4.59,5.19,5.26,4.6,5.13,5.72,5.95,2.9,3.43,3.89,3.28
2026-06-14,WI,Pierce -St. Croix County,3.91,4.32,4.92,5.14,3.92,4.34,4.92,5.14,4.05,4.54,5.05,5.21,4.39,4.71,5.36,5.53,3.03,3.51,3.97,3.46
2026-06-14,WI,Racine,3.81,4.4,4.89,5.25,3.83,4.44,4.94,5.29,3.91,4.43,4.98,5.43,4.65,5.1,5.66,6.08,3.02,3.5,4.02,3.27
2026-06-14,WI,Sheboygan,3.78,4.45,5,5.24,3.8,4.44,4.99,5.25,3.92,4.63,5.12,5.41,4.61,5.09,5.73,6.02,2.88,3.45,3.92,3.22
2026-06-14,WI,Superior,3.95,4.33,5.06,5.15,3.96,4.63,5.08,5.15,4.08,4.61,5.18,5.39,4.34,4.77,5.5,5.68,2.82,3.33,3.83,3.5
2026-06-14,WI,Wausau,3.8,4.53,5.01,5.13,3.83,4.53,5.04,5.15,3.93,4.61,5.12,5.36,4.62,5.09,5.79,5.79,2.94,3.56,3.98,3.28
2026-06-14,WY,Casper,4.07,4.41,4.71,5,4.07,4.4,4.68,4.95,4.17,4.49,4.8,5.17,4.38,4.71,5.03,5.39,2.8,3.12,3.42,3.21
2026-06-14,WY,Cheyenne,3.99,4.34,4.63,4.99,4.01,4.36,4.63,5.02,4.21,4.54,4.81,5.19,4.37,4.68,4.99,5.4,2.97,3.26,3.52,3.32
2026-06-15,AL,Birmingham,3.72,4.19,4.6,4.86,3.73,4.23,4.64,4.88,3.82,4.3,4.71,4.95,4.06,4.53,4.92,5.24,2.76,3.23,3.65,3.33
2026-06-15,AL,Huntsville,3.67,4.16,4.49,4.92,3.69,4.18,4.53,4.94,3.79,4.23,4.58,4.96,4.08,4.55,4.88,5.24,2.72,3.17,3.51,3.28
2026-06-15,AL,Mobile,3.56,3.96,4.41,4.62,3.57,4.04,4.42,4.69,3.68,4.14,4.51,4.8,4.04,4.47,4.87,5.15,2.78,3.24,3.63,3.29
2026-06-15,AL,Montgomery,3.7,4.18,4.59,4.71,3.72,4.2,4.61,4.77,3.76,4.21,4.64,4.81,4.09,4.52,4.95,5.16,2.81,3.27,3.66,3.29
2026-06-15,AL,Tuscaloosa,3.62,4.06,4.5,4.8,3.64,4.1,4.54,4.82,3.74,4.16,4.56,4.86,4.05,4.48,4.85,5.22,2.7,3.11,3.53,3.3
2026-06-15,AL,Anniston-Oxford,3.63,4.05,4.51,4.69,3.63,4.08,4.5,4.71,3.76,4.2,4.64,4.79,3.96,4.38,4.81,5.15,2.77,3.16,3.56,3.25
2026-06-15,AL,Auburn,3.61,3.97,4.44,4.64,3.62,4.02,4.48,4.61,3.73,4.1,4.51,4.75,4.06,4.46,4.88,5.1,2.76,3.19,3.58,3.2
2026-06-15,AL,Daphne-Fairhope-Foley,3.53,3.97,4.39,4.72,3.54,4.03,4.39,4.73,3.66,4.11,4.52,4.85,4.04,4.54,4.91,5.15,2.8,3.22,3.62,3.25
2026-06-15,AL,Decatur,3.59,4.03,4.42,4.76,3.61,4.07,4.46,4.81,3.71,4.15,4.53,4.86,4.02,4.47,4.8,5.19,2.69,3.14,3.52,3.2
2026-06-15,AL,Dothan,3.68,4.01,4.43,4.87,3.7,4.01,4.45,4.9,3.76,4.19,4.55,4.98,4.14,4.51,4.95,5.33,2.76,3.18,3.54,3.42
2026-06-15,AL,Florence-Muscle Shoals,3.59,4.01,4.44,4.82,3.6,4.02,4.45,4.85,3.74,4.13,4.55,4.9,4.09,4.51,4.91,5.15,2.74,3.14,3.53,3.19
2026-06-15,AL,Gadsden,3.56,4.04,4.46,4.81,3.59,4.11,4.47,4.81,3.71,4.22,4.61,4.89,3.97,4.47,4.85,5.18,2.68,3.05,3.51,3.17
2026-06-15,AL,Russell County,3.69,4.23,4.67,4.87,3.7,4.26,4.72,4.88,3.85,4.31,4.85,4.96,4.13,4.57,5.04,5.33,2.8,3.22,3.61,3.31
2026-06-15,AK,Juneau,4.83,4.92,5.03,6.04,4.85,4.94,5.08,6.05,4.89,4.97,5.09,5.98,4.85,4.96,5.08,6.05,3.74,3.69,3.79,4.01
2026-06-15,AK,Fairbanks,4.98,5.26,5.46,5.5,4.96,5.24,5.46,5.5,5.2,5.46,5.7,5.62,5.27,5.53,5.76,5.82,3.68,3.92,4.08,3.73
2026-06-15,AK,Anchorage,5.1,5.39,5.64,5.68,5.09,5.4,5.64,5.69,5.14,5.43,5.67,5.73,5.24,5.53,5.77,5.89,3.57,3.84,4.05,3.63
2026-06-15,AZ,Flagstaff,4.65,4.95,5.33,5.72,4.66,4.95,5.29,5.75,4.75,5.01,5.39,5.82,4.88,5.11,5.48,5.87,3.17,3.4,3.8,3.35
2026-06-15,AZ,Phoenix-Mesa,4.37,4.77,5.09,5.4,4.38,4.79,5.1,5.42,4.51,4.91,5.22,5.57,4.88,5.28,5.6,5.73,3.41,3.76,4.07,3.42
2026-06-15,AZ,Pima County,4.31,4.69,5,5.5,4.33,4.7,5.01,5.51,4.46,4.83,5.13,5.63,4.77,5.15,5.45,5.75,2.95,3.29,3.59,3.28
2026-06-15,AZ,Yuma,4.54,4.81,5.12,5.7,4.54,4.81,5.12,5.67,4.64,4.9,5.21,5.81,4.89,5.14,5.48,5.99,2.88,3.27,3.57,3.36
2026-06-15,AZ,Phoenix Proper,4.37,4.78,5.08,5.39,4.38,4.79,5.1,5.42,4.52,4.9,5.21,5.57,4.88,5.28,5.59,5.71,3.39,3.71,4.04,3.37
2026-06-15,AZ,East Valley,4.37,4.77,5.06,5.37,4.38,4.78,5.09,5.38,4.52,4.91,5.22,5.54,4.89,5.29,5.61,5.69,3.46,3.81,4.12,3.4
2026-06-15,AZ,West Valley,4.35,4.74,5.08,5.44,4.36,4.77,5.08,5.45,4.47,4.9,5.18,5.58,4.87,5.28,5.61,5.72,3.4,3.76,4.04,3.4
2026-06-15,AZ,Scottsdale,4.52,4.86,5.21,5.57,4.53,4.89,5.22,5.61,4.68,5.02,5.38,5.72,4.99,5.36,5.69,5.86,3.54,3.88,4.19,3.65
2026-06-15,AZ,Tucson,4.32,4.71,5.02,5.51,4.34,4.71,5.02,5.52,4.46,4.83,5.14,5.64,4.76,5.14,5.45,5.75,2.94,3.28,3.59,3.28
2026-06-15,AZ,Glendale,4.36,4.74,5.09,5.41,4.37,4.77,5.09,5.43,4.47,4.88,5.18,5.56,4.88,5.27,5.61,5.69,3.43,3.79,4.06,3.37
2026-06-15,AZ,Peoria,4.38,4.78,5.13,5.48,4.38,4.82,5.15,5.48,4.52,4.94,5.24,5.63,4.89,5.32,5.68,5.79,3.41,3.76,4.08,3.49
2026-06-15,AZ,Prescott,4.66,5,5.33,5.72,4.66,5.01,5.36,5.75,4.77,5.11,5.43,5.84,4.84,5.18,5.48,5.94,3.16,3.43,3.8,3.54
2026-06-15,AZ,Lake Havasu-Kingman,4.52,4.72,5.16,5.64,4.49,4.75,5.14,5.65,4.64,4.89,5.27,5.76,4.87,5.1,5.49,5.97,3.09,3.34,3.69,3.52
2026-06-15,AZ,Sierra Vista-Douglas,4.51,4.79,5.1,5.43,4.51,4.78,5.14,5.47,4.58,4.9,5.2,5.58,4.69,4.99,5.31,5.73,2.95,3.18,3.52,3.33
2026-06-15,AR,Fayetteville-Springdale-Rogers,3.6,3.99,4.27,4.67,3.63,4.06,4.31,4.69,3.73,4.08,4.39,4.8,4.08,4.47,4.77,5.16,2.85,3.27,3.55,3.18
2026-06-15,AR,Little Rock-North Little Rock,3.65,4.16,4.48,4.64,3.66,4.18,4.52,4.65,3.78,4.27,4.65,4.77,4.07,4.55,4.9,5.15,2.76,3.22,3.59,3.13
2026-06-15,AR,Pine Bluff,3.7,4.11,4.6,4.63,3.7,4.23,4.63,4.64,3.77,4.2,4.71,4.72,4.02,4.46,4.96,5.25,2.71,3.2,3.64,3.17
2026-06-15,AR,Fort Smith (AR only),3.66,4.11,4.48,4.7,3.68,4.14,4.51,4.71,3.79,4.24,4.61,4.87,4.04,4.48,4.8,5.18,2.79,3.22,3.53,3.14
2026-06-15,AR,Texarkana (AR only),3.69,4.33,4.6,4.66,3.74,4.31,4.62,4.68,3.83,4.41,4.5,4.75,4.15,4.61,4.94,5.12,2.79,3.23,3.66,3.26
2026-06-15,AR,Hot Springs,3.58,4.14,4.53,4.72,3.6,4.19,4.58,4.74,3.76,4.32,4.7,4.89,4.04,4.6,4.99,5.21,2.75,3.28,3.67,3.18
2026-06-15,AR,Jonesboro,3.52,3.93,4.36,4.67,3.54,3.87,4.28,4.69,3.66,4.05,4.45,4.84,4.06,4.47,4.89,5.19,2.68,3.02,3.47,3.21
2026-06-15,AR,West Memphis,3.67,4.14,4.55,4.84,3.66,4.11,4.63,4.85,3.75,4.09,4.56,4.92,4.06,4.43,5,5.31,2.75,3.19,3.66,3.22
2026-06-15,CA,Bakersfield,5.92,6.18,6.38,7.07,5.89,6.14,6.32,7.09,5.99,6.2,6.44,7.2,6.07,6.29,6.5,7.4,4.62,4.79,5.02,4.96
2026-06-15,CA,Chico-Paradise,5.69,5.94,6.1,6.89,5.68,5.88,6.1,6.85,5.79,5.96,6.19,6.97,5.92,6.11,6.3,7.27,4.62,4.78,4.98,5.03
2026-06-15,CA,Fresno,5.69,5.92,6.14,7.08,5.69,5.95,6.17,7.09,5.88,6.12,6.34,7.21,6.06,6.31,6.52,7.49,4.71,4.96,5.15,5.2
2026-06-15,CA,Los Angeles-Long Beach,5.76,5.97,6.14,7.08,5.76,5.99,6.16,7.11,5.91,6.12,6.3,7.26,6.22,6.45,6.61,7.48,4.65,4.86,5.02,4.97
2026-06-15,CA,Merced,5.88,6.19,6.39,7.37,5.88,6.22,6.43,7.44,6,6.28,6.51,7.56,6.05,6.42,6.59,7.68,4.52,4.82,5.08,5.14
2026-06-15,CA,Modesto,5.71,5.96,6.18,6.99,5.71,5.98,6.2,7.07,5.84,6.09,6.31,7.29,5.98,6.26,6.5,7.55,4.39,4.7,4.9,5.21
2026-06-15,CA,Oakland,5.8,6.04,6.25,7.06,5.81,6.07,6.25,7.07,5.97,6.22,6.41,7.25,6.2,6.45,6.65,7.62,4.78,5.01,5.19,5.26
2026-06-15,CA,Orange County,5.62,5.86,6.02,6.88,5.63,5.87,6.03,6.88,5.78,6,6.17,7,6.18,6.41,6.56,7.26,4.57,4.79,4.94,4.82
2026-06-15,CA,Redding,5.64,5.83,6.02,6.81,5.63,5.88,6.03,6.85,5.8,6.02,6.18,7.09,5.94,6.11,6.29,7.33,4.49,4.7,4.84,5
2026-06-15,CA,Riverside,5.58,5.82,6.02,6.9,5.6,5.84,6.02,6.93,5.76,5.98,6.16,7.07,6.07,6.29,6.47,7.3,4.45,4.71,4.88,4.83
2026-06-15,CA,Sacramento,5.76,6,6.23,7,5.77,6.02,6.24,7.06,5.92,6.16,6.38,7.24,6.08,6.36,6.57,7.51,4.64,4.89,5.12,5.2
2026-06-15,CA,Salinas,5.87,6.08,6.3,7.03,5.88,6.1,6.28,7.11,6.05,6.23,6.44,7.35,6.3,6.5,6.67,7.68,4.91,5.09,5.31,5.46
2026-06-15,CA,San Diego,5.77,5.98,6.18,6.92,5.77,5.99,6.19,6.92,5.9,6.13,6.31,7.07,6.17,6.41,6.59,7.28,4.67,4.88,5.05,4.83
2026-06-15,CA,San Francisco,5.88,6.08,6.28,6.99,5.87,6.09,6.27,7.02,6.05,6.26,6.43,7.27,6.31,6.52,6.71,7.74,4.86,5.08,5.23,5.42
2026-06-15,CA,San Jose,5.74,5.98,6.16,6.98,5.75,6,6.16,6.99,5.92,6.14,6.32,7.22,6.14,6.39,6.56,7.54,4.73,4.95,5.12,5.24
2026-06-15,CA,San Luis Obispo-Atascadero-Paso Robles,5.94,6.1,6.32,7.22,5.95,6.15,6.33,7.26,6.09,6.31,6.48,7.39,6.29,6.48,6.68,7.68,4.92,5.11,5.33,5.34
2026-06-15,CA,Santa Barbara-Santa Maria-Lompoc,5.81,5.99,6.17,7.03,5.8,5.99,6.19,7.07,5.88,6.04,6.25,7.21,6.08,6.29,6.5,7.42,4.59,4.76,4.92,4.89
2026-06-15,CA,Santa Cruz-Watsonville,5.95,6.14,6.36,7.11,5.96,6.17,6.4,7.12,6.1,6.35,6.54,7.31,6.25,6.51,6.77,7.56,4.94,5.16,5.36,5.39
2026-06-15,CA,Santa Rosa,5.87,6.05,6.27,6.98,5.87,6.09,6.28,6.99,6.03,6.22,6.42,7.21,6.27,6.51,6.7,7.65,4.91,5.12,5.32,5.38
2026-06-15,CA,Stockton-Lodi,5.61,5.85,6.09,6.86,5.61,5.85,6.08,6.92,5.78,6.03,6.22,7.08,5.98,6.26,6.46,7.44,4.56,4.78,5.01,5.14
2026-06-15,CA,Vallejo-Fairfield,5.74,6,6.19,6.94,5.74,6.02,6.2,6.99,5.88,6.13,6.34,7.2,6.09,6.34,6.54,7.52,4.72,4.99,5.18,5.24
2026-06-15,CA,Ventura,5.66,5.9,6.07,7.01,5.66,5.92,6.09,7.04,5.81,6.06,6.21,7.13,6.12,6.35,6.53,7.37,4.67,4.87,5.05,5.02
2026-06-15,CA,Visalia-Tulare-Porterville,5.73,5.95,6.17,7.05,5.72,5.99,6.24,7.06,5.87,6.05,6.33,7.17,6.04,6.32,6.52,7.44,4.68,4.9,5.14,5.08
2026-06-15,CA,Yolo,5.75,5.94,6.25,6.88,5.76,6,6.26,6.9,5.9,6.18,6.34,7.16,6,6.3,6.52,7.43,4.59,4.83,5.04,5.09
2026-06-15,CA,Yuba City,5.53,5.84,5.99,6.91,5.54,5.86,5.99,6.9,5.72,5.98,6.16,7.05,5.83,6.09,6.28,7.25,4.44,4.84,4.93,5
2026-06-15,CA,El Centro,5.53,5.73,5.92,6.84,5.55,5.71,5.91,6.86,5.64,5.78,6.06,7.01,5.83,6,6.21,7.27,4.29,4.45,4.64,4.72
2026-06-15,CA,Hanford-Corcoran,5.61,5.86,6.12,6.97,5.6,5.89,6.07,6.94,5.8,6.06,6.23,7.12,5.99,6.22,6.43,7.31,4.49,4.74,4.88,5
2026-06-15,CA,Madera-Chowchilla,5.85,6.07,6.42,7.19,5.9,6.14,6.4,7.11,6,6.17,6.5,7.23,6.12,6.44,6.66,7.6,4.73,4.94,5.19,5.1
2026-06-15,CA,Napa,5.82,6.03,6.17,6.78,5.84,6.03,6.24,6.8,6.02,6.23,6.4,7.09,6.36,6.59,6.82,7.32,5.02,5.17,5.38,5.33
2026-06-15,CA,San Bernardino,5.61,5.8,6,6.88,5.63,5.82,6.01,6.9,5.79,5.98,6.18,7.05,6.11,6.32,6.53,7.32,4.49,4.69,4.89,4.86
2026-06-15,CA,San Rafael,5.79,6,6.22,6.82,5.81,6.03,6.23,6.84,5.98,6.22,6.42,7,6.28,6.52,6.71,7.61,4.76,4.98,5.15,5.38
2026-06-15,CO,Boulder-Longmont,4.1,4.51,4.84,5.04,4.1,4.54,4.88,5.05,4.16,4.58,4.92,5.11,4.67,5.11,5.45,5.68,3.07,3.51,3.86,3.45
2026-06-15,CO,Colorado Springs,3.97,4.37,4.69,4.67,3.98,4.4,4.71,4.7,4.04,4.46,4.8,4.84,4.64,5.05,5.38,5.65,2.99,3.38,3.71,3.2
2026-06-15,CO,Denver,3.99,4.42,4.74,4.73,4,4.44,4.76,4.76,4.03,4.46,4.78,4.87,4.66,5.11,5.42,5.65,3.02,3.44,3.76,3.25
2026-06-15,CO,Fort Collins-Loveland,4.07,4.46,4.81,4.82,4.11,4.5,4.84,4.85,4.22,4.61,4.96,4.97,4.67,5.1,5.44,5.65,3.03,3.4,3.74,3.21
2026-06-15,CO,Pueblo,3.96,4.35,4.71,4.7,3.96,4.37,4.71,4.7,4.09,4.5,4.87,4.88,4.53,4.92,5.27,5.47,2.94,3.34,3.72,3.22
2026-06-15,CO,Grand Junction (CO only),4.25,4.56,4.9,5.18,4.26,4.59,4.91,5.19,4.42,4.73,5.11,5.38,4.66,4.98,5.32,5.73,3.17,3.49,3.81,3.47
2026-06-15,CO,Durango,4.68,4.96,5.28,5.44,4.68,4.97,5.28,5.41,4.69,4.95,5.24,5.42,4.51,4.79,5.08,5.72,3.19,3.47,3.84,3.35
2026-06-15,CO,Glenwood Springs,4.76,5.31,5.49,5.62,4.81,5.39,5.5,5.67,4.8,5.4,5.58,5.76,4.88,5.41,5.53,5.82,3.48,3.96,4.06,3.7
2026-06-15,CO,Greeley,3.93,4.28,4.62,4.58,3.95,4.34,4.64,4.61,3.96,4.34,4.65,4.74,4.63,5.03,5.34,5.59,2.95,3.36,3.65,3.15
2026-06-15,CO,Vail,4.61,4.97,5.29,5.75,4.61,4.97,5.3,5.76,4.66,4.97,5.35,5.78,4.82,5.12,5.43,5.74,3.53,3.88,4.11,3.63
2026-06-15,CT,Bridgeport,4.34,4.93,5.36,5.6,4.35,4.96,5.36,5.62,4.48,5.09,5.5,5.73,4.7,5.26,5.67,5.88,3.16,3.79,4.16,3.79
2026-06-15,CT,Hartford,4.18,4.76,5.21,5.47,4.19,4.79,5.21,5.52,4.32,4.92,5.31,5.56,4.62,5.13,5.57,5.82,3.08,3.68,4.04,3.73
2026-06-15,CT,New Haven-Meriden,4.19,4.77,5.08,5.47,4.2,4.77,5.14,5.51,4.36,4.86,5.23,5.58,4.61,5.09,5.45,5.81,3.05,3.61,3.96,3.71
2026-06-15,CT,New London-Norwich (CT only),4.12,4.72,5.1,5.5,4.13,4.72,5.09,5.47,4.31,4.83,5.25,5.58,4.62,5.09,5.46,5.82,3.09,3.6,3.97,3.62
2026-06-15,CT,Windham,4.24,4.7,5.12,5.4,4.24,4.7,5.12,5.46,4.38,4.85,5.28,5.62,4.67,5.05,5.48,5.84,3.13,3.57,4.01,3.67
2026-06-15,CT,Lower Fairfield County,4.34,4.89,5.32,5.62,4.32,4.92,5.32,5.62,4.47,5.07,5.46,5.76,4.71,5.27,5.65,5.88,3.13,3.79,4.14,3.79
2026-06-15,DE,Dover,3.8,4.36,4.69,4.98,3.81,4.35,4.7,5,3.96,4.48,4.81,5.08,4.41,4.92,5.27,5.56,3,3.46,3.8,3.55
2026-06-15,DE,Wilmington-Newark (DE only),3.79,4.5,4.76,4.95,3.8,4.51,4.79,4.96,3.93,4.66,4.9,5.09,4.31,4.93,5.18,5.49,2.97,3.64,3.88,3.45
2026-06-15,DE,Milford-Seaford,3.8,4.28,4.61,4.99,3.82,4.28,4.65,4.98,3.97,4.46,4.78,5.09,4.38,4.81,5.14,5.54,2.99,3.41,3.75,3.49
2026-06-15,DC,Washington (DC only),4.35,4.95,5.37,5.73,4.36,4.98,5.4,5.68,4.49,5.04,5.47,5.75,4.65,5.26,5.63,5.96,3.18,3.75,4.19,3.74
2026-06-15,DC,Washington (Entire Metro Average),3.94,4.47,4.85,5.08,3.95,4.5,4.86,5.1,4.08,4.61,4.98,5.2,4.46,4.98,5.34,5.7,3.13,3.66,4.02,3.64
2026-06-15,FL,Daytona Beach,3.83,4.29,4.63,4.87,3.85,4.31,4.65,4.89,3.77,4.22,4.57,4.84,4.35,4.79,5.15,5.18,2.92,3.32,3.68,3.39
2026-06-15,FL,Fort Lauderdale,3.9,4.36,4.72,4.96,3.91,4.38,4.74,4.99,3.92,4.39,4.69,4.98,4.35,4.81,5.11,5.33,2.97,3.44,3.73,3.38
2026-06-15,FL,Fort Myers-Cape Coral,3.78,4.25,4.56,4.78,3.8,4.29,4.6,4.8,3.72,4.18,4.49,4.77,4.24,4.72,5.02,5.24,2.95,3.39,3.7,3.38
2026-06-15,FL,Gainesville,3.87,4.37,4.71,5.04,3.89,4.37,4.73,5.06,3.91,4.38,4.78,5.03,4.39,4.87,5.28,5.35,3.04,3.48,3.85,3.49
2026-06-15,FL,Jacksonville,3.8,4.27,4.61,4.9,3.83,4.3,4.66,4.92,3.75,4.19,4.57,4.93,4.29,4.73,5.08,5.21,2.89,3.32,3.68,3.36
2026-06-15,FL,Miami,3.9,4.36,4.62,4.95,3.91,4.37,4.64,4.97,3.94,4.38,4.63,4.97,4.33,4.74,4.98,5.32,2.94,3.38,3.61,3.34
2026-06-15,FL,Orlando,3.74,4.18,4.49,4.81,3.77,4.21,4.54,4.84,3.61,4.03,4.36,4.8,4.26,4.66,5,5.07,2.92,3.32,3.64,3.39
2026-06-15,FL,Pensacola,3.51,3.99,4.39,4.74,3.52,4,4.39,4.72,3.58,4.06,4.46,4.77,4.08,4.53,4.91,5.16,2.9,3.36,3.75,3.37
2026-06-15,FL,Tallahassee,3.87,4.35,4.73,4.92,3.87,4.37,4.73,4.93,3.99,4.47,4.83,5.03,4.32,4.8,5.12,5.3,2.9,3.34,3.73,3.42
2026-06-15,FL,Tampa-St. Petersburg-Clearwater,3.77,4.24,4.57,4.82,3.8,4.27,4.6,4.85,3.68,4.13,4.47,4.82,4.3,4.74,5.1,5.14,2.96,3.42,3.75,3.39
2026-06-15,FL,West Palm Beach-Boca Raton,4.01,4.46,4.78,5,4.04,4.51,4.86,5.05,4.01,4.4,4.8,5.02,4.47,4.89,5.31,5.38,3.11,3.59,3.92,3.49
2026-06-15,FL,Bradenton-Sarasota-Venice,3.78,4.25,4.57,4.83,3.8,4.27,4.61,4.86,3.66,4.12,4.48,4.87,4.25,4.72,5.05,5.15,2.9,3.35,3.65,3.39
2026-06-15,FL,Crestview-Fort Walton Beach,3.63,4.1,4.5,4.76,3.63,4.15,4.56,4.78,3.75,4.25,4.64,4.86,4.11,4.54,4.95,5.2,2.81,3.22,3.58,3.27
2026-06-15,FL,Homosassa Springs,3.86,4.26,4.58,4.92,3.87,4.27,4.64,4.92,3.77,4.15,4.53,4.92,4.33,4.73,5.1,5.23,2.94,3.33,3.67,3.41
2026-06-15,FL,Lakeland-Winter Haven,3.79,4.21,4.57,4.8,3.81,4.25,4.61,4.86,3.74,4.15,4.53,4.84,4.31,4.73,5.09,5.23,2.97,3.38,3.72,3.4
2026-06-15,FL,Melbourne-Titusville,3.74,4.18,4.54,4.87,3.75,4.23,4.59,4.91,3.7,4.14,4.52,4.99,4.26,4.69,5.07,5.3,2.83,3.28,3.6,3.39
2026-06-15,FL,Naples,3.92,4.39,4.71,5.03,3.94,4.4,4.73,5,3.9,4.32,4.66,5.06,4.37,4.8,5.13,5.37,3.04,3.45,3.78,3.42
2026-06-15,FL,Ocala,3.78,4.16,4.54,4.92,3.82,4.22,4.59,4.96,3.72,4.09,4.53,4.8,4.26,4.64,5.03,5.22,2.99,3.4,3.73,3.44
2026-06-15,FL,Panama City,3.68,4.1,4.49,4.79,3.68,4.14,4.53,4.84,3.76,4.19,4.59,4.9,4.1,4.58,4.97,5.23,2.8,3.21,3.62,3.32
2026-06-15,FL,Port St. Lucie,3.8,4.21,4.58,4.85,3.82,4.24,4.62,4.9,3.8,4.24,4.57,4.97,4.29,4.69,5.02,5.33,2.95,3.36,3.71,3.43
2026-06-15,FL,Punta Gorda,3.78,4.3,4.62,4.86,3.8,4.31,4.65,4.88,3.67,4.16,4.56,4.9,4.24,4.74,5.08,5.2,2.88,3.36,3.62,3.38
2026-06-15,FL,Sebastian-Vero Beach,3.82,4.29,4.58,4.96,3.85,4.31,4.6,4.96,3.86,4.38,4.67,4.99,4.37,4.8,5.2,5.33,2.97,3.4,3.72,3.44
2026-06-15,FL,Sebring,3.83,4.31,4.59,4.76,3.84,4.37,4.63,4.81,3.82,4.27,4.55,4.94,4.3,4.73,5.02,5.2,2.97,3.38,3.67,3.32
2026-06-15,FL,The Villages,3.71,4.19,4.56,4.86,3.73,4.23,4.62,4.88,3.6,3.99,4.36,4.76,4.18,4.64,4.99,5.11,2.97,3.34,3.73,3.44
2026-06-15,GA,Atlanta,3.77,4.23,4.67,4.89,3.77,4.26,4.69,4.92,3.83,4.29,4.72,4.94,4.04,4.52,4.94,5.14,2.88,3.34,3.74,3.49
2026-06-15,GA,Macon,3.83,4.24,4.68,5.02,3.86,4.27,4.73,5.03,3.92,4.3,4.8,5.06,4.06,4.55,4.92,5.23,2.9,3.31,3.7,3.43
2026-06-15,GA,Savannah,3.86,4.3,4.7,4.96,3.87,4.31,4.72,5.01,3.96,4.38,4.84,5.11,4.03,4.42,4.87,5.15,2.97,3.4,3.83,3.43
2026-06-15,GA,Augusta-Aiken (GA only),3.69,4.11,4.55,4.84,3.71,4.14,4.55,4.85,3.83,4.31,4.69,4.92,3.95,4.43,4.83,5.14,2.81,3.27,3.67,3.34
2026-06-15,GA,Columbus (GA only),3.76,4.16,4.57,4.88,3.77,4.22,4.62,4.94,3.87,4.27,4.74,4.99,3.96,4.39,4.83,5.13,2.84,3.22,3.65,3.42
2026-06-15,GA,Albany,3.57,4,4.46,4.74,3.58,4.02,4.43,4.8,3.65,4.13,4.46,4.86,3.93,4.39,4.75,5.14,2.88,3.3,3.72,3.33
2026-06-15,GA,Athens,3.74,4.17,4.54,4.84,3.74,4.19,4.54,4.88,3.84,4.24,4.61,4.89,4.01,4.45,4.85,5.11,2.88,3.29,3.71,3.48
2026-06-15,GA,Valdosta,3.7,4.13,4.43,4.85,3.71,4.13,4.5,4.88,3.88,4.33,4.68,5.02,3.98,4.41,4.75,5,2.93,3.32,3.72,3.37
2026-06-15,GA,Brunswick,3.62,4.07,4.38,4.83,3.63,4.03,4.38,4.88,3.66,4.05,4.41,4.92,3.87,4.29,4.65,5,2.83,3.27,3.63,3.44
2026-06-15,GA,Catoosa-Dade-Walker,3.53,3.94,4.35,4.69,3.57,3.98,4.37,4.71,3.68,4.1,4.51,4.82,3.91,4.38,4.78,5.04,2.78,3.27,3.63,3.15
2026-06-15,GA,Dalton,3.61,4.06,4.49,4.74,3.62,4.06,4.48,4.8,3.72,4.15,4.55,4.86,3.95,4.47,4.84,5.07,2.81,3.27,3.63,3.27
2026-06-15,GA,Gainesville,3.67,4.08,4.52,4.78,3.67,4.09,4.56,4.81,3.72,4.13,4.54,4.85,4.01,4.43,4.88,5.11,2.87,3.33,3.71,3.45
2026-06-15,GA,Hinesville-Fort Stewart,3.67,4.03,4.44,4.92,3.72,4.13,4.52,4.96,3.96,4.39,4.69,5.05,4.02,4.38,4.8,5.1,2.84,3.13,3.59,3.32
2026-06-15,GA,Rome,3.68,4.11,4.54,4.8,3.67,4.14,4.57,4.8,3.73,4.2,4.59,4.9,3.94,4.37,4.8,5.08,2.81,3.3,3.76,3.33
2026-06-15,GA,Warner Robins,3.66,4.07,4.46,4.84,3.7,4.09,4.5,4.85,3.78,4.19,4.6,4.9,3.98,4.42,4.82,5.12,2.74,3.12,3.49,3.23
2026-06-15,HI,Hilo,5.65,5.88,6.29,7.21,5.63,5.88,6.3,7.08,5.65,6.03,6.22,7.03,5.65,5.88,6.23,7,4.65,4.81,5.07,5.18
2026-06-15,HI,Wailuku,5.56,5.68,5.84,7.18,5.59,5.83,5.8,7.23,5.59,5.62,6,7.21,5.67,6.05,5.83,7.58,4.45,4.69,4.78,5.35
2026-06-15,HI,Honolulu,5.54,5.77,6.05,6.95,5.54,5.79,6.06,6.94,5.54,5.84,6.09,6.92,5.62,5.9,6.17,6.96,4.38,4.67,4.92,5.2
2026-06-15,HI,Kahului,5.56,5.68,5.84,7.18,5.59,5.83,5.8,7.23,5.59,5.62,6,7.21,5.67,6.05,5.83,7.58,4.45,4.69,4.78,5.35
2026-06-15,HI,Lihue (Kauai),5.91,6.19,6.43,7.3,5.9,6.18,6.46,7.34,5.95,6.21,6.41,7.33,5.94,6.2,6.44,7.36,5.06,5.3,5.49,5.51
2026-06-15,ID,Coeur D'Alene,4.29,4.61,4.85,5.18,4.29,4.6,4.83,5.16,4.37,4.66,4.99,5.25,4.6,4.86,5.21,5.52,3.32,3.55,3.89,3.7
2026-06-15,ID,Boise City,4.31,4.55,4.81,5.08,4.33,4.58,4.83,5.13,4.43,4.64,4.96,5.28,4.6,4.82,5.1,5.56,3.19,3.41,3.67,3.45
2026-06-15,ID,Pocatello,4.5,4.86,5.11,5.14,4.51,4.86,5.1,5.17,4.58,4.91,5.15,5.43,4.62,4.94,5.22,5.58,3.3,3.59,3.81,3.39
2026-06-15,ID,Franklin,4.34,4.63,4.83,5.18,4.34,4.63,4.84,5.18,4.48,4.74,4.98,5.47,4.59,4.86,5.08,5.59,3.24,3.51,3.81,3.4
2026-06-15,ID,Idaho Falls,4.3,4.55,4.87,5.09,4.31,4.6,4.91,5.11,4.4,4.72,4.98,5.3,4.59,4.89,5.18,5.52,3.26,3.58,3.83,3.38
2026-06-15,ID,Lewiston,4.38,4.72,5.01,5.36,4.38,4.73,5.06,5.38,4.44,4.76,5.07,5.47,4.55,4.79,5.15,5.59,3.32,3.57,3.93,3.78
2026-06-15,ID,Twin Falls,4.57,4.86,5.13,5.29,4.57,4.86,5.18,5.29,4.66,4.96,5.24,5.5,4.61,4.92,5.21,5.58,3.33,3.62,3.93,3.5
2026-06-15,IL,Bloomington-Normal,4.24,4.78,5.23,5.31,4.28,4.82,5.26,5.35,4.44,5.01,5.39,5.56,4.83,5.38,5.78,6.02,3.15,3.71,4.08,3.45
2026-06-15,IL,Champaign-Urbana,4.28,4.82,5.28,5.13,4.29,4.85,5.27,5.16,4.48,5.1,5.37,5.43,4.88,5.49,5.79,6.07,3.18,3.76,4.1,3.38
2026-06-15,IL,Chicago Metro,4.4,4.97,5.54,5.62,4.42,5.01,5.57,5.64,4.6,5.17,5.7,5.78,5.28,5.85,6.38,6.29,3.65,4.22,4.73,3.61
2026-06-15,IL,Decatur,4,4.53,5.05,5.33,4.02,4.59,5.07,5.33,4.22,4.73,5.18,5.58,4.83,5.29,5.77,6.16,3.12,3.67,4.09,3.38
2026-06-15,IL,Peoria-Pekin,4.46,5,5.39,5.63,4.46,5.02,5.41,5.65,4.62,5.22,5.58,5.8,4.94,5.47,5.85,6.08,3.28,3.81,4.25,3.51
2026-06-15,IL,Rockford,4.27,4.86,5.3,5.38,4.28,4.86,5.36,5.37,4.43,5.04,5.48,5.52,4.94,5.46,5.94,5.97,3.25,3.8,4.3,3.45
2026-06-15,IL,Springfield,4.16,4.74,5.25,5.2,4.18,4.81,5.27,5.21,4.39,5.04,5.44,5.45,4.88,5.5,5.94,6.02,3.12,3.71,4.15,3.33
2026-06-15,IL,Davenport-Moline-Rock Island (IL only),4.54,5.09,5.49,5.48,4.56,5.09,5.48,5.48,4.64,5.17,5.56,5.63,4.84,5.26,5.72,5.88,3.3,3.79,4.25,3.58
2026-06-15,IL,East Saint Louis,4.52,5.06,5.42,5.59,4.53,5.03,5.42,5.59,4.62,5.11,5.51,5.65,4.9,5.41,5.79,6,3.3,3.8,4.15,3.56
2026-06-15,IL,Quincy,4.36,4.62,5.16,5.49,4.35,4.81,5.07,5.46,4.44,4.76,5.09,5.51,4.73,5.07,5.3,5.71,3.2,3.6,3.96,3.34
2026-06-15,IL,Danville,4.29,4.73,5.11,5.28,4.29,4.76,5.16,5.3,4.42,4.86,5.22,5.47,4.88,5.45,5.76,6.08,3.19,3.79,4.17,3.45
2026-06-15,IL,City of Chicago,4.9,5.53,6.08,6.14,4.9,5.58,6.13,6.16,5.05,5.67,6.19,6.26,5.44,6.03,6.54,6.45,3.83,4.41,4.92,3.96
2026-06-15,IL,Carbondale-Marion,4.54,5.01,5.5,5.39,4.54,5.01,5.49,5.41,4.6,5.1,5.51,5.56,4.95,5.42,5.85,6.02,3.22,3.69,4.13,3.62
2026-06-15,IL,Elgin,4.24,4.87,5.41,5.47,4.27,4.91,5.4,5.5,4.5,5.11,5.65,5.68,5.16,5.75,6.25,6.18,3.53,4.1,4.56,3.5
2026-06-15,IL,Kankakee-Bradley,4.24,4.77,5.27,5.54,4.26,4.81,5.27,5.53,4.49,5.06,5.46,5.72,4.92,5.52,5.95,6.19,3.18,3.76,4.14,3.4
2026-06-15,IL,Lake County,4.18,4.81,5.36,5.61,4.19,4.84,5.38,5.64,4.45,5.06,5.61,5.8,5.18,5.75,6.28,6.12,3.6,4.16,4.68,3.4
2026-06-15,IN,Bloomington,3.43,4,4.45,5.6,3.43,3.96,4.49,5.63,3.56,4.1,4.57,5.74,4.46,5.01,5.54,6.23,3.26,3.77,4.24,3.58
2026-06-15,IN,Fort Wayne,3.22,3.76,4.33,5.47,3.23,3.78,4.37,5.5,3.35,3.88,4.47,5.65,4.17,4.73,5.3,6.18,3.22,3.74,4.28,3.5
2026-06-15,IN,Gary,3.37,3.89,4.4,5.51,3.39,3.92,4.43,5.53,3.32,3.87,4.37,5.65,4.15,4.67,5.18,6.12,3.28,3.8,4.3,3.6
2026-06-15,IN,Indianapolis,3.23,3.85,4.39,5.57,3.24,3.88,4.41,5.59,3.37,3.98,4.51,5.73,4.22,4.84,5.32,6.21,3.17,3.72,4.23,3.51
2026-06-15,IN,South Bend,3.38,3.94,4.47,5.6,3.39,3.99,4.56,5.61,3.41,3.97,4.57,5.71,4.18,4.82,5.38,6.25,3.26,3.8,4.29,3.54
2026-06-15,IN,Terre Haute,3.31,3.76,4.26,5.33,3.31,3.77,4.26,5.32,3.42,3.86,4.35,5.42,4.1,4.56,5.04,6.09,3.15,3.68,4.12,3.58
2026-06-15,IN,Clarksville,3.37,3.87,4.33,5.3,3.38,3.87,4.36,5.31,3.52,3.99,4.42,5.47,3.97,4.46,4.92,5.91,2.96,3.43,3.92,3.56
2026-06-15,IN,Columbus,3.14,3.7,4.23,5.54,3.13,3.7,4.24,5.59,3.3,3.79,4.38,5.67,4.21,4.76,5.24,6.24,3.23,3.73,4.19,3.35
2026-06-15,IN,Dearborn-Franklin-Ohio-Union,3.61,4.18,4.68,5.66,3.67,4.23,4.71,5.69,3.72,4.19,4.72,5.72,4.42,4.98,5.51,6.06,3.04,3.55,4.09,3.59
2026-06-15,IN,Elkhart,3.35,3.91,4.43,5.42,3.34,3.91,4.44,5.43,3.42,4.04,4.57,5.62,4.23,4.84,5.33,6.21,3.22,3.75,4.27,3.47
2026-06-15,IN,Evansville,3.51,4.08,4.45,5.44,3.52,4.1,4.46,5.43,3.68,4.24,4.63,5.57,4.24,4.76,5.18,5.86,2.85,3.34,3.78,3.6
2026-06-15,IN,Kokomo,3.32,3.85,4.33,5.61,3.33,3.9,4.43,5.61,3.26,3.92,4.41,5.72,4.11,4.71,5.17,6.14,3.19,3.79,4.25,3.42
2026-06-15,IN,Lafayette,3.43,3.99,4.49,5.65,3.45,4.02,4.55,5.66,3.41,3.98,4.53,5.74,4.18,4.73,5.23,6.22,3.3,3.83,4.31,3.49
2026-06-15,IN,Michigan City-La Porte,3.44,3.99,4.49,5.43,3.46,4.01,4.52,5.44,3.38,3.94,4.46,5.55,4.16,4.72,5.25,6.18,3.36,3.9,4.4,3.54
2026-06-15,IN,Muncie,3.26,3.8,4.33,5.43,3.28,3.83,4.34,5.45,3.39,3.94,4.43,5.49,4.17,4.69,5.23,6.22,3.13,3.62,4.16,3.42
2026-06-15,IA,Cedar Rapids,3.66,3.95,4.56,4.88,3.66,3.99,4.55,4.88,3.76,4.07,4.66,4.97,4.4,4.69,5.28,5.34,2.96,3.24,3.79,3.33
2026-06-15,IA,Des Moines,3.56,3.96,4.33,4.5,3.56,3.87,4.34,4.5,3.73,4.07,4.48,4.64,4.47,4.79,5.2,5.39,2.89,3.17,3.62,3.38
2026-06-15,IA,Waterloo-Cedar Falls,3.63,3.94,4.56,4.94,3.64,4.2,4.58,4.96,3.68,4.03,4.61,5.04,4.41,4.64,5.31,5.39,2.92,3.21,3.84,3.36
2026-06-15,IA,Davenport-Moline-Rock Island (IA only),3.68,4.1,4.65,5.05,3.71,4.14,4.67,5.05,3.78,4.19,4.8,5.11,4.29,4.6,5.26,5.42,2.79,3.1,3.73,3.36
2026-06-15,IA,Sioux City (IA only),3.59,3.88,4.49,4.84,3.62,3.89,4.48,4.84,3.58,3.97,4.45,4.93,4.12,4.44,4.98,5.33,2.89,3.2,3.73,3.31
2026-06-15,IA,Ames,3.54,4.08,4.31,4.46,3.53,4.08,4.31,4.46,3.64,0,4.39,4.57,4.51,5.1,5.21,5.31,3.05,3.37,3.73,3.4
2026-06-15,IA,Council Bluffs,3.7,3.98,4.55,4.86,3.74,4.07,4.55,4.88,3.82,4.1,4.65,4.98,4.18,4.54,4.98,5.39,2.76,3.1,3.6,3.33
2026-06-15,IA,Dubuque,3.86,3.93,4.98,4.93,3.87,4.17,4.9,4.96,4,4.42,5.08,5.04,4.42,4.48,5.39,5.39,2.99,3.25,3.89,3.28
2026-06-15,IA,Iowa City,3.74,4.14,4.65,4.86,3.75,4.21,4.68,4.86,3.84,4.44,4.72,4.92,4.28,4.69,5.18,5.22,2.95,3.38,3.76,3.31
2026-06-15,KS,Lawrence,3.72,4.07,4.55,4.8,3.73,4.08,4.53,4.81,3.82,4.16,4.66,4.86,4.22,4.57,5.06,5.17,2.95,3.29,3.75,3.29
2026-06-15,KS,Topeka,3.74,4.13,4.51,4.76,3.76,4.16,4.52,4.79,3.84,4.21,4.57,4.88,4.15,4.56,4.9,5.2,2.86,3.22,3.58,3.21
2026-06-15,KS,Wichita,3.75,4.01,4.25,4.8,3.75,4.01,4.26,4.8,3.82,4.11,4.34,4.88,4.07,4.28,4.5,5.13,2.91,3.16,3.4,3.24
2026-06-15,KS,Kansas City (KS only),3.72,4.12,4.48,4.75,3.73,4.13,4.49,4.76,3.81,4.18,4.55,4.86,4.21,4.59,4.95,5.19,2.91,3.24,3.59,3.25
2026-06-15,KS,Manhattan,3.74,4.04,4.58,4.64,3.77,4.05,4.46,4.63,3.9,4.19,4.62,4.71,4.2,4.51,4.83,5.2,2.89,3.27,3.6,3.15
2026-06-15,KY,Lexington,3.49,4.11,4.49,4.81,3.5,4.1,4.5,4.82,3.63,4.22,4.59,4.89,4.19,4.75,5.17,5.25,2.94,3.48,3.86,3.18
2026-06-15,KY,Owensboro,3.56,4.15,4.67,4.88,3.57,4.16,4.65,4.92,3.74,4.38,4.89,5.04,4.18,4.72,5.21,5.41,2.65,3.16,3.71,3.23
2026-06-15,KY,Huntington-Ashland (KY only),4,4.55,5.04,5.11,4.01,4.57,5.04,5.15,4.06,4.58,5.08,5.2,4.35,4.89,5.36,5.41,2.83,3.36,3.81,3.39
2026-06-15,KY,Louisville (KY only),3.46,4.04,4.47,4.69,3.48,4.05,4.49,4.7,3.66,4.27,4.67,4.86,4.21,4.81,5.23,5.22,3,3.56,3.98,3.19
2026-06-15,KY,Covington,3.79,4.31,4.77,5.04,3.81,4.33,4.79,5.05,3.92,4.46,4.92,5.13,4.53,5.07,5.54,5.53,2.98,3.53,3.93,3.16
2026-06-15,KY,Bowling Green,3.5,4.01,4.41,4.53,3.52,4.03,4.43,4.54,3.73,4.24,4.64,4.65,4,4.54,4.92,4.98,2.78,3.22,3.61,3.12
2026-06-15,KY,Elizabethtown-Fort Knox,3.56,4.12,4.58,4.7,3.56,4.14,4.61,4.7,3.73,4.37,4.8,4.86,4.12,4.62,5.1,5.22,2.74,3.27,3.75,3.11
2026-06-15,KY,Henderson,3.46,3.99,4.53,4.78,3.47,3.98,4.54,4.83,3.65,4.2,4.61,4.95,4.13,4.64,5.08,5.25,2.54,3.01,3.42,3.12
2026-06-15,KY,Hopkinsville,3.53,4.01,4.4,4.72,3.56,3.99,4.41,4.73,3.68,4.16,4.61,4.82,4.15,4.63,4.99,5.3,2.76,3.23,3.58,3.31
2026-06-15,LA,Baton Rouge,3.57,3.97,4.38,4.62,3.58,4,4.42,4.64,3.65,4.06,4.47,4.71,3.98,4.43,4.81,5.05,2.74,3.19,3.56,3.19
2026-06-15,LA,Lafayette,3.62,4.06,4.44,4.65,3.63,4.06,4.48,4.67,3.71,4.12,4.54,4.74,3.98,4.37,4.78,5.08,2.78,3.19,3.57,3.17
2026-06-15,LA,Lake Charles,3.82,4.28,4.65,4.82,3.82,4.33,4.71,4.81,3.87,4.3,4.72,4.89,4.04,4.5,4.85,5.08,2.76,3.15,3.62,3.11
2026-06-15,LA,New Orleans,3.65,4.16,4.56,4.72,3.65,4.19,4.57,4.76,3.73,4.28,4.65,4.83,4,4.52,4.87,5.12,2.77,3.28,3.63,3.24
2026-06-15,LA,Shreveport-Bossier City,3.56,3.9,4.31,4.66,3.57,3.96,4.35,4.66,3.66,4.02,4.43,4.79,3.97,4.36,4.73,5.09,2.73,3.13,3.5,3.15
2026-06-15,LA,Alexandria,3.65,4.13,4.54,4.74,3.66,4.15,4.61,4.74,3.76,4.2,4.62,4.83,4.07,4.57,4.92,5.21,2.73,3.18,3.52,3.27
2026-06-15,LA,Hammond,3.58,3.96,4.39,4.6,3.59,3.98,4.35,4.62,3.7,4.1,4.54,4.72,4,4.4,4.84,5.11,2.78,3.19,3.55,3.23
2026-06-15,LA,Houma-Thibodaux,3.77,4.1,4.48,4.75,3.78,4.18,4.54,4.77,3.82,4.22,4.62,4.84,4.04,4.41,4.82,5.05,2.77,3.15,3.5,3.12
2026-06-15,LA,Monroe,3.47,3.84,4.21,4.63,3.48,3.9,4.26,4.66,3.52,3.97,4.32,4.69,3.91,4.33,4.68,4.98,2.67,3.06,3.48,3.12
2026-06-15,ME,Bangor,4.17,4.73,5.23,5.6,4.18,4.76,5.24,5.6,4.26,4.87,5.38,5.67,4.54,5.07,5.58,5.74,2.97,3.52,3.99,3.81
2026-06-15,ME,Lewiston-Auburn,4.08,4.74,5.24,5.62,4.1,4.76,5.25,5.65,4.29,4.87,5.38,5.67,4.58,5.13,5.64,5.82,3.05,3.66,4.06,4
2026-06-15,ME,Portland,4.14,4.73,5.17,5.6,4.15,4.73,5.17,5.6,4.24,4.8,5.28,5.68,4.53,5.06,5.53,5.86,3.03,3.57,4.03,3.81
2026-06-15,MD,Salisbury,3.72,4.21,4.52,4.89,3.74,4.22,4.57,4.93,3.93,4.42,4.69,5.07,4.43,4.92,5.27,5.58,3,3.45,3.78,3.51
2026-06-15,MD,Baltimore,3.77,4.34,4.62,4.94,3.78,4.35,4.63,4.95,3.95,4.52,4.84,5.14,4.46,5,5.33,5.58,3.03,3.57,3.86,3.53
2026-06-15,MD,Hagerstown,3.57,4.05,4.45,4.79,3.58,4.05,4.45,4.8,3.66,4.07,4.5,4.86,4.47,4.89,5.31,5.44,3.01,3.44,3.85,3.65
2026-06-15,MD,Washington (MD only),4.02,4.61,4.98,5.14,4.03,4.66,4.97,5.15,4.15,4.79,5.1,5.31,4.54,5.11,5.44,5.7,3.14,3.74,4.07,3.68
2026-06-15,MD,Cumberland (MD Only),4,4.44,4.82,4.87,4.03,4.46,4.86,4.96,4.19,4.55,4.95,5.15,4.52,4.91,5.3,5.84,3.29,3.69,4.12,3.56
2026-06-15,MD,Bowie-St. Charles,3.89,4.66,4.92,5.01,3.9,4.66,4.95,5.05,4.02,4.75,5.02,5.14,4.46,5.13,5.4,5.6,3.08,3.88,4.12,3.58
2026-06-15,MD,Annapolis,3.78,4.42,4.71,5.01,3.8,4.44,4.71,4.99,3.97,4.64,4.9,5.18,4.47,5.08,5.37,5.6,3.03,3.67,3.94,3.53
2026-06-15,MD,Frederick,3.79,4.24,4.57,4.81,3.79,4.26,4.57,4.86,3.94,4.44,4.81,5.06,4.44,4.89,5.26,5.56,3.04,3.51,3.86,3.54
2026-06-15,MA,Barnstable-Yarmouth,4.18,4.82,5.2,5.59,4.19,4.83,5.2,5.58,4.3,4.91,5.32,5.63,4.49,5.03,5.43,5.8,3,3.58,3.97,3.85
2026-06-15,MA,Pittsfield,4.27,4.87,5.28,5.6,4.27,4.9,5.28,5.58,4.37,4.95,5.36,5.71,4.47,5.04,5.44,5.82,3.01,3.69,3.96,3.79
2026-06-15,MA,Springfield,4.02,4.57,4.96,5.4,4.02,4.6,4.98,5.39,4.13,4.7,5.03,5.46,4.39,4.87,5.26,5.72,2.94,3.52,3.86,3.61
2026-06-15,MA,Boston (MA only),4.18,4.8,5.22,5.41,4.19,4.84,5.23,5.43,4.29,4.89,5.31,5.53,4.5,5.08,5.46,5.8,3,3.6,3.99,3.77
2026-06-15,MA,Cambridge-Newton-Framingham,4.23,4.82,5.23,5.54,4.24,4.85,5.25,5.56,4.35,4.92,5.32,5.61,4.52,5.06,5.45,5.84,3.03,3.61,3.99,3.82
2026-06-15,MA,Seekonk,3.99,4.57,4.97,5.24,4,4.62,4.98,5.25,4.12,4.72,5.09,5.4,4.4,4.93,5.29,5.67,2.9,3.49,3.85,3.66
2026-06-15,MA,Worcester,4.28,4.88,5.28,5.58,4.28,4.9,5.28,5.6,4.36,4.94,5.34,5.65,4.5,5.05,5.43,5.85,2.99,3.62,3.95,3.74
2026-06-15,MI,Traverse City,4.04,4.59,5.2,5.65,4.06,4.6,5.2,5.66,4.19,4.77,5.34,5.77,4.89,5.45,5.99,6.19,2.98,3.5,3.99,3.5
2026-06-15,MI,Ann Arbor,4.26,4.89,5.45,5.67,4.27,4.89,5.46,5.69,4.24,4.83,5.42,5.79,4.9,5.49,6.04,6.19,3.18,3.72,4.28,3.48
2026-06-15,MI,Benton Harbor,4.18,4.82,5.37,5.58,4.2,4.83,5.38,5.55,4.15,4.81,5.39,5.77,4.9,5.5,6.07,6.27,3,3.53,4.1,3.47
2026-06-15,MI,Metro Detroit,4.26,4.89,5.49,5.71,4.25,4.91,5.5,5.74,4.23,4.86,5.46,5.78,4.81,5.46,6.04,6.19,3.16,3.75,4.31,3.57
2026-06-15,MI,Flint,4.11,4.74,5.32,5.51,4.12,4.77,5.33,5.5,3.94,4.54,5.12,5.65,4.89,5.47,6.04,6.15,2.99,3.58,4.1,3.35
2026-06-15,MI,Grand Rapids-Muskegon-Holland,4.04,4.64,5.23,5.4,4.06,4.68,5.25,5.42,4.07,4.68,5.29,5.56,4.95,5.52,6.09,6.24,3.03,3.61,4.12,3.31
2026-06-15,MI,Jackson,4.14,4.74,5.34,5.62,4.16,4.78,5.41,5.63,4.14,4.78,5.34,5.86,4.95,5.49,6.03,6.26,2.99,3.58,4.14,3.39
2026-06-15,MI,Lansing-East Lansing,4.14,4.78,5.33,5.55,4.17,4.8,5.35,5.56,3.94,4.56,5.12,5.71,4.92,5.49,6.04,6.24,3,3.56,4.09,3.45
2026-06-15,MI,Saginaw-Bay City-Midland,4.12,4.71,5.28,5.5,4.13,4.77,5.33,5.53,4.08,4.67,5.26,5.72,4.93,5.51,6.05,6.25,3.01,3.58,4.15,3.28
2026-06-15,MI,Marquette,3.97,4.88,5.16,5.36,4,4.91,5.29,5.42,4.02,4.83,5.3,5.48,4.54,5.14,5.62,5.94,2.99,3.5,4,3.48
2026-06-15,MN,Rochester,4,4.33,5.09,5.07,4.01,4.33,5.1,5.07,4.07,4.42,5.15,5.09,4.51,4.88,5.58,5.44,3.04,3.42,3.98,3.34
2026-06-15,MN,St. Cloud,3.65,4.11,4.7,4.53,3.68,4.13,4.71,4.59,3.8,4.24,4.84,4.7,4.36,4.84,5.38,5.35,2.88,3.28,3.76,3.28
2026-06-15,MN,Duluth-Superior (MN only),3.99,4.43,4.87,5.16,4.01,4.48,4.88,5.18,4.15,4.58,5.05,5.32,4.31,4.67,5.26,5.45,2.79,3.21,3.62,3.51
2026-06-15,MN,Minneapolis-St. Paul (MN only),3.87,4.35,4.82,5.03,3.88,4.37,4.83,5.04,3.99,4.48,4.95,5.12,4.51,4.94,5.42,5.4,2.97,3.38,3.8,3.47
2026-06-15,MN,Houston County,3.83,0,5.02,5.04,3.88,0,5.05,5.05,3.91,0,5.03,5.04,4.43,0,5.52,5.47,2.95,0,3.9,3.25
2026-06-15,MN,Mankato,3.7,4.11,4.66,4.85,3.72,4.12,4.68,4.85,3.85,4.25,4.82,5.02,4.5,4.85,5.47,5.58,2.83,3.2,3.65,3.38
2026-06-15,MN,Moorhead,3.77,4,4.51,4.74,3.77,4.07,4.53,4.76,3.82,4.08,4.62,4.81,4.04,4.34,4.89,5.28,2.85,3.15,3.61,3.36
2026-06-15,MN,Polk County,3.84,4.05,4.4,4.92,3.84,4.06,4.3,4.89,3.91,4.2,4.6,5,4.2,4.3,4.96,5.29,2.88,3.07,3.36,3.29
2026-06-15,MS,Biloxi-Gulfport-Pascagoula,3.44,3.91,4.26,4.58,3.45,3.87,4.23,4.58,3.55,3.94,4.34,4.68,3.92,4.29,4.7,4.96,2.64,3.05,3.41,3.09
2026-06-15,MS,Jackson,3.7,4.14,4.49,4.69,3.7,4.17,4.52,4.71,3.78,4.25,4.59,4.78,4,4.42,4.8,5.04,2.64,3.06,3.42,3.08
2026-06-15,MS,Hattiesburg,3.53,4.02,4.39,4.57,3.55,4.01,4.39,4.59,3.68,4.18,4.5,4.66,3.94,4.32,4.62,4.98,2.65,3.09,3.47,3.04
2026-06-15,MS,South Haven - Olive Branch,3.66,4.32,4.65,4.77,3.67,4.3,4.68,4.83,3.75,4.3,4.72,4.88,4.1,4.64,5.08,5.22,2.63,3.17,3.55,3.11
2026-06-15,MO,Columbia,3.89,4.25,4.57,4.89,3.89,4.26,4.56,4.9,3.99,4.29,4.65,4.96,4.19,4.48,4.81,5.25,2.9,3.17,3.47,3.19
2026-06-15,MO,St. Joseph,3.66,4.04,4.36,4.6,3.67,3.96,4.33,4.58,3.7,4.08,4.34,4.59,4.07,4.47,4.74,5.1,2.75,3.09,3.4,3.25
2026-06-15,MO,Springfield,3.49,3.83,4.17,4.54,3.51,3.85,4.17,4.56,3.68,4.04,4.37,4.71,4.05,4.39,4.72,5.02,2.68,3.01,3.31,3.07
2026-06-15,MO,Kansas City (MO only),3.71,4.08,4.43,4.74,3.71,4.09,4.44,4.74,3.79,4.16,4.5,4.84,4.2,4.58,4.9,5.17,2.89,3.22,3.53,3.26
2026-06-15,MO,St. Louis (MO only),3.82,4.23,4.56,4.96,3.83,4.24,4.57,4.97,3.92,4.32,4.65,5.12,4.27,4.66,4.99,5.6,2.85,3.21,3.52,3.16
2026-06-15,MO,Cape Girardeau,3.79,4.09,4.4,4.94,3.81,4.17,4.48,4.96,3.93,4.23,4.67,5.14,4.14,4.48,4.86,5.28,2.84,3.18,3.56,3.19
2026-06-15,MO,Jefferson City,3.97,4.32,4.66,4.86,3.97,4.33,4.66,4.86,4.04,4.42,4.74,4.94,4.17,4.49,4.84,5.13,2.9,3.23,3.54,3.21
2026-06-15,MO,Joplin,3.49,3.86,4.2,4.48,3.51,3.89,4.21,4.48,3.59,3.98,4.27,4.59,4.04,4.42,4.7,5.1,2.72,3.09,3.41,3.16
2026-06-15,MT,Billings,4.17,4.52,4.94,4.97,4.19,4.53,4.93,4.98,4.29,4.65,5.01,5.3,4.55,4.92,5.3,5.48,3.17,3.52,3.85,3.41
2026-06-15,MT,Great Falls,4.21,4.51,4.84,4.97,4.21,4.52,4.83,4.98,4.39,4.69,5.03,5.31,4.49,4.76,5.08,5.54,3.16,3.47,3.83,3.43
2026-06-15,MT,Missoula,4.28,4.62,4.94,4.78,4.28,4.6,4.93,4.79,4.42,4.73,5.04,4.88,4.61,4.94,5.21,5.47,3.27,3.56,3.86,3.54
2026-06-15,NE,Lincoln,3.97,4.21,4.74,4.81,3.99,4.22,4.79,4.82,4.07,4.33,4.9,4.89,4.17,4.38,4.99,5.18,2.98,3.17,3.76,3.24
2026-06-15,NE,Omaha (NE only),3.71,4,4.55,4.6,3.72,4.02,4.58,4.62,3.83,4.11,4.68,4.78,4.12,4.41,4.93,5.18,2.89,3.14,3.69,3.15
2026-06-15,NE,Grand Island,3.96,4.17,4.64,4.88,3.98,4.06,4.57,4.87,4.02,4.25,4.6,4.93,4.1,4.22,4.71,5.26,2.87,3.09,3.51,3.16
2026-06-15,NE,North Platte,3.97,4.27,4.63,4.66,3.93,4.15,4.66,4.66,4.11,4.28,4.76,4.79,4.15,4.28,4.6,5.17,3.17,3.24,3.72,3.29
2026-06-15,NE,Norfolk,3.8,4.09,4.62,4.91,3.84,4.06,4.69,4.89,3.91,4.1,4.72,4.94,4.01,4.22,4.85,5.14,2.9,3.09,3.63,3.21
2026-06-15,NE,Columbus,3.75,3.68,4.12,4.66,3.81,3.82,4.16,4.9,3.48,0,4.17,5.02,4.12,4.07,4.55,5.3,2.94,3.03,3.54,3.35
2026-06-15,NE,Kearney,4.01,4.45,4.74,4.92,3.97,4.35,4.59,4.92,4.05,4.45,4.85,4.94,4.07,4.49,4.77,5.17,2.89,3.3,3.71,3.14
2026-06-15,NV,Reno,5.13,5.3,5.51,6,5.14,5.3,5.55,6.02,5.26,5.44,5.67,6.12,5.43,5.63,5.85,6.41,4.18,4.39,4.59,4.05
2026-06-15,NV,Las Vegas (NV only),4.92,5.28,5.61,5.76,4.94,5.3,5.62,5.78,5.03,5.39,5.7,5.95,5.28,5.65,5.96,6.2,3.76,4.07,4.35,3.71
2026-06-15,NH,Manchester,4.16,4.73,5.19,5.48,4.16,4.75,5.18,5.48,4.26,4.86,5.32,5.58,4.47,5,5.42,5.77,2.91,3.56,3.94,3.73
2026-06-15,NH,Portsmouth-Rochester (NH only),4.17,4.69,5.18,5.46,4.17,4.75,5.2,5.48,4.28,4.85,5.33,5.53,4.47,4.99,5.44,5.74,2.9,3.46,3.87,3.71
2026-06-15,NJ,Atlantic City,4.09,4.62,4.88,5.18,4.09,4.65,4.87,5.19,4.21,4.73,4.98,5.31,4.51,4.99,5.19,5.62,3.03,3.47,3.7,3.49
2026-06-15,NJ,Bergen-Passaic,4.12,4.72,5.02,5.25,4.12,4.74,5.05,5.26,4.24,4.85,5.14,5.36,4.52,5.03,5.32,5.64,3.03,3.63,3.86,3.52
2026-06-15,NJ,Middlesex-Somerset-Hunterdon,4.09,4.66,4.95,5.1,4.1,4.68,4.99,5.13,4.24,4.79,5.1,5.25,4.5,5.02,5.3,5.56,3.06,3.59,3.88,3.48
2026-06-15,NJ,Monmouth-Ocean,4.14,4.7,4.98,5.22,4.15,4.74,5,5.24,4.28,4.82,5.08,5.35,4.53,5.07,5.3,5.62,3.09,3.65,3.85,3.51
2026-06-15,NJ,Newark,4.18,4.82,5.08,5.31,4.19,4.81,5.08,5.32,4.32,4.89,5.21,5.41,4.55,5.12,5.38,5.66,3.08,3.68,3.94,3.58
2026-06-15,NJ,Trenton,4.03,4.63,4.9,5.12,4.05,4.64,4.93,5.12,4.2,4.8,5.02,5.28,4.47,4.98,5.24,5.54,3.03,3.56,3.83,3.53
2026-06-15,NJ,Philadelphia (NJ Only),4.04,4.6,4.86,5.11,4.05,4.61,4.85,5.12,4.17,4.71,4.96,5.26,4.49,4.94,5.19,5.58,3.02,3.5,3.72,3.47
2026-06-15,NJ,Cape May,4.38,4.81,5.12,5.59,4.38,4.85,5.06,5.6,4.49,4.93,5.19,5.75,4.64,5.02,5.23,5.87,3.14,3.56,3.78,3.66
2026-06-15,NJ,Parsippany-Troy Hills,4.11,4.69,4.99,5.2,4.14,4.7,5,5.22,4.27,4.82,5.12,5.29,4.51,5.01,5.3,5.6,3.04,3.59,3.84,3.49
2026-06-15,NJ,Vineland,4.09,4.59,4.82,5.15,4.1,4.6,4.89,5.16,4.22,4.73,4.96,5.31,4.51,4.89,5.13,5.59,3.04,3.49,3.66,3.54
2026-06-15,NJ,Warren County,3.99,4.56,4.9,5.13,4,4.61,4.87,5.14,4.15,4.73,5.06,5.3,4.46,5.01,5.34,5.53,3,3.56,3.89,3.5
2026-06-15,NM,Albuquerque,3.88,4.34,4.66,5.03,3.85,4.3,4.63,5.03,3.99,4.45,4.77,5.22,4.38,4.86,5.18,5.49,2.87,3.3,3.61,3.22
2026-06-15,NM,Las Cruces,3.72,4.22,4.54,4.64,3.63,4.11,4.42,4.66,3.87,4.39,4.65,4.81,4.33,4.85,5.17,5.35,2.77,3.24,3.56,3.25
2026-06-15,NM,Santa Fe,3.93,4.34,4.69,5.38,3.96,4.4,4.75,5.41,4.03,4.48,4.82,5.48,4.42,4.86,5.17,5.61,2.84,3.29,3.57,3.34
2026-06-15,NM,Farmington,4.19,4.58,4.86,5.36,4.2,4.58,4.86,5.39,4.34,4.73,5.03,5.57,4.46,4.84,5.13,5.75,3.08,3.44,3.7,3.39
2026-06-15,NY,Albany-Schenectady-Troy,4.4,4.89,5.35,5.7,4.4,4.91,5.35,5.69,4.46,4.96,5.41,5.75,4.59,5.08,5.52,5.92,3.07,3.62,4.05,3.7
2026-06-15,NY,Binghamton,4.36,4.85,5.28,5.63,4.37,4.85,5.28,5.69,4.48,4.97,5.38,5.78,4.59,5.06,5.48,5.88,3.05,3.53,3.9,3.85
2026-06-15,NY,Buffalo-Niagara Falls,4.45,4.92,5.33,5.82,4.46,4.92,5.32,5.82,4.51,4.97,5.36,5.86,4.59,5.02,5.42,5.9,3.09,3.56,3.93,3.87
2026-06-15,NY,Nassau-Suffolk,4.15,4.68,5.04,5.66,4.15,4.7,5.05,5.67,4.29,4.79,5.15,5.76,4.53,5.01,5.37,5.91,3.03,3.54,3.89,3.84
2026-06-15,NY,New York,4.28,4.78,5.12,5.84,4.29,4.8,5.18,5.84,4.41,4.92,5.3,5.92,4.67,5.15,5.52,6.1,3.13,3.63,3.98,4.11
2026-06-15,NY,Rochester,4.44,4.94,5.31,5.8,4.45,4.94,5.32,5.79,4.5,5,5.38,5.84,4.59,5.08,5.45,5.93,3.12,3.57,3.96,3.95
2026-06-15,NY,Syracuse,4.44,4.92,5.35,5.76,4.45,4.95,5.37,5.77,4.5,5,5.42,5.83,4.58,5.06,5.46,5.88,3.04,3.53,3.93,3.78
2026-06-15,NY,Utica-Rome,4.42,4.89,5.32,5.7,4.42,4.92,5.32,5.7,4.48,5.01,5.46,5.75,4.58,5.05,5.52,5.87,3.2,3.7,4.14,3.8
2026-06-15,NY,Dutchess-Putnam County,4.46,5.01,5.41,5.76,4.46,5.03,5.4,5.77,4.5,5.04,5.46,5.81,4.62,5.13,5.54,5.93,3.15,3.71,4.09,3.74
2026-06-15,NY,Elmira,4.21,4.67,5.11,5.49,4.21,4.66,5.08,5.48,4.34,4.78,5.18,5.62,4.53,4.92,5.29,5.82,3.01,3.44,3.82,3.57
2026-06-15,NY,Glens Falls,4.44,4.94,5.35,5.68,4.45,4.96,5.38,5.68,4.49,5.01,5.43,5.74,4.6,5.07,5.5,5.91,3.16,3.68,4.13,3.79
2026-06-15,NY,Ithaca,4.5,5,5.47,5.77,4.51,4.95,5.44,5.79,4.56,5.05,5.46,5.84,4.59,5.04,5.43,5.92,3.04,3.57,3.92,3.81
2026-06-15,NY,Kingston,4.34,4.84,5.24,5.61,4.34,4.84,5.25,5.58,4.4,4.91,5.36,5.66,4.54,5.03,5.42,5.86,3.06,3.55,3.96,3.62
2026-06-15,NY,Watertown-Fort Drum,4.41,4.87,5.31,5.7,4.41,4.9,5.3,5.72,4.46,4.97,5.34,5.77,4.64,5.1,5.53,5.92,3.14,3.59,4.03,3.86
2026-06-15,NY,White Plains,4.49,5.13,5.49,5.81,4.5,5.17,5.51,5.86,4.58,5.19,5.57,5.92,4.7,5.32,5.65,6.08,3.23,3.85,4.2,3.97
2026-06-15,NY,Batavia,4.34,4.87,5.25,5.69,4.36,4.88,5.27,5.73,4.41,4.89,5.26,5.76,4.58,5.08,5.46,5.91,3.18,3.56,4.05,3.95
2026-06-15,NC,Asheville,3.85,4.35,4.73,4.98,3.87,4.35,4.74,4.98,3.98,4.44,4.84,5.09,4.24,4.66,5.05,5.4,2.83,3.27,3.66,3.43
2026-06-15,NC,Fayetteville,3.54,3.98,4.39,4.81,3.56,4.01,4.44,4.82,3.51,3.86,4.33,4.89,4.16,4.58,5.02,5.35,2.87,3.32,3.73,3.32
2026-06-15,NC,Greensboro,3.69,4.14,4.54,4.85,3.7,4.16,4.57,4.87,3.76,4.2,4.6,4.93,4.23,4.66,5.06,5.45,2.86,3.31,3.7,3.38
2026-06-15,NC,Raleigh,3.68,4.14,4.52,4.85,3.7,4.17,4.54,4.87,3.72,4.15,4.57,4.95,4.24,4.66,5.05,5.46,2.9,3.33,3.71,3.5
2026-06-15,NC,Wilmington,3.56,4.06,4.47,4.87,3.59,4.12,4.51,4.89,3.67,4.2,4.61,5,4.24,4.67,5.11,5.58,2.87,3.37,3.75,3.31
2026-06-15,NC,Charlotte-Gastonia-Rock Hill (NC only),3.67,4.15,4.54,4.91,3.69,4.18,4.57,4.93,3.81,4.29,4.67,5.05,4.25,4.72,5.1,5.48,2.93,3.38,3.76,3.38
2026-06-15,NC,Burlington,3.71,4.16,4.57,4.9,3.72,4.16,4.57,4.88,3.73,4.1,4.49,4.96,4.22,4.66,5.04,5.47,2.85,3.31,3.73,3.2
2026-06-15,NC,Durham-Chapel Hill,3.8,4.22,4.61,4.97,3.8,4.24,4.62,4.98,3.87,4.28,4.67,5.1,4.26,4.7,5.1,5.69,2.93,3.35,3.74,3.42
2026-06-15,NC,Goldsboro,3.53,3.99,4.36,4.75,3.53,4,4.38,4.76,3.55,4.06,4.42,4.83,4.12,4.57,4.93,5.37,2.84,3.32,3.73,3.28
2026-06-15,NC,Hickory-Lenoir-Morganton,3.58,3.98,4.41,4.71,3.59,4.01,4.43,4.75,3.65,4.07,4.48,4.83,4.14,4.54,4.94,5.28,2.79,3.19,3.6,3.27
2026-06-15,NC,Jacksonville,3.63,4.13,4.5,4.88,3.64,4.18,4.57,4.9,3.69,4.16,4.55,5.01,4.16,4.58,5.01,5.39,2.86,3.33,3.73,3.29
2026-06-15,NC,New Bern,3.7,4.16,4.56,4.88,3.7,4.21,4.57,4.89,3.84,4.3,4.72,5.08,4.18,4.58,4.99,5.34,2.79,3.22,3.59,3.3
2026-06-15,NC,Norfolk-Virginia Beach-Newport News,3.89,4.3,4.86,5.14,3.91,4.41,4.84,5.2,3.98,4.53,4.81,5.24,4.27,4.64,5.08,5.55,2.95,3.32,3.66,3.21
2026-06-15,NC,Rocky Mount,3.6,4,4.41,4.69,3.62,4.09,4.45,4.76,3.62,4.05,4.46,4.82,4.17,4.6,4.94,5.32,2.83,3.28,3.65,3.32
2026-06-15,NC,Winston-Salem,3.62,4.1,4.5,4.68,3.64,4.13,4.52,4.71,3.64,4.13,4.54,4.79,4.22,4.67,5.05,5.35,2.82,3.28,3.66,3.33
2026-06-15,ND,Bismarck,3.89,4.23,4.76,4.74,3.9,4.2,4.76,4.76,3.9,4.23,4.73,4.86,4.28,4.62,5.03,5.22,2.85,3.18,3.59,3.19
2026-06-15,ND,Grand Forks (ND only),3.84,4.21,4.57,4.74,3.85,4.17,4.61,4.74,3.87,4.14,4.62,4.88,4.01,4.33,4.65,5.17,2.8,3.08,3.46,3.43
2026-06-15,ND,Fargo-Moorhead (ND only),3.66,4.03,4.43,4.58,3.67,4.05,4.44,4.58,3.73,4.11,4.51,4.64,4,4.41,4.77,5.19,2.85,3.19,3.6,3.36
2026-06-15,ND,Minot,3.89,4.28,4.73,4.84,3.89,4.26,4.73,4.86,3.91,4.26,4.75,4.92,4.22,4.63,5.07,5.28,2.97,3.26,3.59,3.29
2026-06-15,OH,Akron,4.11,4.62,5.13,5.33,4.15,4.66,5.18,5.34,3.92,4.48,5.02,5.48,4.6,5.16,5.67,6.19,3.11,3.63,4.13,3.37
2026-06-15,OH,Canton-Massillon,4.1,4.63,5.12,5.34,4.14,4.66,5.15,5.4,3.97,4.49,4.99,5.56,4.57,5.07,5.6,6.24,3.11,3.63,4.13,3.39
2026-06-15,OH,Cleveland-Lorain-Elyria,4.24,4.82,5.36,5.55,4.24,4.86,5.39,5.57,4.23,4.83,5.38,5.69,4.69,5.26,5.77,6.21,3.1,3.64,4.16,3.51
2026-06-15,OH,Columbus,4.18,4.69,5.21,5.52,4.21,4.74,5.24,5.51,4.12,4.64,5.15,5.7,4.61,5.11,5.63,6.22,3.11,3.63,4.13,3.49
2026-06-15,OH,Dayton,3.81,4.34,4.88,5.26,3.83,4.36,4.91,5.29,3.79,4.32,4.85,5.41,4.55,5.08,5.6,6.12,2.84,3.38,3.9,3.31
2026-06-15,OH,Toledo,3.9,4.45,4.96,5.38,3.92,4.45,4.97,5.39,4.01,4.56,5.06,5.57,4.48,5.04,5.54,6.16,3.03,3.51,4.01,3.37
2026-06-15,OH,Youngstown-Warren,4.06,4.63,5.18,5.38,4.08,4.68,5.21,5.43,3.97,4.6,5.14,5.52,4.56,5.13,5.64,6.06,3.05,3.58,4.1,3.49
2026-06-15,OH,Cincinnati (OH only),3.8,4.25,4.78,5.4,3.82,4.28,4.82,5.43,3.84,4.3,4.84,5.54,4.52,5.02,5.54,6.07,3.09,3.6,4.13,3.4
2026-06-15,OH,Belmont County,3.91,4.5,4.97,5.38,3.93,4.6,5.11,5.37,4.08,4.82,5.23,5.57,4.62,5.22,5.73,6.1,3.02,3.55,4.07,3.47
2026-06-15,OH,Lawerence County,4.15,4.67,5.12,5.52,4.14,4.72,5.15,5.52,4.01,4.52,5,5.59,4.41,4.87,5.38,6.05,3.09,3.58,4.11,3.44
2026-06-15,OH,Lima,3.76,4.36,4.88,5.03,3.77,4.35,4.91,5.06,3.75,4.36,4.86,5.26,4.45,5.08,5.62,6.05,3,3.57,4.08,3.29
2026-06-15,OH,Mansfield,4.19,4.74,5.26,5.64,4.21,4.79,5.28,5.65,4.25,4.8,5.32,5.71,4.57,5.14,5.62,6.19,3.11,3.63,4.14,3.42
2026-06-15,OH,Springfield,3.78,4.28,4.78,5.01,3.79,4.3,4.77,5.03,3.92,4.44,4.92,5.2,4.51,5.03,5.55,5.92,2.84,3.29,3.78,3.24
2026-06-15,OH,Steubenville-Weirton (OH only),4.19,4.7,5.21,5.33,4.2,4.68,5.19,5.37,4.32,4.9,5.5,5.5,4.6,5.11,5.56,5.98,3.13,3.58,4.12,3.48
2026-06-15,OK,Oklahoma City,3.44,3.91,4.17,4.43,3.48,3.95,4.21,4.45,3.53,3.95,4.23,4.58,3.93,4.38,4.67,4.96,2.63,3.08,3.34,2.96
2026-06-15,OK,Tulsa,3.52,3.85,4.13,4.47,3.54,3.88,4.19,4.49,3.68,4.02,4.31,4.61,4.18,4.51,4.82,5.22,2.87,3.19,3.47,3.24
2026-06-15,OK,Lawton,3.4,3.69,4.08,4.54,3.44,3.74,4.14,4.55,3.52,3.89,4.2,4.66,3.89,4.2,4.52,4.97,2.66,3.02,3.33,2.98
2026-06-15,OK,Le Flore-Sequoyah,3.66,4.15,4.45,4.62,3.65,4.12,4.45,4.63,3.78,4.18,4.57,4.71,3.98,4.32,4.7,5.04,2.76,3.19,3.57,3.13
2026-06-15,OR,Eugene-Springfield,4.94,5.15,5.47,5.82,4.94,5.15,5.44,5.81,5.07,5.26,5.57,5.99,5.32,5.54,5.85,6.26,3.94,4.12,4.36,4.15
2026-06-15,OR,Medford-Ashland,4.84,5.09,5.43,5.76,4.88,5.08,5.44,5.8,4.99,5.19,5.53,5.9,5.48,5.69,5.97,6.17,4.05,4.26,4.52,4.36
2026-06-15,OR,Salem,4.93,5.19,5.47,5.98,4.94,5.18,5.5,6,5.05,5.27,5.59,6.06,5.27,5.46,5.78,6.32,3.89,4.06,4.32,4.24
2026-06-15,OR,Portland-Vancouver (OR only),5.14,5.38,5.65,5.96,5.14,5.41,5.67,5.98,5.24,5.5,5.77,6.06,5.42,5.66,5.94,6.25,4.08,4.31,4.56,4.23
2026-06-15,OR,Albany,4.84,5,5.28,5.55,4.86,5.13,5.38,5.57,5.01,5.17,5.49,5.7,5.26,5.44,5.76,6.11,3.95,4.1,4.38,4.11
2026-06-15,OR,Bend,4.81,4.97,5.32,5.71,4.81,4.98,5.29,5.69,4.93,5.1,5.41,5.8,5.35,5.55,5.83,6.15,3.9,4.13,4.39,4.2
2026-06-15,OR,Corvallis,4.75,4.99,5.25,5.7,4.76,5.13,5.07,5.74,4.93,5.39,5.76,5.84,5.22,5.42,5.59,6.2,3.97,4.15,4.23,4.04
2026-06-15,OR,Grants Pass,4.8,4.84,5.31,5.83,4.84,4.93,5.31,5.86,4.93,4.98,5.3,5.93,5.46,5.68,5.98,6.24,4.06,4.19,4.52,4.45
2026-06-15,OR,Pendleton,4.88,5.27,5.45,5.56,4.86,5.31,5.42,5.54,4.98,5.36,5.52,5.69,5.16,5.47,5.68,5.96,3.79,4.05,4.3,3.92
2026-06-15,PA,Allentown-Bethlehem-Easton,3.93,4.35,4.72,5.4,3.94,4.38,4.76,5.44,4.07,4.49,4.85,5.5,4.51,4.93,5.28,5.8,3.17,3.64,3.99,3.85
2026-06-15,PA,Erie,4.19,4.61,5.02,5.88,4.19,4.62,5.02,5.87,4.43,4.86,5.26,5.93,4.74,5.18,5.58,6.08,3.33,3.74,4.15,4.02
2026-06-15,PA,Harrisburg,4.05,4.49,4.88,5.6,4.05,4.5,4.9,5.63,4.18,4.63,5.03,5.69,4.5,4.92,5.3,5.92,3.21,3.65,4.05,3.9
2026-06-15,PA,Lancaster,4,4.44,4.85,5.53,4.01,4.45,4.86,5.54,4.15,4.58,5,5.69,4.5,4.93,5.32,5.91,3.2,3.62,4.01,3.91
2026-06-15,PA,Pittsburgh,4.53,4.97,5.39,5.72,4.54,4.98,5.41,5.72,4.61,5.05,5.49,5.81,4.88,5.31,5.73,6.07,3.52,3.96,4.37,4.02
2026-06-15,PA,Reading,4.01,4.44,4.83,5.32,4.03,4.44,4.84,5.34,4.2,4.61,4.99,5.51,4.59,5,5.37,5.85,3.21,3.64,3.97,3.79
2026-06-15,PA,Scranton--Wilkes-Barre--Hazleton,4.2,4.59,5.04,5.72,4.21,4.63,5.08,5.73,4.34,4.74,5.16,5.8,4.59,5.01,5.4,6,3.21,3.65,4.06,3.89
2026-06-15,PA,York,4.11,4.52,4.92,5.72,4.12,4.53,4.92,5.73,4.2,4.59,4.98,5.77,4.48,4.88,5.25,5.98,3.25,3.67,4.04,4
2026-06-15,PA,Philadelphia (PA only),4.15,4.68,5,5.47,4.16,4.72,5.04,5.49,4.28,4.81,5.12,5.58,4.61,5.09,5.41,5.86,3.17,3.66,3.92,3.85
2026-06-15,PA,Altoona,4.32,4.72,5.13,5.88,4.32,4.72,5.13,5.88,4.39,4.79,5.22,5.93,4.68,5.12,5.51,6.06,3.5,3.94,4.32,3.9
2026-06-15,PA,Bloomsburg-Berwick,3.88,4.2,4.69,5.55,3.89,4.26,4.69,5.58,4.02,4.35,4.78,5.65,4.49,4.88,5.32,5.89,3.22,3.63,4.01,3.85
2026-06-15,PA,Chambersburg-Waynesboro,3.92,4.3,4.72,5.6,3.92,4.33,4.72,5.58,4.01,4.42,4.85,5.68,4.31,4.64,5.04,5.89,3.15,3.55,3.93,3.89
2026-06-15,PA,East Stroudsburg,4.03,4.56,4.92,5.51,4.02,4.56,4.94,5.52,4.19,4.67,5.04,5.62,4.56,5,5.4,5.88,3.16,3.66,4,3.82
2026-06-15,PA,Gettysburg,4.1,4.56,4.96,5.65,4.13,4.56,4.93,5.7,4.27,4.7,5.13,5.76,4.54,4.9,5.35,5.96,3.15,3.58,3.99,3.99
2026-06-15,PA,Johnstown,4.26,4.67,5.09,5.73,4.26,4.69,5.1,5.73,4.36,4.79,5.16,5.82,4.66,5.09,5.47,6.05,3.54,3.91,4.32,3.89
2026-06-15,PA,Lebanon,4.1,4.58,5.04,5.74,4.12,4.63,5.04,5.79,4.27,4.73,5.18,5.78,4.48,4.95,5.32,6.05,3.19,3.65,4.04,4.02
2026-06-15,PA,Mercer County,4.28,4.69,5.15,5.72,4.31,4.76,5.18,5.69,4.44,4.88,5.35,5.88,4.81,5.13,5.55,6.04,3.48,3.92,4.34,3.95
2026-06-15,PA,State College,4.38,4.84,5.24,5.84,4.38,4.84,5.19,5.88,4.44,4.87,5.25,5.88,4.68,5.08,5.47,6,3.42,3.83,4.2,3.98
2026-06-15,PA,Williamsport,3.75,4.21,4.54,5.19,3.79,4.2,4.6,5.26,3.89,4.27,4.7,5.37,4.45,4.85,5.24,5.85,3.11,3.54,3.9,3.64
2026-06-15,RI,Providence-Fall River-Warwick (RI only),4.05,4.79,5.2,5.21,4.07,4.79,5.19,5.23,4.18,4.9,5.29,5.28,4.49,5.16,5.6,5.59,2.98,3.7,4.1,3.76
2026-06-15,SC,Charleston-North Charleston,3.71,4.19,4.59,4.89,3.73,4.2,4.6,4.9,3.67,4.11,4.52,4.88,4.19,4.65,5.03,5.3,2.85,3.31,3.69,3.32
2026-06-15,SC,Columbia,3.67,4.12,4.54,4.8,3.69,4.16,4.56,4.82,3.72,4.13,4.55,4.86,4.2,4.66,5.07,5.37,2.88,3.35,3.73,3.34
2026-06-15,SC,Greenville,3.61,4.03,4.42,4.8,3.62,4.07,4.46,4.82,3.63,4.06,4.42,4.76,4.24,4.67,5.04,5.27,2.86,3.28,3.6,3.2
2026-06-15,SC,Myrtle Beach,3.52,4,4.4,4.78,3.54,4.02,4.44,4.8,3.61,4.07,4.5,4.86,4.15,4.59,5,5.32,2.77,3.24,3.64,3.23
2026-06-15,SC,Aiken-Edgfield County,3.71,4.21,4.61,4.85,3.73,4.21,4.65,4.83,3.77,4.24,4.64,4.95,4.18,4.64,5.05,5.36,2.72,3.18,3.52,3.22
2026-06-15,SC,Florence,3.63,4.06,4.49,4.76,3.65,4.14,4.57,4.79,3.75,4.2,4.66,4.89,4.17,4.61,5.02,5.3,2.71,3.19,3.61,3.33
2026-06-15,SC,Hilton Head-Bluffton,3.76,4.25,4.65,5.04,3.76,4.25,4.67,5.08,3.88,4.33,4.73,5.15,4.21,4.67,5.09,5.42,2.82,3.32,3.73,3.32
2026-06-15,SC,Rock Hill,3.6,4.05,4.46,4.9,3.62,4.1,4.5,4.91,3.7,4.16,4.57,4.96,4.18,4.63,5,5.4,2.86,3.31,3.68,3.3
2026-06-15,SC,Spartanburg,3.6,4.01,4.45,4.72,3.61,4.08,4.5,4.74,3.59,3.99,4.37,4.74,4.19,4.64,5.04,5.25,2.87,3.35,3.68,3.26
2026-06-15,SC,Sumter,3.64,3.88,4.39,4.74,3.71,4.09,4.6,4.78,3.72,3.86,4.45,4.72,4.25,4.69,4.96,5.4,2.79,3.32,3.7,3.35
2026-06-15,SD,Rapid City,4.18,4.36,4.83,4.97,4.16,4.36,4.8,4.98,4.25,4.47,4.91,5.08,4.51,4.69,5.11,5.33,3.21,3.34,3.8,3.39
2026-06-15,SD,Sioux Falls,3.78,4.21,4.68,4.34,3.79,4.23,4.69,4.36,3.9,4.28,4.8,4.52,4.3,4.62,5.14,5.04,2.66,3.06,3.54,3.08
2026-06-15,SD,North Sioux City,3.75,3.86,4.66,4.41,3.78,4.07,4.65,4.4,3.78,3.85,4.41,4.52,4.24,4.49,5.08,5.15,2.9,3.04,3.61,3.12
2026-06-15,TN,Knoxville,3.6,4.01,4.48,4.83,3.62,4.03,4.49,4.85,3.76,4.16,4.61,4.94,4.12,4.52,4.97,5.18,2.67,3.06,3.5,3.24
2026-06-15,TN,Nashville,3.62,4.1,4.51,4.86,3.64,4.13,4.53,4.89,3.78,4.25,4.66,4.99,4.14,4.6,5,5.24,2.7,3.16,3.57,3.34
2026-06-15,TN,Chattanooga (TN only),3.33,3.78,4.13,4.48,3.35,3.81,4.18,4.51,3.47,3.92,4.29,4.63,4,4.43,4.8,4.95,2.6,3.01,3.39,3.06
2026-06-15,TN,Clarksville-Hopkinsville (TN only),3.36,3.81,4.2,4.73,3.37,3.83,4.2,4.71,3.55,3.94,4.34,4.85,4.04,4.53,4.85,5.22,2.63,3.05,3.44,3.27
2026-06-15,TN,Johnson City,3.61,4.05,4.46,4.84,3.63,4.16,4.51,4.89,3.77,4.24,4.6,4.98,4.14,4.57,4.91,5.18,2.76,3.22,3.6,3.34
2026-06-15,TN,Memphis (TN only),3.75,4.34,4.72,4.98,3.76,4.38,4.76,4.98,3.86,4.47,4.83,5.07,4.15,4.7,5.15,5.29,2.74,3.26,3.64,3.36
2026-06-15,TN,Cleveland,3.42,3.84,4.23,4.64,3.43,3.85,4.32,4.68,3.65,4.04,4.45,4.74,4.09,4.45,4.83,5.11,2.62,3.03,3.42,3.16
2026-06-15,TN,Jackson,3.63,4.03,4.44,4.98,3.65,4.12,4.52,5,3.7,4.01,4.56,5,4.21,4.69,5.05,5.33,2.73,3.3,3.62,3.43
2026-06-15,TN,Kingsport-Bristol,3.61,4.09,4.47,4.83,3.63,4.1,4.5,4.85,3.74,4.19,4.54,4.94,4.11,4.5,4.9,5.14,2.68,3.09,3.48,3.26
2026-06-15,TN,Morristown,3.53,3.98,4.39,4.75,3.56,4.03,4.48,4.81,3.7,4.1,4.57,4.89,4.08,4.46,4.91,5.1,2.62,3.01,3.46,3.28
2026-06-15,TX,Amarillo,3.51,3.9,4.3,4.59,3.51,3.89,4.29,4.59,3.57,3.93,4.31,4.65,3.99,4.3,4.69,5.01,2.61,2.94,3.28,3
2026-06-15,TX,Austin-San Marcos,3.39,3.83,4.2,4.51,3.41,3.87,4.24,4.54,3.55,3.99,4.35,4.64,3.97,4.42,4.78,5.06,2.82,3.28,3.63,3.05
2026-06-15,TX,Beaumont-Port Arthur,3.65,4.07,4.49,4.7,3.65,4.12,4.52,4.72,3.74,4.19,4.56,4.79,4,4.43,4.82,5.05,2.68,3.17,3.57,3.05
2026-06-15,TX,Corpus Christi,3.55,4.12,4.54,4.56,3.58,4.17,4.57,4.58,3.48,4.05,4.46,4.48,3.88,4.47,4.87,4.83,2.53,2.95,3.28,2.8
2026-06-15,TX,Dallas,3.32,3.72,4.06,4.5,3.33,3.76,4.11,4.53,3.51,3.92,4.26,4.67,3.96,4.37,4.72,5.02,2.81,3.21,3.55,3.11
2026-06-15,TX,El Paso,3.77,4.29,4.62,4.8,3.79,4.29,4.63,4.82,3.95,4.48,4.78,4.92,4.35,4.87,5.2,5.27,2.84,3.28,3.6,3.21
2026-06-15,TX,Fort Worth-Arlington,3.33,3.74,4.1,4.5,3.34,3.77,4.15,4.53,3.51,3.93,4.28,4.65,3.99,4.41,4.76,5.01,2.81,3.2,3.54,3.08
2026-06-15,TX,Galveston-Texas City,3.63,4.16,4.52,4.77,3.65,4.16,4.53,4.77,3.73,4.22,4.62,4.8,4.03,4.5,4.9,5.06,2.71,3.2,3.54,3.02
2026-06-15,TX,Houston,3.63,4.2,4.62,4.71,3.63,4.22,4.64,4.73,3.74,4.31,4.72,4.8,4.01,4.56,4.97,5.02,2.69,3.26,3.66,3.03
2026-06-15,TX,San Antonio,3.31,3.78,4.16,4.43,3.33,3.81,4.19,4.45,3.5,3.97,4.34,4.59,3.92,4.4,4.76,5.02,2.81,3.24,3.59,2.99
2026-06-15,TX,Texarkana (TX only),3.68,4.12,4.41,4.62,3.67,4.17,4.49,4.63,3.72,4.2,4.59,4.75,4.07,4.5,4.85,5.12,2.74,3.12,3.52,3.08
2026-06-15,TX,Abilene,3.41,3.77,4.12,4.49,3.44,3.76,4.15,4.51,3.64,3.93,4.37,4.63,3.96,4.38,4.72,4.98,2.68,3.02,3.32,3.02
2026-06-15,TX,Brownsville-Harlingen,3.5,4.07,4.46,4.53,3.52,4.08,4.49,4.56,3.37,3.93,4.33,4.51,3.86,4.43,4.82,4.83,2.53,2.95,3.31,2.89
2026-06-15,TX,College Station-Bryan,3.73,4.21,4.58,4.82,3.73,4.22,4.59,4.83,3.81,4.31,4.66,4.89,4.09,4.56,4.93,5.13,2.68,3.14,3.47,3.12
2026-06-15,TX,Killeen-Temple-Fort Hood,3.44,3.85,4.19,4.52,3.46,3.89,4.22,4.54,3.59,3.96,4.33,4.64,4.01,4.37,4.72,5.04,2.67,3.05,3.33,3
2026-06-15,TX,Laredo,3.36,3.84,4.23,4.45,3.37,3.86,4.26,4.46,3.48,3.94,4.35,4.55,3.83,4.31,4.71,4.9,2.52,2.93,3.33,2.88
2026-06-15,TX,Longview,3.58,4.08,4.43,4.67,3.59,4.1,4.45,4.67,3.69,4.17,4.49,4.74,4.04,4.5,4.85,5.08,2.71,3.14,3.49,3.07
2026-06-15,TX,Lubbock,3.49,3.96,4.26,4.63,3.49,3.95,4.25,4.64,3.61,4.07,4.37,4.74,3.96,4.34,4.69,4.99,2.55,2.93,3.24,2.92
2026-06-15,TX,McAllen-Edinburg-Mission,3.48,4.06,4.46,4.54,3.51,4.1,4.51,4.56,3.33,3.9,4.31,4.4,3.84,4.41,4.82,4.79,2.49,2.92,3.29,2.82
2026-06-15,TX,Midland,3.54,4.11,4.38,4.64,3.56,4.13,4.39,4.66,3.48,4.04,4.29,4.65,3.94,4.51,4.78,5.06,2.72,3.27,3.54,3.01
2026-06-15,TX,Odessa,3.58,4.08,4.4,4.65,3.59,4.08,4.45,4.66,3.48,4,4.32,4.7,3.98,4.53,4.84,5.04,2.68,3.2,3.48,3.01
2026-06-15,TX,San Angelo,3.64,4.12,4.45,4.73,3.67,4.13,4.44,4.74,3.54,4.05,4.27,4.66,3.93,4.46,4.77,5.1,2.58,3.04,3.28,2.96
2026-06-15,TX,Sherman-Denison,3.3,3.61,3.96,4.42,3.31,3.6,3.95,4.46,3.44,3.79,4.09,4.56,3.83,4.22,4.6,4.97,2.71,3.05,3.41,3.03
2026-06-15,TX,Tyler,3.51,3.92,4.27,4.59,3.53,3.92,4.31,4.61,3.63,4,4.36,4.71,3.98,4.37,4.67,5.02,2.65,3.03,3.34,2.97
2026-06-15,TX,Victoria,3.61,4.03,4.43,4.59,3.61,4.06,4.43,4.61,3.57,3.98,4.34,4.59,3.98,4.39,4.73,4.9,2.63,3.02,3.36,2.95
2026-06-15,TX,Waco,3.45,3.83,4.23,4.52,3.48,3.88,4.27,4.55,3.63,4.05,4.4,4.69,4,4.4,4.77,5.08,2.62,2.97,3.32,2.97
2026-06-15,TX,Wichita Falls,3.61,4.08,4.52,4.55,3.62,4.04,4.53,4.58,3.68,4.17,4.51,4.67,3.98,4.43,4.78,5.11,2.64,3.03,3.33,3.02
2026-06-15,UT,Provo-Orem,4.18,4.46,4.71,5.02,4.19,4.48,4.73,5.04,4.32,4.6,4.85,5.23,4.58,4.86,5.1,5.56,3.22,3.49,3.72,3.36
2026-06-15,UT,Salt Lake City,4.1,4.42,4.65,5.04,4.13,4.43,4.67,5.06,4.27,4.57,4.81,5.29,4.58,4.87,5.1,5.57,3.23,3.51,3.75,3.38
2026-06-15,UT,Logan,4.31,4.6,4.81,5.07,4.33,4.62,4.83,5.1,4.43,4.68,4.91,5.34,4.56,4.83,5.03,5.57,3.17,3.4,3.62,3.39
2026-06-15,UT,Ogden,4.24,4.55,4.78,5.04,4.26,4.56,4.79,5.07,4.37,4.67,4.91,5.29,4.58,4.87,5.11,5.55,3.2,3.48,3.71,3.36
2026-06-15,UT,St. George,4.52,4.8,5.03,5.27,4.54,4.82,5.08,5.3,4.66,4.92,5.17,5.49,4.69,4.95,5.19,5.65,3.4,3.59,3.85,3.43
2026-06-15,VT,Burlington,4.31,4.86,5.28,5.54,4.32,4.83,5.3,5.52,4.38,4.91,5.38,5.58,4.58,5.1,5.56,5.82,3.14,3.73,4.13,3.77
2026-06-15,VA,Charlottesville,3.72,4.18,4.62,5.13,3.76,4.24,4.66,5.2,3.92,4.43,4.86,5.38,4.36,4.78,5.2,5.68,3.09,3.52,3.91,3.48
2026-06-15,VA,Norfolk-Virginia Beach-Newport News,3.9,4.38,4.78,5.13,3.92,4.39,4.8,5.15,4.1,4.56,4.96,5.32,4.33,4.75,5.14,5.62,3.04,3.46,3.84,3.41
2026-06-15,VA,Richmond-Petersburg,3.74,4.23,4.6,4.97,3.75,4.26,4.62,4.99,3.92,4.41,4.78,5.1,4.33,4.79,5.15,5.54,3.07,3.55,3.9,3.46
2026-06-15,VA,Roanoke,3.8,4.28,4.67,5.09,3.81,4.31,4.72,5.08,3.93,4.44,4.82,5.21,4.24,4.68,5.06,5.53,2.94,3.42,3.8,3.5
2026-06-15,VA,Blacksburg-Christiansburg-Radford,3.84,4.23,4.65,5.03,3.83,4.28,4.68,4.98,3.95,4.4,4.82,5.1,4.27,4.67,5.09,5.47,2.98,3.44,3.86,3.39
2026-06-15,VA,Bristol-Scott-Washington,3.77,4.27,4.61,4.98,3.78,4.33,4.63,5.03,3.87,4.25,4.64,5.1,4.28,4.65,5.04,5.4,2.85,3.26,3.65,3.43
2026-06-15,VA,Harrisonburg,3.66,4.01,4.4,4.94,3.67,4.01,4.4,4.93,3.86,4.26,4.61,5.1,4.23,4.64,5,5.47,2.99,3.42,3.8,3.46
2026-06-15,VA,Lynchburg,3.71,4.27,4.66,5.06,3.72,4.24,4.68,5.07,3.88,4.39,4.78,5.22,4.24,4.62,5.01,5.51,2.91,3.35,3.74,3.49
2026-06-15,VA,Staunton-Waynesboro,3.57,4,4.36,4.97,3.58,3.98,4.39,4.97,3.73,4.13,4.52,5.07,4.24,4.66,5.03,5.46,3.03,3.52,3.9,3.56
2026-06-15,VA,"Washington, DC, (VA Only)",3.88,4.4,4.77,5.05,3.89,4.43,4.78,5.07,4.02,4.54,4.93,5.16,4.4,4.91,5.27,5.69,3.12,3.63,3.99,3.63
2026-06-15,VA,Winchester,3.48,3.9,4.29,4.84,3.48,3.92,4.33,4.85,3.59,3.97,4.4,4.89,4.29,4.67,5.07,5.35,3.06,3.43,3.83,3.4
2026-06-15,VA,Fredericksburg,3.48,3.84,4.21,4.96,3.52,3.9,4.28,4.97,3.68,4.06,4.48,5.06,4.36,4.81,5.12,5.44,3.14,3.58,3.9,3.46
2026-06-15,WA,Bellingham,5.39,5.65,6.01,6.02,5.4,5.65,5.98,6.08,5.52,5.85,5.94,6.26,5.73,5.95,6.25,6.55,4.33,4.58,4.89,4.64
2026-06-15,WA,Bremerton,5.7,5.91,6.12,6.39,5.71,5.96,6.19,6.49,5.79,6,6.24,6.54,5.88,6.14,6.38,6.85,4.5,4.72,4.99,4.75
2026-06-15,WA,Olympia,5.49,5.69,5.97,6.63,5.49,5.64,5.91,6.62,5.62,5.76,6,6.74,5.82,6.07,6.28,6.93,4.4,4.64,4.86,4.78
2026-06-15,WA,Richland-Kennewick-Pasco,5.15,5.41,5.68,6.04,5.17,5.43,5.71,6.06,5.25,5.52,5.78,6.22,5.44,5.71,5.99,6.67,4.09,4.34,4.59,4.53
2026-06-15,WA,Seattle-Bellevue-Everett,5.79,6.02,6.27,6.72,5.79,6.05,6.29,6.75,5.87,6.1,6.33,6.81,5.97,6.21,6.44,6.99,4.59,4.82,5.05,4.84
2026-06-15,WA,Spokane,5.01,5.28,5.57,6.09,5.04,5.32,5.58,6.13,5.19,5.44,5.73,6.26,5.39,5.64,5.91,6.55,3.9,4.15,4.4,4.47
2026-06-15,WA,Tacoma,5.62,5.85,6.13,6.61,5.64,5.88,6.14,6.63,5.74,5.95,6.2,6.73,5.87,6.08,6.34,6.93,4.44,4.68,4.91,4.8
2026-06-15,WA,Yakima,5.27,5.48,5.82,6.16,5.27,5.52,5.79,6.19,5.37,5.65,5.89,6.39,5.53,5.8,6.03,6.54,4.08,4.35,4.58,4.46
2026-06-15,WA,Vancouver,5.43,5.69,5.92,6.29,5.43,5.74,5.91,6.26,5.56,5.79,6.03,6.36,5.76,6,6.24,6.67,4.3,4.51,4.71,4.58
2026-06-15,WA,Clarkson,4.83,0,5.48,5.98,4.96,0,5.22,5.98,4.7,0,4.86,6.08,5.25,0,5.1,6.36,3.76,0,3.7,4.3
2026-06-15,WA,Longview,5.46,5.72,5.98,6.24,5.47,5.72,5.95,6.35,5.6,5.86,6.11,6.51,5.76,6.02,6.29,6.67,4.41,4.62,4.8,4.71
2026-06-15,WA,Mount Vernon-Anacortes,5.34,5.54,5.69,6.16,5.33,5.54,5.84,6.19,5.45,5.67,5.78,6.3,5.66,5.89,6.09,6.65,4.24,4.39,4.62,4.58
2026-06-15,WA,Walla Walla,5.32,5.68,6.02,6.39,5.35,5.64,6.08,6.44,5.46,5.82,6,6.42,5.54,5.8,6.1,6.84,4.35,4.54,4.76,4.68
2026-06-15,WA,Wenatchee,5.14,5.36,5.61,6.16,5.18,5.34,5.64,6.19,5.23,5.46,5.67,6.29,5.62,5.86,6.07,6.75,4.21,4.33,4.65,4.66
2026-06-15,WV,Charleston,4.11,4.55,5.02,5.2,4.12,4.58,5.04,5.21,4.24,4.67,5.18,5.27,4.53,4.98,5.46,5.82,3.06,3.51,3.96,3.31
2026-06-15,WV,Parkersburg-Marietta (WV only),4.02,4.47,4.9,4.9,4.03,4.47,4.92,4.9,4.19,4.62,5.06,5.15,4.58,5.02,5.47,5.87,2.95,3.39,3.84,3.3
2026-06-15,WV,Steubenville-Weirton (WV only),4.12,4.64,5.1,5.25,4.12,4.57,5.17,5.23,4.29,4.83,5.3,5.42,4.45,4.88,5.39,5.62,3.15,3.53,3.99,3.48
2026-06-15,WV,Wheeling (WV only),3.79,4.28,4.67,5.29,3.81,4.33,4.74,5.31,3.97,4.48,4.89,5.5,4.42,4.82,5.24,5.76,3.05,3.46,3.9,3.4
2026-06-15,WV,Beckley,4.32,4.84,5.16,5.24,4.33,4.8,5.17,5.29,4.42,4.9,5.32,5.42,4.63,5.09,5.48,5.92,3.1,3.55,3.99,3.56
2026-06-15,WV,Hampshire County,3.98,4.4,4.6,5.32,4,4.4,4.6,5.29,4.32,4.79,5.36,5.3,4.58,5.09,5.45,5.67,3.14,3.6,3.9,3.48
2026-06-15,WV,Huntington,4,4.4,4.86,4.82,4.03,4.42,4.87,4.85,4.17,4.53,5,4.98,4.64,5.07,5.52,5.88,3.06,3.49,3.92,3.43
2026-06-15,WV,Jefferson County,3.47,3.96,4.34,4.71,3.47,3.92,4.34,4.7,3.54,3.96,4.37,4.79,4.62,5.02,5.41,5.8,3.12,3.52,3.92,3.57
2026-06-15,WV,Mineral County,3.82,4.02,4.47,5.18,3.83,4.02,4.44,5.17,3.89,4.03,4.46,5.34,4.49,4.82,5.18,5.5,3.06,3.35,3.64,3.7
2026-06-15,WV,Morgantown,3.85,4.22,4.73,4.82,3.86,4.25,4.74,4.8,3.94,4.29,4.82,4.96,4.53,4.95,5.41,5.82,3.18,3.62,4.06,3.5
2026-06-15,WV,"Washington, DC (WV Only)",3.48,3.86,4.23,4.78,3.48,3.88,4.3,4.8,3.57,3.98,4.39,4.89,4.43,4.85,5.25,5.53,3.14,3.52,3.91,3.59
2026-06-15,WI,Eau Claire,3.88,4.37,4.94,5.04,3.9,4.37,4.93,5.01,3.96,4.43,5.04,5.2,4.32,4.69,5.37,5.4,2.86,3.22,3.78,3.3
2026-06-15,WI,Green Bay,3.91,4.5,5.09,5.09,3.91,4.52,5.1,5.11,4.03,4.71,5.21,5.35,4.6,5.1,5.72,5.94,2.9,3.41,3.9,3.27
2026-06-15,WI,Janesville-Beloit,3.85,4.39,4.95,5.02,3.86,4.38,4.99,5.04,4,4.54,5.14,5.16,4.63,5.12,5.67,5.94,2.84,3.35,3.85,3.25
2026-06-15,WI,Madison,3.91,4.54,5.08,5.1,3.91,4.54,5.1,5.12,3.99,4.59,5.16,5.28,4.62,5.13,5.76,5.96,2.92,3.52,3.97,3.29
2026-06-15,WI,Milwaukee-Waukesha,3.84,4.39,4.9,5.16,3.85,4.43,4.94,5.19,3.95,4.5,5.04,5.37,4.65,5.15,5.68,5.96,2.97,3.49,3.98,3.26
2026-06-15,WI,La Crosse (WI only),3.81,0,5.01,4.91,3.84,0,5.02,4.98,3.84,4.15,5.01,4.98,4.43,4.79,5.61,5.5,2.97,3.7,3.97,3.23
2026-06-15,WI,Appleton,3.89,4.46,5.07,5.06,3.91,4.48,5.08,5.1,3.99,4.59,5.16,5.36,4.6,5.02,5.69,5.87,2.87,3.42,3.9,3.23
2026-06-15,WI,Fond du Lac,3.68,4.36,4.91,4.93,3.69,4.35,4.89,4.97,3.72,4.38,4.92,5.12,4.54,5.08,5.7,5.92,2.89,3.49,3.98,3.22
2026-06-15,WI,Kenosha County,3.81,4.33,4.89,5.51,3.83,4.41,4.95,5.53,3.99,4.57,5.11,5.66,4.73,5.22,5.81,6.06,2.98,3.51,3.97,3.41
2026-06-15,WI,Oshkosh,3.88,4.4,5.03,5.04,3.89,4.45,5.04,5.05,3.98,4.51,5.1,5.26,4.58,5.1,5.7,5.92,2.9,3.44,3.89,3.26
2026-06-15,WI,Pierce -St. Croix County,3.9,4.33,4.96,5.13,3.91,4.32,4.92,5.14,4.04,4.52,5.06,5.19,4.43,4.83,5.42,5.52,3.02,3.48,3.97,3.47
2026-06-15,WI,Racine,3.8,4.39,4.85,5.23,3.81,4.4,4.89,5.25,3.9,4.43,4.95,5.39,4.64,5.12,5.7,6.04,3.03,3.48,4.02,3.3
2026-06-15,WI,Sheboygan,3.76,4.4,4.99,5.18,3.78,4.45,5,5.24,3.9,4.59,5.09,5.36,4.6,5.18,5.75,5.95,2.88,3.49,3.93,3.23
2026-06-15,WI,Superior,3.93,4.31,5.03,5.2,3.95,4.33,5.06,5.15,4.07,4.53,5.18,5.4,4.39,4.59,5.47,5.67,2.91,3.24,3.89,3.5
2026-06-15,WI,Wausau,3.79,4.45,4.95,5.1,3.8,4.53,5.01,5.13,3.9,4.42,5.05,5.33,4.6,5.08,5.74,5.79,2.94,3.57,3.98,3.3
2026-06-15,WY,Casper,4.06,4.4,4.71,4.99,4.07,4.41,4.71,5,4.15,4.48,4.8,5.13,4.36,4.7,5,5.39,2.79,3.12,3.42,3.23
2026-06-15,WY,Cheyenne,3.98,4.36,4.62,5,3.99,4.34,4.63,4.99,4.2,4.52,4.79,5.18,4.4,4.7,5,5.4,2.97,3.26,3.52,3.33
